2026-04-21 10:06:51,103 | INFO     | ============================================================
2026-04-21 10:06:51,117 | INFO     |   FOREX BOT STARTING
2026-04-21 10:06:51,117 | INFO     |   Symbols   : ['EURUSD', 'GBPUSD', 'USDJPY', 'XAUUSD']
2026-04-21 10:06:51,118 | INFO     |   Timeframe : M15
2026-04-21 10:06:51,118 | INFO     |   Risk/trade: 1.0%  |  Max DD: 10.0%
2026-04-21 10:06:51,123 | INFO     | ============================================================
2026-04-21 10:06:54,804 | INFO     | Training ML models (this may take a moment)...
2026-04-21 10:06:54,804 | WARNING  | [EURUSD] Insufficient history for training.
2026-04-21 10:06:54,804 | WARNING  | [GBPUSD] Insufficient history for training.
2026-04-21 10:06:54,805 | WARNING  | [USDJPY] Insufficient history for training.
2026-04-21 10:06:54,805 | WARNING  | [XAUUSD] Insufficient history for training.
2026-04-21 10:06:54,805 | INFO     | ML models ready.
2026-04-21 10:06:54,805 | INFO     | — scan complete — sleeping 60s —
2026-04-21 10:07:54,806 | INFO     | — scan complete — sleeping 60s —
2026-04-21 10:08:54,807 | INFO     | — scan complete — sleeping 60s —
2026-04-21 10:09:54,811 | INFO     | — scan complete — sleeping 60s —
2026-04-21 10:10:54,818 | INFO     | — scan complete — sleeping 60s —
2026-04-21 10:11:54,826 | INFO     | — scan complete — sleeping 60s —
2026-04-21 10:12:54,827 | INFO     | — scan complete — sleeping 60s —
2026-04-21 10:13:54,828 | INFO     | — scan complete — sleeping 60s —
2026-04-21 10:14:54,841 | INFO     | — scan complete — sleeping 60s —
2026-04-21 10:15:54,842 | INFO     | — scan complete — sleeping 60s —
2026-04-21 10:16:05,036 | INFO     | Bot stopped by user (Ctrl+C).
2026-04-21 10:16:05,036 | INFO     | MT5 disconnected. Goodbye.
2026-04-21 10:25:30,934 | INFO     | Mapped symbol EURUSD -> EURUSDm
2026-04-21 10:25:30,934 | INFO     | Mapped symbol GBPUSD -> GBPUSDm
2026-04-21 10:25:30,934 | INFO     | Mapped symbol USDJPY -> USDJPYm
2026-04-21 10:25:30,934 | INFO     | Mapped symbol XAUUSD -> XAUUSDm
2026-04-21 10:25:30,934 | INFO     | Connected | Account #413646889 | Balance: 144.81 | Equity: 144.81
2026-04-21 10:25:46,036 | INFO     | Mapped symbol EURUSD -> EURUSDm
2026-04-21 10:25:46,037 | INFO     | Mapped symbol GBPUSD -> GBPUSDm
2026-04-21 10:25:46,037 | INFO     | Mapped symbol USDJPY -> USDJPYm
2026-04-21 10:25:46,037 | INFO     | Mapped symbol XAUUSD -> XAUUSDm
2026-04-21 10:25:46,037 | INFO     | Connected | Account #413646889 | Balance: 144.81 | Equity: 144.81
2026-04-21 10:25:46,039 | INFO     | [XAUUSD] order_check retcode=10019 | comment=No money
2026-04-21 10:26:05,471 | INFO     | Mapped symbol EURUSD -> EURUSDm
2026-04-21 10:26:05,471 | INFO     | Mapped symbol GBPUSD -> GBPUSDm
2026-04-21 10:26:05,472 | INFO     | Mapped symbol USDJPY -> USDJPYm
2026-04-21 10:26:05,472 | INFO     | Mapped symbol XAUUSD -> XAUUSDm
2026-04-21 10:26:05,472 | INFO     | Connected | Account #413646889 | Balance: 144.81 | Equity: 144.81
2026-04-21 10:26:05,486 | INFO     | [XAUUSD] order_check retcode=0 | comment=Done
2026-04-21 10:26:11,010 | INFO     | Mapped symbol EURUSD -> EURUSDm
2026-04-21 10:26:11,010 | INFO     | Mapped symbol GBPUSD -> GBPUSDm
2026-04-21 10:26:11,011 | INFO     | Mapped symbol USDJPY -> USDJPYm
2026-04-21 10:26:11,011 | INFO     | Mapped symbol XAUUSD -> XAUUSDm
2026-04-21 10:26:11,011 | INFO     | Connected | Account #413646889 | Balance: 144.81 | Equity: 144.81
2026-04-21 10:26:13,290 | INFO     | [EURUSD] ML trained | val accuracy: 74.4%
2026-04-21 10:26:23,350 | INFO     | [BT EURUSD] overall_acc=1.67% | trade_acc=33.33% | trades=6/239
2026-04-21 10:26:27,642 | INFO     | [GBPUSD] ML trained | val accuracy: 68.3%
2026-04-21 10:26:37,745 | INFO     | [BT GBPUSD] overall_acc=1.67% | trade_acc=20.00% | trades=5/239
2026-04-21 10:26:41,689 | INFO     | [USDJPY] ML trained | val accuracy: 74.4%
2026-04-21 10:26:51,726 | INFO     | [BT USDJPY] overall_acc=2.93% | trade_acc=38.46% | trades=13/239
2026-04-21 10:26:55,937 | INFO     | [XAUUSD] ML trained | val accuracy: 38.4%
2026-04-21 10:27:05,974 | INFO     | [BT XAUUSD] overall_acc=10.88% | trade_acc=50.00% | trades=52/239
2026-04-21 11:06:38,115 | INFO     | Mapped symbol EURUSD -> EURUSDm
2026-04-21 11:06:38,115 | INFO     | Mapped symbol GBPUSD -> GBPUSDm
2026-04-21 11:06:38,116 | INFO     | Mapped symbol USDJPY -> USDJPYm
2026-04-21 11:06:38,116 | INFO     | Mapped symbol XAUUSD -> XAUUSDm
2026-04-21 11:06:38,116 | INFO     | Connected | Account #413646889 | Balance: 144.81 | Equity: 144.81
2026-04-21 11:06:40,924 | INFO     | [EURUSD] ML trained | val accuracy: 62.7%
2026-04-21 11:06:48,172 | INFO     | [BT EURUSD] overall_acc=2.09% | trade_acc=42.86% | trades=14/479
2026-04-21 11:06:50,984 | INFO     | [GBPUSD] ML trained | val accuracy: 53.6%
2026-04-21 11:06:58,243 | INFO     | [BT GBPUSD] overall_acc=4.38% | trade_acc=56.67% | trades=30/479
2026-04-21 11:07:01,059 | INFO     | [USDJPY] ML trained | val accuracy: 58.7%
2026-04-21 11:07:08,303 | INFO     | [BT USDJPY] overall_acc=2.71% | trade_acc=47.37% | trades=19/479
2026-04-21 11:07:11,115 | INFO     | [XAUUSD] ML trained | val accuracy: 44.9%
2026-04-21 11:07:18,283 | INFO     | [BT XAUUSD] overall_acc=7.10% | trade_acc=50.75% | trades=67/479
2026-04-21 11:07:45,615 | INFO     | ============================================================
2026-04-21 11:07:45,615 | INFO     |   FOREX BOT STARTING
2026-04-21 11:07:45,615 | INFO     |   Symbols   : ['EURUSD', 'GBPUSD', 'USDJPY', 'XAUUSD']
2026-04-21 11:07:45,615 | INFO     |   Timeframe : M15
2026-04-21 11:07:45,615 | INFO     |   Risk/trade: 1.0%  |  Max DD: 10.0%
2026-04-21 11:07:45,615 | INFO     | ============================================================
2026-04-21 11:07:45,628 | INFO     | Mapped symbol EURUSD -> EURUSDm
2026-04-21 11:07:45,629 | INFO     | Mapped symbol GBPUSD -> GBPUSDm
2026-04-21 11:07:45,629 | INFO     | Mapped symbol USDJPY -> USDJPYm
2026-04-21 11:07:45,629 | INFO     | Mapped symbol XAUUSD -> XAUUSDm
2026-04-21 11:07:45,629 | INFO     | Connected | Account #413646889 | Balance: 144.81 | Equity: 144.81
2026-04-21 11:07:45,629 | INFO     | Training ML models (this may take a moment)...
2026-04-21 11:07:47,675 | INFO     | [EURUSD] ML trained | val accuracy: 69.4%
2026-04-21 11:07:49,794 | INFO     | [GBPUSD] ML trained | val accuracy: 57.7%
2026-04-21 11:07:51,811 | INFO     | [USDJPY] ML trained | val accuracy: 58.2%
2026-04-21 11:07:53,846 | INFO     | [XAUUSD] ML trained | val accuracy: 38.3%
2026-04-21 11:07:53,873 | INFO     | ML models ready.
2026-04-21 11:07:53,896 | INFO     | [EURUSD] TA=HOLD(B:3/S:1) | ML=HOLD(97%) | FINAL=HOLD
2026-04-21 11:07:53,913 | INFO     | [GBPUSD] TA=HOLD(B:3/S:3) | ML=HOLD(82%) | FINAL=HOLD
2026-04-21 11:07:53,929 | INFO     | [USDJPY] TA=BUY(B:7/S:2) | ML=HOLD(96%) | FINAL=HOLD
2026-04-21 11:07:53,945 | INFO     | [XAUUSD] TA=SELL(B:1/S:5) | ML=HOLD(62%) | FINAL=HOLD
2026-04-21 11:07:53,946 | INFO     | — scan complete — sleeping 60s —
2026-04-21 11:08:54,011 | INFO     | [EURUSD] TA=HOLD(B:3/S:1) | ML=HOLD(96%) | FINAL=HOLD
2026-04-21 11:08:54,040 | INFO     | [GBPUSD] TA=HOLD(B:3/S:4) | ML=HOLD(90%) | FINAL=HOLD
2026-04-21 11:08:54,059 | INFO     | [USDJPY] TA=BUY(B:7/S:2) | ML=HOLD(96%) | FINAL=HOLD
2026-04-21 11:08:54,086 | INFO     | [XAUUSD] TA=SELL(B:1/S:5) | ML=HOLD(47%) | FINAL=SELL
2026-04-21 11:08:54,185 | INFO     | ORDER OK SELL XAUUSD | lot=0.54 | price=4795.63600 | SL=4796.24400 | TP=4795.03600
2026-04-21 11:08:54,185 | INFO     | — scan complete — sleeping 60s —
2026-04-21 11:09:54,187 | ERROR    | Max drawdown exceeded: 24.24%
2026-04-21 11:09:54,187 | ERROR    | Bot stopping due to drawdown limit.
2026-04-21 11:09:54,187 | INFO     | MT5 disconnected. Goodbye.
2026-04-21 11:13:17,913 | INFO     | ============================================================
2026-04-21 11:13:17,913 | INFO     |   FOREX BOT STARTING
2026-04-21 11:13:17,914 | INFO     |   Symbols   : ['EURUSD', 'GBPUSD', 'USDJPY']
2026-04-21 11:13:17,914 | INFO     |   Timeframe : M15
2026-04-21 11:13:17,915 | INFO     |   Risk/trade: 1.0%  |  Max DD: 10.0%
2026-04-21 11:13:17,915 | INFO     | ============================================================
2026-04-21 11:13:17,929 | INFO     | Mapped symbol EURUSD -> EURUSDm
2026-04-21 11:13:17,930 | INFO     | Mapped symbol GBPUSD -> GBPUSDm
2026-04-21 11:13:17,930 | INFO     | Mapped symbol USDJPY -> USDJPYm
2026-04-21 11:13:17,930 | INFO     | Connected | Account #413646889 | Balance: 109.71 | Equity: 109.71
2026-04-21 11:13:17,930 | INFO     | Training ML models (this may take a moment)...
2026-04-21 11:13:19,971 | INFO     | [EURUSD] ML trained | val accuracy: 69.4%
2026-04-21 11:13:22,056 | INFO     | [GBPUSD] ML trained | val accuracy: 57.7%
2026-04-21 11:13:24,140 | INFO     | [USDJPY] ML trained | val accuracy: 58.2%
2026-04-21 11:13:24,150 | INFO     | ML models ready.
2026-04-21 11:13:24,169 | INFO     | [EURUSD] TA=HOLD(B:3/S:1) | ML=HOLD(90%) | FINAL=HOLD
2026-04-21 11:13:24,185 | INFO     | [GBPUSD] TA=HOLD(B:2/S:4) | ML=HOLD(86%) | FINAL=HOLD
2026-04-21 11:13:24,202 | INFO     | [USDJPY] TA=BUY(B:7/S:2) | ML=HOLD(88%) | FINAL=HOLD
2026-04-21 11:13:24,202 | INFO     | — scan complete — sleeping 60s —
2026-04-21 11:14:24,219 | INFO     | [EURUSD] TA=HOLD(B:3/S:1) | ML=HOLD(95%) | FINAL=HOLD
2026-04-21 11:14:24,234 | INFO     | [GBPUSD] TA=HOLD(B:2/S:4) | ML=HOLD(74%) | FINAL=HOLD
2026-04-21 11:14:24,250 | INFO     | [USDJPY] TA=BUY(B:7/S:2) | ML=HOLD(85%) | FINAL=HOLD
2026-04-21 11:14:24,250 | INFO     | — scan complete — sleeping 60s —
2026-04-21 11:15:24,266 | INFO     | [EURUSD] TA=HOLD(B:2/S:2) | ML=HOLD(70%) | FINAL=HOLD
2026-04-21 11:15:24,282 | INFO     | [GBPUSD] TA=HOLD(B:2/S:4) | ML=HOLD(40%) | FINAL=HOLD
2026-04-21 11:15:24,299 | INFO     | [USDJPY] TA=BUY(B:7/S:2) | ML=HOLD(50%) | FINAL=BUY
2026-04-21 11:15:24,423 | ERROR    | Order failed [USDJPY]: ForexBot_v1 (code 10019)
2026-04-21 11:15:24,423 | INFO     | — scan complete — sleeping 60s —
2026-04-21 11:16:24,440 | INFO     | [EURUSD] TA=HOLD(B:2/S:2) | ML=HOLD(64%) | FINAL=HOLD
2026-04-21 11:16:24,456 | INFO     | [GBPUSD] TA=HOLD(B:3/S:4) | ML=HOLD(87%) | FINAL=HOLD
2026-04-21 11:16:24,472 | INFO     | [USDJPY] TA=BUY(B:7/S:2) | ML=HOLD(51%) | FINAL=HOLD
2026-04-21 11:16:24,472 | INFO     | — scan complete — sleeping 60s —
2026-04-21 11:17:24,488 | INFO     | [EURUSD] TA=HOLD(B:2/S:1) | ML=HOLD(49%) | FINAL=HOLD
2026-04-21 11:17:24,506 | INFO     | [GBPUSD] TA=HOLD(B:2/S:4) | ML=HOLD(90%) | FINAL=HOLD
2026-04-21 11:17:24,522 | INFO     | [USDJPY] TA=BUY(B:5/S:2) | ML=HOLD(76%) | FINAL=HOLD
2026-04-21 11:17:24,522 | INFO     | — scan complete — sleeping 60s —
2026-04-21 11:18:24,538 | INFO     | [EURUSD] TA=HOLD(B:2/S:1) | ML=HOLD(76%) | FINAL=HOLD
2026-04-21 11:18:24,557 | INFO     | [GBPUSD] TA=HOLD(B:2/S:4) | ML=HOLD(93%) | FINAL=HOLD
2026-04-21 11:18:24,574 | INFO     | [USDJPY] TA=BUY(B:6/S:2) | ML=HOLD(79%) | FINAL=HOLD
2026-04-21 11:18:24,582 | INFO     | — scan complete — sleeping 60s —
2026-04-21 11:19:24,600 | INFO     | [EURUSD] TA=HOLD(B:2/S:1) | ML=HOLD(74%) | FINAL=HOLD
2026-04-21 11:19:24,630 | INFO     | [GBPUSD] TA=HOLD(B:2/S:4) | ML=HOLD(85%) | FINAL=HOLD
2026-04-21 11:19:24,647 | INFO     | [USDJPY] TA=BUY(B:5/S:2) | ML=HOLD(74%) | FINAL=HOLD
2026-04-21 11:19:24,651 | INFO     | — scan complete — sleeping 60s —
2026-04-21 11:20:24,670 | INFO     | [EURUSD] TA=HOLD(B:2/S:1) | ML=HOLD(69%) | FINAL=HOLD
2026-04-21 11:20:24,759 | INFO     | [GBPUSD] TA=HOLD(B:3/S:4) | ML=HOLD(68%) | FINAL=HOLD
2026-04-21 11:20:24,775 | INFO     | [USDJPY] TA=BUY(B:5/S:2) | ML=HOLD(86%) | FINAL=HOLD
2026-04-21 11:20:24,776 | INFO     | — scan complete — sleeping 60s —
2026-04-21 11:21:24,794 | INFO     | [EURUSD] TA=HOLD(B:2/S:1) | ML=HOLD(86%) | FINAL=HOLD
2026-04-21 11:21:24,812 | INFO     | [GBPUSD] TA=HOLD(B:3/S:4) | ML=HOLD(56%) | FINAL=HOLD
2026-04-21 11:21:24,828 | INFO     | [USDJPY] TA=BUY(B:5/S:2) | ML=HOLD(85%) | FINAL=HOLD
2026-04-21 11:21:24,828 | INFO     | — scan complete — sleeping 60s —
2026-04-21 11:22:24,844 | INFO     | [EURUSD] TA=HOLD(B:2/S:1) | ML=HOLD(89%) | FINAL=HOLD
2026-04-21 11:22:24,860 | INFO     | [GBPUSD] TA=HOLD(B:3/S:4) | ML=HOLD(88%) | FINAL=HOLD
2026-04-21 11:22:24,877 | INFO     | [USDJPY] TA=BUY(B:5/S:2) | ML=HOLD(88%) | FINAL=HOLD
2026-04-21 11:22:24,877 | INFO     | — scan complete — sleeping 60s —
2026-04-21 11:23:24,894 | INFO     | [EURUSD] TA=HOLD(B:2/S:2) | ML=HOLD(90%) | FINAL=HOLD
2026-04-21 11:23:24,909 | INFO     | [GBPUSD] TA=HOLD(B:2/S:4) | ML=HOLD(95%) | FINAL=HOLD
2026-04-21 11:23:24,924 | INFO     | [USDJPY] TA=BUY(B:5/S:2) | ML=HOLD(93%) | FINAL=HOLD
2026-04-21 11:23:24,924 | INFO     | — scan complete — sleeping 60s —
2026-04-21 11:24:24,940 | INFO     | [EURUSD] TA=HOLD(B:2/S:2) | ML=HOLD(88%) | FINAL=HOLD
2026-04-21 11:24:24,973 | INFO     | [GBPUSD] TA=HOLD(B:2/S:4) | ML=HOLD(93%) | FINAL=HOLD
2026-04-21 11:24:25,003 | INFO     | [USDJPY] TA=BUY(B:5/S:2) | ML=HOLD(93%) | FINAL=HOLD
2026-04-21 11:24:25,028 | INFO     | — scan complete — sleeping 60s —
2026-04-21 11:25:25,044 | INFO     | [EURUSD] TA=HOLD(B:2/S:2) | ML=HOLD(91%) | FINAL=HOLD
2026-04-21 11:25:25,060 | INFO     | [GBPUSD] TA=HOLD(B:2/S:4) | ML=HOLD(80%) | FINAL=HOLD
2026-04-21 11:25:25,075 | INFO     | [USDJPY] TA=BUY(B:5/S:2) | ML=HOLD(93%) | FINAL=HOLD
2026-04-21 11:25:25,075 | INFO     | — scan complete — sleeping 60s —
2026-04-21 11:26:25,092 | INFO     | [EURUSD] TA=HOLD(B:2/S:1) | ML=HOLD(81%) | FINAL=HOLD
2026-04-21 11:26:25,116 | INFO     | [GBPUSD] TA=HOLD(B:3/S:4) | ML=HOLD(80%) | FINAL=HOLD
2026-04-21 11:26:25,133 | INFO     | [USDJPY] TA=BUY(B:5/S:2) | ML=HOLD(92%) | FINAL=HOLD
2026-04-21 11:26:25,142 | INFO     | — scan complete — sleeping 60s —
2026-04-21 11:27:25,160 | INFO     | [EURUSD] TA=HOLD(B:2/S:1) | ML=HOLD(86%) | FINAL=HOLD
2026-04-21 11:27:25,176 | INFO     | [GBPUSD] TA=HOLD(B:3/S:4) | ML=HOLD(75%) | FINAL=HOLD
2026-04-21 11:27:25,191 | INFO     | [USDJPY] TA=HOLD(B:4/S:2) | ML=HOLD(97%) | FINAL=HOLD
2026-04-21 11:27:25,191 | INFO     | — scan complete — sleeping 60s —
2026-04-21 11:28:25,207 | INFO     | [EURUSD] TA=HOLD(B:2/S:1) | ML=HOLD(83%) | FINAL=HOLD
2026-04-21 11:28:25,222 | INFO     | [GBPUSD] TA=HOLD(B:3/S:4) | ML=HOLD(84%) | FINAL=HOLD
2026-04-21 11:28:25,239 | INFO     | [USDJPY] TA=HOLD(B:4/S:2) | ML=HOLD(97%) | FINAL=HOLD
2026-04-21 11:28:25,239 | INFO     | — scan complete — sleeping 60s —
2026-04-21 11:29:25,255 | INFO     | [EURUSD] TA=HOLD(B:2/S:1) | ML=HOLD(65%) | FINAL=HOLD
2026-04-21 11:29:25,270 | INFO     | [GBPUSD] TA=HOLD(B:2/S:4) | ML=HOLD(83%) | FINAL=HOLD
2026-04-21 11:29:25,286 | INFO     | [USDJPY] TA=HOLD(B:4/S:2) | ML=HOLD(96%) | FINAL=HOLD
2026-04-21 11:29:25,286 | INFO     | — scan complete — sleeping 60s —
2026-04-21 11:30:25,303 | INFO     | [EURUSD] TA=HOLD(B:3/S:1) | ML=HOLD(70%) | FINAL=HOLD
2026-04-21 11:30:25,320 | INFO     | [GBPUSD] TA=HOLD(B:2/S:4) | ML=HOLD(85%) | FINAL=HOLD
2026-04-21 11:30:25,343 | INFO     | [USDJPY] TA=BUY(B:5/S:2) | ML=HOLD(79%) | FINAL=HOLD
2026-04-21 11:30:25,344 | INFO     | — scan complete — sleeping 60s —
2026-04-21 11:31:25,360 | INFO     | [EURUSD] TA=HOLD(B:3/S:1) | ML=HOLD(86%) | FINAL=HOLD
2026-04-21 11:31:25,375 | INFO     | [GBPUSD] TA=HOLD(B:2/S:4) | ML=HOLD(83%) | FINAL=HOLD
2026-04-21 11:31:25,390 | INFO     | [USDJPY] TA=HOLD(B:4/S:3) | ML=HOLD(84%) | FINAL=HOLD
2026-04-21 11:31:25,390 | INFO     | — scan complete — sleeping 60s —
2026-04-21 11:32:25,406 | INFO     | [EURUSD] TA=HOLD(B:3/S:1) | ML=HOLD(75%) | FINAL=HOLD
2026-04-21 11:32:25,422 | INFO     | [GBPUSD] TA=HOLD(B:2/S:4) | ML=HOLD(95%) | FINAL=HOLD
2026-04-21 11:32:25,439 | INFO     | [USDJPY] TA=HOLD(B:4/S:3) | ML=HOLD(88%) | FINAL=HOLD
2026-04-21 11:32:25,439 | INFO     | — scan complete — sleeping 60s —
2026-04-21 11:33:25,455 | INFO     | [EURUSD] TA=HOLD(B:3/S:1) | ML=HOLD(79%) | FINAL=HOLD
2026-04-21 11:33:25,470 | INFO     | [GBPUSD] TA=HOLD(B:3/S:4) | ML=HOLD(88%) | FINAL=HOLD
2026-04-21 11:33:25,486 | INFO     | [USDJPY] TA=BUY(B:5/S:2) | ML=HOLD(92%) | FINAL=HOLD
2026-04-21 11:33:25,487 | INFO     | — scan complete — sleeping 60s —
2026-04-21 11:34:25,503 | INFO     | [EURUSD] TA=HOLD(B:3/S:1) | ML=HOLD(81%) | FINAL=HOLD
2026-04-21 11:34:25,519 | INFO     | [GBPUSD] TA=HOLD(B:3/S:3) | ML=HOLD(81%) | FINAL=HOLD
2026-04-21 11:34:25,536 | INFO     | [USDJPY] TA=BUY(B:6/S:2) | ML=HOLD(92%) | FINAL=HOLD
2026-04-21 11:34:25,548 | INFO     | — scan complete — sleeping 60s —
2026-04-21 11:35:25,567 | INFO     | [EURUSD] TA=HOLD(B:3/S:1) | ML=HOLD(81%) | FINAL=HOLD
2026-04-21 11:35:25,582 | INFO     | [GBPUSD] TA=HOLD(B:3/S:3) | ML=HOLD(81%) | FINAL=HOLD
2026-04-21 11:35:25,597 | INFO     | [USDJPY] TA=BUY(B:7/S:2) | ML=HOLD(94%) | FINAL=HOLD
2026-04-21 11:35:25,597 | INFO     | — scan complete — sleeping 60s —
2026-04-21 11:36:25,613 | INFO     | [EURUSD] TA=HOLD(B:3/S:1) | ML=HOLD(74%) | FINAL=HOLD
2026-04-21 11:36:25,629 | INFO     | [GBPUSD] TA=HOLD(B:3/S:3) | ML=HOLD(82%) | FINAL=HOLD
2026-04-21 11:36:25,647 | INFO     | [USDJPY] TA=BUY(B:5/S:3) | ML=HOLD(87%) | FINAL=HOLD
2026-04-21 11:36:25,647 | INFO     | — scan complete — sleeping 60s —
2026-04-21 11:37:25,663 | INFO     | [EURUSD] TA=HOLD(B:3/S:1) | ML=HOLD(79%) | FINAL=HOLD
2026-04-21 11:37:25,679 | INFO     | [GBPUSD] TA=HOLD(B:3/S:3) | ML=HOLD(70%) | FINAL=HOLD
2026-04-21 11:37:25,695 | INFO     | [USDJPY] TA=BUY(B:5/S:2) | ML=HOLD(77%) | FINAL=HOLD
2026-04-21 11:37:25,696 | INFO     | — scan complete — sleeping 60s —
2026-04-21 11:38:25,712 | INFO     | [EURUSD] TA=HOLD(B:3/S:1) | ML=HOLD(83%) | FINAL=HOLD
2026-04-21 11:38:25,727 | INFO     | [GBPUSD] TA=HOLD(B:3/S:4) | ML=HOLD(86%) | FINAL=HOLD
2026-04-21 11:38:25,743 | INFO     | [USDJPY] TA=BUY(B:5/S:2) | ML=HOLD(93%) | FINAL=HOLD
2026-04-21 11:38:25,744 | INFO     | — scan complete — sleeping 60s —
2026-04-21 11:39:25,761 | INFO     | [EURUSD] TA=HOLD(B:3/S:1) | ML=HOLD(76%) | FINAL=HOLD
2026-04-21 11:39:25,778 | INFO     | [GBPUSD] TA=HOLD(B:3/S:3) | ML=HOLD(84%) | FINAL=HOLD
2026-04-21 11:39:25,797 | INFO     | [USDJPY] TA=BUY(B:5/S:2) | ML=HOLD(88%) | FINAL=HOLD
2026-04-21 11:39:25,810 | INFO     | — scan complete — sleeping 60s —
2026-04-21 11:40:25,827 | INFO     | [EURUSD] TA=HOLD(B:3/S:1) | ML=HOLD(82%) | FINAL=HOLD
2026-04-21 11:40:25,846 | INFO     | [GBPUSD] TA=HOLD(B:3/S:3) | ML=HOLD(87%) | FINAL=HOLD
2026-04-21 11:40:25,863 | INFO     | [USDJPY] TA=BUY(B:5/S:2) | ML=HOLD(92%) | FINAL=HOLD
2026-04-21 11:40:25,863 | INFO     | — scan complete — sleeping 60s —
2026-04-21 11:41:25,879 | INFO     | [EURUSD] TA=HOLD(B:3/S:1) | ML=HOLD(81%) | FINAL=HOLD
2026-04-21 11:41:25,895 | INFO     | [GBPUSD] TA=HOLD(B:3/S:3) | ML=HOLD(86%) | FINAL=HOLD
2026-04-21 11:41:25,911 | INFO     | [USDJPY] TA=BUY(B:5/S:2) | ML=HOLD(94%) | FINAL=HOLD
2026-04-21 11:41:25,912 | INFO     | — scan complete — sleeping 60s —
2026-04-21 11:42:25,927 | INFO     | [EURUSD] TA=HOLD(B:3/S:1) | ML=HOLD(62%) | FINAL=HOLD
2026-04-21 11:42:25,942 | INFO     | [GBPUSD] TA=HOLD(B:3/S:3) | ML=HOLD(87%) | FINAL=HOLD
2026-04-21 11:42:25,958 | INFO     | [USDJPY] TA=BUY(B:5/S:2) | ML=HOLD(92%) | FINAL=HOLD
2026-04-21 11:42:25,959 | INFO     | — scan complete — sleeping 60s —
2026-04-21 11:43:25,975 | INFO     | [EURUSD] TA=HOLD(B:3/S:1) | ML=HOLD(74%) | FINAL=HOLD
2026-04-21 11:43:25,990 | INFO     | [GBPUSD] TA=HOLD(B:3/S:3) | ML=HOLD(85%) | FINAL=HOLD
2026-04-21 11:43:26,006 | INFO     | [USDJPY] TA=BUY(B:5/S:2) | ML=HOLD(95%) | FINAL=HOLD
2026-04-21 11:43:26,006 | INFO     | — scan complete — sleeping 60s —
2026-04-21 11:44:26,022 | INFO     | [EURUSD] TA=HOLD(B:3/S:1) | ML=HOLD(85%) | FINAL=HOLD
2026-04-21 11:44:26,037 | INFO     | [GBPUSD] TA=HOLD(B:3/S:3) | ML=HOLD(87%) | FINAL=HOLD
2026-04-21 11:44:26,052 | INFO     | [USDJPY] TA=BUY(B:5/S:2) | ML=HOLD(91%) | FINAL=HOLD
2026-04-21 11:44:26,053 | INFO     | — scan complete — sleeping 60s —
2026-04-21 11:45:26,069 | INFO     | [EURUSD] TA=HOLD(B:3/S:1) | ML=HOLD(69%) | FINAL=HOLD
2026-04-21 11:45:26,111 | INFO     | [GBPUSD] TA=HOLD(B:3/S:3) | ML=HOLD(93%) | FINAL=HOLD
2026-04-21 11:45:26,132 | INFO     | [USDJPY] TA=HOLD(B:4/S:3) | ML=HOLD(57%) | FINAL=HOLD
2026-04-21 11:45:26,133 | INFO     | — scan complete — sleeping 60s —
2026-04-21 11:46:26,149 | INFO     | [EURUSD] TA=HOLD(B:3/S:1) | ML=HOLD(68%) | FINAL=HOLD
2026-04-21 11:46:26,165 | INFO     | [GBPUSD] TA=HOLD(B:3/S:3) | ML=HOLD(84%) | FINAL=HOLD
2026-04-21 11:46:26,181 | INFO     | [USDJPY] TA=BUY(B:5/S:2) | ML=HOLD(91%) | FINAL=HOLD
2026-04-21 11:46:26,181 | INFO     | — scan complete — sleeping 60s —
2026-04-21 11:47:26,197 | INFO     | [EURUSD] TA=HOLD(B:3/S:1) | ML=HOLD(93%) | FINAL=HOLD
2026-04-21 11:47:26,212 | INFO     | [GBPUSD] TA=HOLD(B:3/S:4) | ML=HOLD(90%) | FINAL=HOLD
2026-04-21 11:47:26,228 | INFO     | [USDJPY] TA=BUY(B:5/S:2) | ML=HOLD(92%) | FINAL=HOLD
2026-04-21 11:47:26,271 | INFO     | — scan complete — sleeping 60s —
2026-04-21 11:48:26,289 | INFO     | [EURUSD] TA=HOLD(B:3/S:1) | ML=HOLD(95%) | FINAL=HOLD
2026-04-21 11:48:26,304 | INFO     | [GBPUSD] TA=HOLD(B:3/S:4) | ML=HOLD(93%) | FINAL=HOLD
2026-04-21 11:48:26,320 | INFO     | [USDJPY] TA=BUY(B:5/S:2) | ML=HOLD(97%) | FINAL=HOLD
2026-04-21 11:48:26,320 | INFO     | — scan complete — sleeping 60s —
2026-04-21 11:49:26,336 | INFO     | [EURUSD] TA=HOLD(B:3/S:1) | ML=HOLD(94%) | FINAL=HOLD
2026-04-21 11:49:26,363 | INFO     | [GBPUSD] TA=HOLD(B:3/S:4) | ML=HOLD(95%) | FINAL=HOLD
2026-04-21 11:49:26,378 | INFO     | [USDJPY] TA=BUY(B:5/S:2) | ML=HOLD(96%) | FINAL=HOLD
2026-04-21 11:49:26,379 | INFO     | — scan complete — sleeping 60s —
2026-04-21 11:50:26,396 | INFO     | [EURUSD] TA=HOLD(B:3/S:1) | ML=HOLD(94%) | FINAL=HOLD
2026-04-21 11:50:26,436 | INFO     | [GBPUSD] TA=HOLD(B:3/S:3) | ML=HOLD(94%) | FINAL=HOLD
2026-04-21 11:50:26,452 | INFO     | [USDJPY] TA=BUY(B:5/S:2) | ML=HOLD(96%) | FINAL=HOLD
2026-04-21 11:50:26,452 | INFO     | — scan complete — sleeping 60s —
2026-04-21 11:51:26,468 | INFO     | [EURUSD] TA=HOLD(B:1/S:4) | ML=HOLD(89%) | FINAL=HOLD
2026-04-21 11:51:26,493 | INFO     | [GBPUSD] TA=HOLD(B:2/S:4) | ML=HOLD(96%) | FINAL=HOLD
2026-04-21 11:51:26,525 | INFO     | [USDJPY] TA=HOLD(B:4/S:2) | ML=HOLD(96%) | FINAL=HOLD
2026-04-21 11:51:26,525 | INFO     | — scan complete — sleeping 60s —
2026-04-21 11:52:26,542 | INFO     | [EURUSD] TA=HOLD(B:3/S:1) | ML=HOLD(96%) | FINAL=HOLD
2026-04-21 11:52:26,564 | INFO     | [GBPUSD] TA=HOLD(B:3/S:4) | ML=HOLD(89%) | FINAL=HOLD
2026-04-21 11:52:26,583 | INFO     | [USDJPY] TA=BUY(B:5/S:2) | ML=HOLD(96%) | FINAL=HOLD
2026-04-21 11:52:26,585 | INFO     | — scan complete — sleeping 60s —
2026-04-21 11:53:26,602 | INFO     | [EURUSD] TA=HOLD(B:3/S:1) | ML=HOLD(96%) | FINAL=HOLD
2026-04-21 11:53:26,633 | INFO     | [GBPUSD] TA=HOLD(B:2/S:4) | ML=HOLD(80%) | FINAL=HOLD
2026-04-21 11:53:26,664 | INFO     | [USDJPY] TA=BUY(B:5/S:2) | ML=HOLD(94%) | FINAL=HOLD
2026-04-21 11:53:26,665 | INFO     | — scan complete — sleeping 60s —
2026-04-21 11:54:26,681 | INFO     | [EURUSD] TA=HOLD(B:3/S:1) | ML=HOLD(93%) | FINAL=HOLD
2026-04-21 11:54:26,697 | INFO     | [GBPUSD] TA=HOLD(B:2/S:4) | ML=HOLD(87%) | FINAL=HOLD
2026-04-21 11:54:26,711 | INFO     | [USDJPY] TA=BUY(B:5/S:2) | ML=HOLD(93%) | FINAL=HOLD
2026-04-21 11:54:26,712 | INFO     | — scan complete — sleeping 60s —
2026-04-21 11:55:26,727 | INFO     | [EURUSD] TA=HOLD(B:3/S:1) | ML=HOLD(95%) | FINAL=HOLD
2026-04-21 11:55:26,743 | INFO     | [GBPUSD] TA=HOLD(B:2/S:4) | ML=HOLD(86%) | FINAL=HOLD
2026-04-21 11:55:26,759 | INFO     | [USDJPY] TA=BUY(B:5/S:2) | ML=HOLD(90%) | FINAL=HOLD
2026-04-21 11:55:26,760 | INFO     | — scan complete — sleeping 60s —
2026-04-21 11:56:26,777 | INFO     | [EURUSD] TA=HOLD(B:3/S:2) | ML=HOLD(95%) | FINAL=HOLD
2026-04-21 11:56:26,793 | INFO     | [GBPUSD] TA=HOLD(B:2/S:4) | ML=HOLD(86%) | FINAL=HOLD
2026-04-21 11:56:26,810 | INFO     | [USDJPY] TA=BUY(B:5/S:2) | ML=HOLD(90%) | FINAL=HOLD
2026-04-21 11:56:26,810 | INFO     | — scan complete — sleeping 60s —
2026-04-21 11:57:26,826 | INFO     | [EURUSD] TA=HOLD(B:3/S:1) | ML=HOLD(94%) | FINAL=HOLD
2026-04-21 11:57:26,843 | INFO     | [GBPUSD] TA=HOLD(B:2/S:4) | ML=HOLD(85%) | FINAL=HOLD
2026-04-21 11:57:26,859 | INFO     | [USDJPY] TA=HOLD(B:4/S:3) | ML=HOLD(88%) | FINAL=HOLD
2026-04-21 11:57:26,859 | INFO     | — scan complete — sleeping 60s —
2026-04-21 11:58:26,875 | INFO     | [EURUSD] TA=HOLD(B:3/S:1) | ML=HOLD(92%) | FINAL=HOLD
2026-04-21 11:58:26,908 | INFO     | [GBPUSD] TA=HOLD(B:2/S:4) | ML=HOLD(87%) | FINAL=HOLD
2026-04-21 11:58:26,930 | INFO     | [USDJPY] TA=HOLD(B:4/S:3) | ML=HOLD(83%) | FINAL=HOLD
2026-04-21 11:58:26,933 | INFO     | — scan complete — sleeping 60s —
2026-04-21 11:59:26,951 | INFO     | [EURUSD] TA=HOLD(B:3/S:1) | ML=HOLD(87%) | FINAL=HOLD
2026-04-21 11:59:26,985 | INFO     | [GBPUSD] TA=HOLD(B:3/S:4) | ML=HOLD(88%) | FINAL=HOLD
2026-04-21 11:59:27,013 | INFO     | [USDJPY] TA=HOLD(B:4/S:3) | ML=HOLD(69%) | FINAL=HOLD
2026-04-21 11:59:27,019 | INFO     | — scan complete — sleeping 60s —
2026-04-21 12:00:27,145 | INFO     | [EURUSD] TA=HOLD(B:1/S:3) | ML=HOLD(70%) | FINAL=HOLD
2026-04-21 12:00:27,172 | INFO     | [GBPUSD] TA=HOLD(B:2/S:4) | ML=HOLD(58%) | FINAL=HOLD
2026-04-21 12:00:27,205 | INFO     | [USDJPY] TA=HOLD(B:4/S:3) | ML=HOLD(67%) | FINAL=HOLD
2026-04-21 12:00:27,206 | INFO     | — scan complete — sleeping 60s —
2026-04-21 12:01:27,221 | INFO     | [EURUSD] TA=HOLD(B:1/S:3) | ML=HOLD(89%) | FINAL=HOLD
2026-04-21 12:01:27,238 | INFO     | [GBPUSD] TA=HOLD(B:2/S:4) | ML=HOLD(87%) | FINAL=HOLD
2026-04-21 12:01:27,255 | INFO     | [USDJPY] TA=BUY(B:5/S:2) | ML=HOLD(78%) | FINAL=HOLD
2026-04-21 12:01:27,255 | INFO     | — scan complete — sleeping 60s —
2026-04-21 12:02:27,271 | INFO     | [EURUSD] TA=HOLD(B:1/S:4) | ML=HOLD(87%) | FINAL=HOLD
2026-04-21 12:02:27,288 | INFO     | [GBPUSD] TA=HOLD(B:2/S:4) | ML=HOLD(62%) | FINAL=HOLD
2026-04-21 12:02:27,303 | INFO     | [USDJPY] TA=BUY(B:5/S:2) | ML=HOLD(73%) | FINAL=HOLD
2026-04-21 12:02:27,303 | INFO     | — scan complete — sleeping 60s —
2026-04-21 12:03:27,320 | INFO     | [EURUSD] TA=HOLD(B:1/S:3) | ML=HOLD(97%) | FINAL=HOLD
2026-04-21 12:03:27,356 | INFO     | [GBPUSD] TA=HOLD(B:2/S:4) | ML=HOLD(71%) | FINAL=HOLD
2026-04-21 12:03:27,406 | INFO     | [USDJPY] TA=HOLD(B:4/S:3) | ML=HOLD(97%) | FINAL=HOLD
2026-04-21 12:03:27,426 | INFO     | — scan complete — sleeping 60s —
2026-04-21 12:04:27,460 | INFO     | [EURUSD] TA=HOLD(B:4/S:0) | ML=HOLD(95%) | FINAL=HOLD
2026-04-21 12:04:27,477 | INFO     | [GBPUSD] TA=SELL(B:2/S:5) | ML=HOLD(96%) | FINAL=HOLD
2026-04-21 12:04:27,493 | INFO     | [USDJPY] TA=HOLD(B:4/S:3) | ML=HOLD(98%) | FINAL=HOLD
2026-04-21 12:04:27,493 | INFO     | — scan complete — sleeping 60s —
2026-04-21 12:05:27,509 | INFO     | [EURUSD] TA=HOLD(B:1/S:3) | ML=HOLD(96%) | FINAL=HOLD
2026-04-21 12:05:27,538 | INFO     | [GBPUSD] TA=HOLD(B:2/S:4) | ML=HOLD(90%) | FINAL=HOLD
2026-04-21 12:05:27,555 | INFO     | [USDJPY] TA=HOLD(B:4/S:3) | ML=HOLD(95%) | FINAL=HOLD
2026-04-21 12:05:27,560 | INFO     | — scan complete — sleeping 60s —
2026-04-21 12:06:27,582 | INFO     | [EURUSD] TA=HOLD(B:1/S:3) | ML=HOLD(97%) | FINAL=HOLD
2026-04-21 12:06:27,600 | INFO     | [GBPUSD] TA=HOLD(B:2/S:4) | ML=HOLD(92%) | FINAL=HOLD
2026-04-21 12:06:27,616 | INFO     | [USDJPY] TA=BUY(B:5/S:3) | ML=HOLD(98%) | FINAL=HOLD
2026-04-21 12:06:27,616 | INFO     | — scan complete — sleeping 60s —
2026-04-21 12:07:27,632 | INFO     | [EURUSD] TA=HOLD(B:2/S:4) | ML=HOLD(97%) | FINAL=HOLD
2026-04-21 12:07:27,652 | INFO     | [GBPUSD] TA=HOLD(B:2/S:4) | ML=HOLD(74%) | FINAL=HOLD
2026-04-21 12:07:27,668 | INFO     | [USDJPY] TA=HOLD(B:4/S:3) | ML=HOLD(91%) | FINAL=HOLD
2026-04-21 12:07:27,669 | INFO     | — scan complete — sleeping 60s —
2026-04-21 12:08:27,685 | INFO     | [EURUSD] TA=HOLD(B:1/S:4) | ML=HOLD(94%) | FINAL=HOLD
2026-04-21 12:08:27,702 | INFO     | [GBPUSD] TA=HOLD(B:2/S:4) | ML=HOLD(82%) | FINAL=HOLD
2026-04-21 12:08:27,724 | INFO     | [USDJPY] TA=HOLD(B:4/S:3) | ML=HOLD(90%) | FINAL=HOLD
2026-04-21 12:08:27,737 | INFO     | — scan complete — sleeping 60s —
2026-04-21 12:09:27,777 | INFO     | [EURUSD] TA=HOLD(B:1/S:3) | ML=HOLD(93%) | FINAL=HOLD
2026-04-21 12:09:27,793 | INFO     | [GBPUSD] TA=HOLD(B:2/S:4) | ML=HOLD(91%) | FINAL=HOLD
2026-04-21 12:09:27,815 | INFO     | [USDJPY] TA=HOLD(B:4/S:3) | ML=HOLD(82%) | FINAL=HOLD
2026-04-21 12:09:27,828 | INFO     | — scan complete — sleeping 60s —
2026-04-21 12:10:27,861 | INFO     | [EURUSD] TA=HOLD(B:1/S:4) | ML=HOLD(96%) | FINAL=HOLD
2026-04-21 12:10:27,876 | INFO     | [GBPUSD] TA=HOLD(B:2/S:4) | ML=HOLD(85%) | FINAL=HOLD
2026-04-21 12:10:27,893 | INFO     | [USDJPY] TA=HOLD(B:4/S:3) | ML=HOLD(82%) | FINAL=HOLD
2026-04-21 12:10:27,893 | INFO     | — scan complete — sleeping 60s —
2026-04-21 12:11:27,909 | INFO     | [EURUSD] TA=HOLD(B:1/S:4) | ML=HOLD(95%) | FINAL=HOLD
2026-04-21 12:11:27,942 | INFO     | [GBPUSD] TA=HOLD(B:2/S:4) | ML=HOLD(82%) | FINAL=HOLD
2026-04-21 12:11:27,984 | INFO     | [USDJPY] TA=HOLD(B:4/S:3) | ML=HOLD(81%) | FINAL=HOLD
2026-04-21 12:11:27,998 | INFO     | — scan complete — sleeping 60s —
2026-04-21 12:12:28,021 | INFO     | [EURUSD] TA=HOLD(B:1/S:3) | ML=HOLD(92%) | FINAL=HOLD
2026-04-21 12:12:28,050 | INFO     | [GBPUSD] TA=HOLD(B:2/S:4) | ML=HOLD(74%) | FINAL=HOLD
2026-04-21 12:12:28,070 | INFO     | [USDJPY] TA=HOLD(B:4/S:3) | ML=HOLD(85%) | FINAL=HOLD
2026-04-21 12:12:28,071 | INFO     | — scan complete — sleeping 60s —
2026-04-21 12:13:28,087 | INFO     | [EURUSD] TA=HOLD(B:1/S:3) | ML=HOLD(94%) | FINAL=HOLD
2026-04-21 12:13:28,102 | INFO     | [GBPUSD] TA=HOLD(B:2/S:4) | ML=HOLD(72%) | FINAL=HOLD
2026-04-21 12:13:28,118 | INFO     | [USDJPY] TA=HOLD(B:4/S:3) | ML=HOLD(94%) | FINAL=HOLD
2026-04-21 12:13:28,118 | INFO     | — scan complete — sleeping 60s —
2026-04-21 12:14:28,134 | INFO     | [EURUSD] TA=HOLD(B:4/S:0) | ML=HOLD(93%) | FINAL=HOLD
2026-04-21 12:14:28,166 | INFO     | [GBPUSD] TA=HOLD(B:2/S:4) | ML=HOLD(76%) | FINAL=HOLD
2026-04-21 12:14:28,184 | INFO     | [USDJPY] TA=BUY(B:6/S:3) | ML=HOLD(98%) | FINAL=HOLD
2026-04-21 12:14:28,184 | INFO     | — scan complete — sleeping 60s —
2026-04-21 12:15:28,201 | INFO     | [EURUSD] TA=HOLD(B:2/S:2) | ML=HOLD(44%) | FINAL=HOLD
2026-04-21 12:15:28,217 | INFO     | [GBPUSD] TA=HOLD(B:2/S:4) | ML=HOLD(41%) | FINAL=HOLD
2026-04-21 12:15:28,232 | INFO     | [USDJPY] TA=BUY(B:5/S:2) | ML=HOLD(68%) | FINAL=HOLD
2026-04-21 12:15:28,232 | INFO     | — scan complete — sleeping 60s —
2026-04-21 12:16:28,248 | INFO     | [EURUSD] TA=HOLD(B:2/S:2) | ML=HOLD(69%) | FINAL=HOLD
2026-04-21 12:16:28,264 | INFO     | [GBPUSD] TA=HOLD(B:2/S:4) | ML=HOLD(87%) | FINAL=HOLD
2026-04-21 12:16:28,280 | INFO     | [USDJPY] TA=BUY(B:6/S:2) | ML=HOLD(67%) | FINAL=HOLD
2026-04-21 12:16:28,280 | INFO     | — scan complete — sleeping 60s —
2026-04-21 12:17:28,296 | INFO     | [EURUSD] TA=HOLD(B:1/S:3) | ML=HOLD(77%) | FINAL=HOLD
2026-04-21 12:17:28,312 | INFO     | [GBPUSD] TA=HOLD(B:2/S:4) | ML=HOLD(49%) | FINAL=HOLD
2026-04-21 12:17:28,329 | INFO     | [USDJPY] TA=BUY(B:6/S:2) | ML=HOLD(78%) | FINAL=HOLD
2026-04-21 12:17:28,329 | INFO     | — scan complete — sleeping 60s —
2026-04-21 12:18:28,345 | INFO     | [EURUSD] TA=HOLD(B:1/S:3) | ML=HOLD(83%) | FINAL=HOLD
2026-04-21 12:18:28,362 | INFO     | [GBPUSD] TA=HOLD(B:2/S:4) | ML=HOLD(57%) | FINAL=HOLD
2026-04-21 12:18:28,378 | INFO     | [USDJPY] TA=BUY(B:5/S:2) | ML=HOLD(84%) | FINAL=HOLD
2026-04-21 12:18:28,379 | INFO     | — scan complete — sleeping 60s —
2026-04-21 12:19:28,394 | INFO     | [EURUSD] TA=HOLD(B:1/S:3) | ML=HOLD(76%) | FINAL=HOLD
2026-04-21 12:19:28,427 | INFO     | [GBPUSD] TA=HOLD(B:2/S:4) | ML=HOLD(79%) | FINAL=HOLD
2026-04-21 12:19:28,452 | INFO     | [USDJPY] TA=BUY(B:6/S:2) | ML=HOLD(96%) | FINAL=HOLD
2026-04-21 12:19:28,453 | INFO     | — scan complete — sleeping 60s —
2026-04-21 12:20:28,475 | INFO     | [EURUSD] TA=HOLD(B:1/S:4) | ML=HOLD(57%) | FINAL=HOLD
2026-04-21 12:20:28,492 | INFO     | [GBPUSD] TA=HOLD(B:3/S:4) | ML=HOLD(60%) | FINAL=HOLD
2026-04-21 12:20:28,509 | INFO     | [USDJPY] TA=BUY(B:5/S:2) | ML=HOLD(93%) | FINAL=HOLD
2026-04-21 12:20:28,509 | INFO     | — scan complete — sleeping 60s —
2026-04-21 12:21:28,525 | INFO     | [EURUSD] TA=HOLD(B:1/S:4) | ML=HOLD(70%) | FINAL=HOLD
2026-04-21 12:21:28,541 | INFO     | [GBPUSD] TA=HOLD(B:3/S:4) | ML=BUY(50%) | FINAL=HOLD
2026-04-21 12:21:28,557 | INFO     | [USDJPY] TA=BUY(B:5/S:2) | ML=HOLD(92%) | FINAL=HOLD
2026-04-21 12:21:28,558 | INFO     | — scan complete — sleeping 60s —
2026-04-21 12:22:28,573 | INFO     | [EURUSD] TA=HOLD(B:1/S:4) | ML=HOLD(77%) | FINAL=HOLD
2026-04-21 12:22:28,589 | INFO     | [GBPUSD] TA=HOLD(B:3/S:4) | ML=BUY(46%) | FINAL=HOLD
2026-04-21 12:22:28,605 | INFO     | [USDJPY] TA=BUY(B:5/S:2) | ML=HOLD(90%) | FINAL=HOLD
2026-04-21 12:22:28,605 | INFO     | — scan complete — sleeping 60s —
2026-04-21 12:23:28,621 | INFO     | [EURUSD] TA=HOLD(B:1/S:4) | ML=HOLD(85%) | FINAL=HOLD
2026-04-21 12:23:28,637 | INFO     | [GBPUSD] TA=HOLD(B:3/S:4) | ML=HOLD(53%) | FINAL=HOLD
2026-04-21 12:23:28,652 | INFO     | [USDJPY] TA=BUY(B:5/S:2) | ML=HOLD(88%) | FINAL=HOLD
2026-04-21 12:23:28,653 | INFO     | — scan complete — sleeping 60s —
2026-04-21 12:24:28,669 | INFO     | [EURUSD] TA=HOLD(B:1/S:4) | ML=HOLD(83%) | FINAL=HOLD
2026-04-21 12:24:28,697 | INFO     | [GBPUSD] TA=HOLD(B:3/S:4) | ML=BUY(49%) | FINAL=HOLD
2026-04-21 12:24:28,719 | INFO     | [USDJPY] TA=BUY(B:5/S:2) | ML=HOLD(83%) | FINAL=HOLD
2026-04-21 12:24:28,739 | INFO     | — scan complete — sleeping 60s —
2026-04-21 12:25:28,763 | INFO     | [EURUSD] TA=HOLD(B:1/S:3) | ML=HOLD(88%) | FINAL=HOLD
2026-04-21 12:25:28,779 | INFO     | [GBPUSD] TA=HOLD(B:2/S:4) | ML=HOLD(70%) | FINAL=HOLD
2026-04-21 12:25:28,795 | INFO     | [USDJPY] TA=BUY(B:5/S:2) | ML=HOLD(83%) | FINAL=HOLD
2026-04-21 12:25:28,796 | INFO     | — scan complete — sleeping 60s —
2026-04-21 12:26:28,812 | INFO     | [EURUSD] TA=HOLD(B:1/S:3) | ML=HOLD(81%) | FINAL=HOLD
2026-04-21 12:26:28,827 | INFO     | [GBPUSD] TA=HOLD(B:2/S:4) | ML=HOLD(69%) | FINAL=HOLD
2026-04-21 12:26:28,842 | INFO     | [USDJPY] TA=BUY(B:6/S:2) | ML=HOLD(67%) | FINAL=HOLD
2026-04-21 12:26:28,842 | INFO     | — scan complete — sleeping 60s —
2026-04-21 12:27:28,858 | INFO     | [EURUSD] TA=HOLD(B:4/S:0) | ML=HOLD(76%) | FINAL=HOLD
2026-04-21 12:27:28,875 | INFO     | [GBPUSD] TA=HOLD(B:2/S:4) | ML=HOLD(55%) | FINAL=HOLD
2026-04-21 12:27:28,895 | INFO     | [USDJPY] TA=BUY(B:6/S:2) | ML=HOLD(49%) | FINAL=BUY
2026-04-21 12:27:29,758 | INFO     | ORDER OK BUY USDJPY | lot=0.58 | price=158.82700 | SL=158.51700 | TP=159.42700
2026-04-21 12:27:29,759 | INFO     | — scan complete — sleeping 60s —
2026-04-21 12:28:29,775 | INFO     | [EURUSD] TA=HOLD(B:4/S:0) | ML=HOLD(76%) | FINAL=HOLD
2026-04-21 12:28:29,794 | INFO     | [GBPUSD] TA=HOLD(B:2/S:4) | ML=HOLD(70%) | FINAL=HOLD
2026-04-21 12:28:29,795 | INFO     | [USDJPY] Position open — skipping.
2026-04-21 12:28:29,795 | INFO     | — scan complete — sleeping 60s —
2026-04-21 12:29:29,811 | INFO     | [EURUSD] TA=HOLD(B:2/S:2) | ML=HOLD(67%) | FINAL=HOLD
2026-04-21 12:29:29,826 | INFO     | [GBPUSD] TA=HOLD(B:2/S:4) | ML=HOLD(70%) | FINAL=HOLD
2026-04-21 12:29:29,827 | INFO     | [USDJPY] Position open — skipping.
2026-04-21 12:29:29,827 | INFO     | — scan complete — sleeping 60s —
2026-04-21 12:30:29,843 | INFO     | [EURUSD] TA=HOLD(B:1/S:3) | ML=HOLD(61%) | FINAL=HOLD
2026-04-21 12:30:29,868 | INFO     | [GBPUSD] TA=HOLD(B:3/S:3) | ML=HOLD(70%) | FINAL=HOLD
2026-04-21 12:30:29,874 | INFO     | [USDJPY] Position open — skipping.
2026-04-21 12:30:29,876 | INFO     | — scan complete — sleeping 60s —
2026-04-21 12:31:29,896 | INFO     | [EURUSD] TA=HOLD(B:1/S:3) | ML=HOLD(83%) | FINAL=HOLD
2026-04-21 12:31:30,035 | INFO     | [GBPUSD] TA=HOLD(B:2/S:4) | ML=HOLD(81%) | FINAL=HOLD
2026-04-21 12:31:30,042 | INFO     | [USDJPY] Position open — skipping.
2026-04-21 12:31:30,044 | INFO     | — scan complete — sleeping 60s —
2026-04-21 12:32:30,061 | INFO     | [EURUSD] TA=HOLD(B:1/S:3) | ML=HOLD(80%) | FINAL=HOLD
2026-04-21 12:32:30,094 | INFO     | [GBPUSD] TA=HOLD(B:2/S:4) | ML=HOLD(84%) | FINAL=HOLD
2026-04-21 12:32:30,094 | INFO     | [USDJPY] Position open — skipping.
2026-04-21 12:32:30,095 | INFO     | — scan complete — sleeping 60s —
2026-04-21 12:33:30,110 | INFO     | [EURUSD] TA=HOLD(B:1/S:3) | ML=HOLD(91%) | FINAL=HOLD
2026-04-21 12:33:30,130 | INFO     | [GBPUSD] TA=HOLD(B:3/S:4) | ML=HOLD(82%) | FINAL=HOLD
2026-04-21 12:33:30,131 | INFO     | [USDJPY] Position open — skipping.
2026-04-21 12:33:30,131 | INFO     | — scan complete — sleeping 60s —
2026-04-21 12:34:30,147 | INFO     | [EURUSD] TA=HOLD(B:1/S:3) | ML=HOLD(87%) | FINAL=HOLD
2026-04-21 12:34:30,178 | INFO     | [GBPUSD] TA=HOLD(B:3/S:4) | ML=HOLD(64%) | FINAL=HOLD
2026-04-21 12:34:30,178 | INFO     | [USDJPY] Position open — skipping.
2026-04-21 12:34:30,179 | INFO     | — scan complete — sleeping 60s —
2026-04-21 12:35:30,195 | INFO     | [EURUSD] TA=HOLD(B:1/S:4) | ML=HOLD(92%) | FINAL=HOLD
2026-04-21 12:35:30,210 | INFO     | [GBPUSD] TA=HOLD(B:3/S:4) | ML=HOLD(51%) | FINAL=HOLD
2026-04-21 12:35:30,210 | INFO     | [USDJPY] Position open — skipping.
2026-04-21 12:35:30,211 | INFO     | — scan complete — sleeping 60s —
2026-04-21 12:36:30,228 | INFO     | [EURUSD] TA=HOLD(B:1/S:4) | ML=HOLD(91%) | FINAL=HOLD
2026-04-21 12:36:30,259 | INFO     | [GBPUSD] TA=HOLD(B:3/S:4) | ML=HOLD(46%) | FINAL=HOLD
2026-04-21 12:36:30,260 | INFO     | [USDJPY] Position open — skipping.
2026-04-21 12:36:30,260 | INFO     | — scan complete — sleeping 60s —
2026-04-21 12:37:30,276 | INFO     | [EURUSD] TA=HOLD(B:2/S:4) | ML=HOLD(91%) | FINAL=HOLD
2026-04-21 12:37:30,301 | INFO     | [GBPUSD] TA=HOLD(B:3/S:4) | ML=HOLD(71%) | FINAL=HOLD
2026-04-21 12:37:30,301 | INFO     | [USDJPY] Position open — skipping.
2026-04-21 12:37:30,301 | INFO     | — scan complete — sleeping 60s —
2026-04-21 12:38:30,317 | INFO     | [EURUSD] TA=HOLD(B:1/S:4) | ML=HOLD(90%) | FINAL=HOLD
2026-04-21 12:38:30,333 | INFO     | [GBPUSD] TA=HOLD(B:3/S:4) | ML=HOLD(89%) | FINAL=HOLD
2026-04-21 12:38:30,334 | INFO     | [USDJPY] Position open — skipping.
2026-04-21 12:38:30,334 | INFO     | — scan complete — sleeping 60s —
2026-04-21 12:39:30,350 | INFO     | [EURUSD] TA=HOLD(B:3/S:4) | ML=HOLD(92%) | FINAL=HOLD
2026-04-21 12:39:30,397 | INFO     | [GBPUSD] TA=HOLD(B:3/S:4) | ML=HOLD(85%) | FINAL=HOLD
2026-04-21 12:39:30,398 | INFO     | [USDJPY] Position open — skipping.
2026-04-21 12:39:30,398 | INFO     | — scan complete — sleeping 60s —
2026-04-21 12:40:30,416 | INFO     | [EURUSD] TA=HOLD(B:1/S:3) | ML=HOLD(87%) | FINAL=HOLD
2026-04-21 12:40:30,447 | INFO     | [GBPUSD] TA=HOLD(B:3/S:4) | ML=HOLD(80%) | FINAL=HOLD
2026-04-21 12:40:30,447 | INFO     | [USDJPY] Position open — skipping.
2026-04-21 12:40:30,447 | INFO     | — scan complete — sleeping 60s —
2026-04-21 12:41:30,464 | INFO     | [EURUSD] TA=HOLD(B:1/S:3) | ML=HOLD(87%) | FINAL=HOLD
2026-04-21 12:41:30,482 | INFO     | [GBPUSD] TA=HOLD(B:3/S:4) | ML=HOLD(86%) | FINAL=HOLD
2026-04-21 12:41:30,482 | INFO     | [USDJPY] Position open — skipping.
2026-04-21 12:41:30,482 | INFO     | — scan complete — sleeping 60s —
2026-04-21 12:42:30,499 | INFO     | [EURUSD] TA=HOLD(B:1/S:3) | ML=HOLD(88%) | FINAL=HOLD
2026-04-21 12:42:30,516 | INFO     | [GBPUSD] TA=HOLD(B:2/S:4) | ML=HOLD(89%) | FINAL=HOLD
2026-04-21 12:42:30,517 | INFO     | [USDJPY] Position open — skipping.
2026-04-21 12:42:30,518 | INFO     | — scan complete — sleeping 60s —
2026-04-21 12:43:30,535 | INFO     | [EURUSD] TA=HOLD(B:1/S:3) | ML=HOLD(88%) | FINAL=HOLD
2026-04-21 12:43:30,555 | INFO     | [GBPUSD] TA=HOLD(B:2/S:4) | ML=HOLD(92%) | FINAL=HOLD
2026-04-21 12:43:30,557 | INFO     | [USDJPY] Position open — skipping.
2026-04-21 12:43:30,558 | INFO     | — scan complete — sleeping 60s —
2026-04-21 12:44:30,576 | INFO     | [EURUSD] TA=HOLD(B:1/S:3) | ML=HOLD(87%) | FINAL=HOLD
2026-04-21 12:44:30,593 | INFO     | [GBPUSD] TA=HOLD(B:3/S:4) | ML=HOLD(81%) | FINAL=HOLD
2026-04-21 12:44:30,594 | INFO     | [USDJPY] Position open — skipping.
2026-04-21 12:44:30,594 | INFO     | — scan complete — sleeping 60s —
2026-04-21 12:45:30,610 | INFO     | [EURUSD] TA=HOLD(B:2/S:2) | ML=HOLD(42%) | FINAL=HOLD
2026-04-21 12:45:30,640 | INFO     | [GBPUSD] TA=HOLD(B:4/S:3) | ML=SELL(64%) | FINAL=HOLD
2026-04-21 12:45:30,640 | INFO     | [USDJPY] Position open — skipping.
2026-04-21 12:45:30,640 | INFO     | — scan complete — sleeping 60s —
2026-04-21 12:46:30,657 | INFO     | [EURUSD] TA=HOLD(B:1/S:3) | ML=HOLD(60%) | FINAL=HOLD
2026-04-21 12:46:30,678 | INFO     | [GBPUSD] TA=HOLD(B:4/S:3) | ML=BUY(41%) | FINAL=HOLD
2026-04-21 12:46:30,718 | INFO     | [USDJPY] Position open — skipping.
2026-04-21 12:46:30,724 | INFO     | — scan complete — sleeping 60s —
2026-04-21 12:47:30,758 | INFO     | [EURUSD] TA=HOLD(B:1/S:3) | ML=HOLD(79%) | FINAL=HOLD
2026-04-21 12:47:30,781 | INFO     | [GBPUSD] TA=HOLD(B:4/S:3) | ML=SELL(39%) | FINAL=HOLD
2026-04-21 12:47:30,781 | INFO     | [USDJPY] Position open — skipping.
2026-04-21 12:47:30,782 | INFO     | — scan complete — sleeping 60s —
2026-04-21 12:48:30,798 | INFO     | [EURUSD] TA=HOLD(B:1/S:3) | ML=HOLD(79%) | FINAL=HOLD
2026-04-21 12:48:30,814 | INFO     | [GBPUSD] TA=HOLD(B:4/S:3) | ML=SELL(39%) | FINAL=HOLD
2026-04-21 12:48:30,814 | INFO     | [USDJPY] Position open — skipping.
2026-04-21 12:48:30,814 | INFO     | — scan complete — sleeping 60s —
2026-04-21 12:49:30,830 | INFO     | [EURUSD] TA=HOLD(B:2/S:2) | ML=HOLD(83%) | FINAL=HOLD
2026-04-21 12:49:30,853 | INFO     | [GBPUSD] TA=HOLD(B:4/S:3) | ML=HOLD(84%) | FINAL=HOLD
2026-04-21 12:49:30,854 | INFO     | [USDJPY] Position open — skipping.
2026-04-21 12:49:30,855 | INFO     | — scan complete — sleeping 60s —
2026-04-21 12:50:30,872 | INFO     | [EURUSD] TA=HOLD(B:2/S:2) | ML=HOLD(86%) | FINAL=HOLD
2026-04-21 12:50:30,896 | INFO     | [GBPUSD] TA=HOLD(B:4/S:3) | ML=HOLD(89%) | FINAL=HOLD
2026-04-21 12:50:30,911 | INFO     | [USDJPY] Position open — skipping.
2026-04-21 12:50:30,911 | INFO     | — scan complete — sleeping 60s —
2026-04-21 12:51:30,928 | INFO     | [EURUSD] TA=HOLD(B:2/S:2) | ML=HOLD(83%) | FINAL=HOLD
2026-04-21 12:51:30,944 | INFO     | [GBPUSD] TA=HOLD(B:3/S:3) | ML=HOLD(90%) | FINAL=HOLD
2026-04-21 12:51:30,945 | INFO     | [USDJPY] Position open — skipping.
2026-04-21 12:51:30,945 | INFO     | — scan complete — sleeping 60s —
2026-04-21 12:52:30,963 | INFO     | [EURUSD] TA=HOLD(B:2/S:2) | ML=HOLD(87%) | FINAL=HOLD
2026-04-21 12:52:31,078 | INFO     | [GBPUSD] TA=HOLD(B:3/S:3) | ML=HOLD(87%) | FINAL=HOLD
2026-04-21 12:52:31,120 | INFO     | [USDJPY] Position open — skipping.
2026-04-21 12:52:31,137 | INFO     | — scan complete — sleeping 60s —
2026-04-21 12:53:31,155 | INFO     | [EURUSD] TA=HOLD(B:2/S:2) | ML=HOLD(88%) | FINAL=HOLD
2026-04-21 12:53:31,173 | INFO     | [GBPUSD] TA=HOLD(B:3/S:3) | ML=HOLD(87%) | FINAL=HOLD
2026-04-21 12:53:31,173 | INFO     | [USDJPY] Position open — skipping.
2026-04-21 12:53:31,173 | INFO     | — scan complete — sleeping 60s —
2026-04-21 12:54:31,189 | INFO     | [EURUSD] TA=HOLD(B:1/S:3) | ML=HOLD(88%) | FINAL=HOLD
2026-04-21 12:54:31,209 | INFO     | [GBPUSD] TA=HOLD(B:4/S:3) | ML=HOLD(76%) | FINAL=HOLD
2026-04-21 12:54:31,210 | INFO     | [USDJPY] Position open — skipping.
2026-04-21 12:54:31,210 | INFO     | — scan complete — sleeping 60s —
2026-04-21 12:55:31,225 | INFO     | [EURUSD] TA=HOLD(B:2/S:2) | ML=HOLD(86%) | FINAL=HOLD
2026-04-21 12:55:31,248 | INFO     | [GBPUSD] TA=HOLD(B:3/S:3) | ML=HOLD(83%) | FINAL=HOLD
2026-04-21 12:55:31,249 | INFO     | [USDJPY] Position open — skipping.
2026-04-21 12:55:31,249 | INFO     | — scan complete — sleeping 60s —
2026-04-21 12:56:31,264 | INFO     | [EURUSD] TA=HOLD(B:2/S:2) | ML=HOLD(89%) | FINAL=HOLD
2026-04-21 12:56:31,286 | INFO     | [GBPUSD] TA=HOLD(B:3/S:3) | ML=HOLD(90%) | FINAL=HOLD
2026-04-21 12:56:31,286 | INFO     | [USDJPY] Position open — skipping.
2026-04-21 12:56:31,287 | INFO     | — scan complete — sleeping 60s —
2026-04-21 12:57:31,303 | INFO     | [EURUSD] TA=HOLD(B:1/S:2) | ML=HOLD(92%) | FINAL=HOLD
2026-04-21 12:57:31,329 | INFO     | [GBPUSD] TA=HOLD(B:3/S:3) | ML=HOLD(89%) | FINAL=HOLD
2026-04-21 12:57:31,330 | INFO     | [USDJPY] Position open — skipping.
2026-04-21 12:57:31,330 | INFO     | — scan complete — sleeping 60s —
2026-04-21 12:58:31,439 | INFO     | [EURUSD] TA=HOLD(B:1/S:2) | ML=HOLD(87%) | FINAL=HOLD
2026-04-21 12:58:31,459 | INFO     | [GBPUSD] TA=HOLD(B:3/S:3) | ML=HOLD(84%) | FINAL=HOLD
2026-04-21 12:58:31,460 | INFO     | [USDJPY] Position open — skipping.
2026-04-21 12:58:31,460 | INFO     | — scan complete — sleeping 60s —
2026-04-21 12:59:31,476 | INFO     | [EURUSD] TA=HOLD(B:2/S:2) | ML=HOLD(85%) | FINAL=HOLD
2026-04-21 12:59:31,494 | INFO     | [GBPUSD] TA=HOLD(B:3/S:3) | ML=HOLD(80%) | FINAL=HOLD
2026-04-21 12:59:31,495 | INFO     | [USDJPY] Position open — skipping.
2026-04-21 12:59:31,498 | INFO     | — scan complete — sleeping 60s —
2026-04-21 13:00:31,514 | INFO     | [EURUSD] TA=HOLD(B:2/S:2) | ML=HOLD(59%) | FINAL=HOLD
2026-04-21 13:00:31,530 | INFO     | [GBPUSD] TA=HOLD(B:3/S:3) | ML=HOLD(69%) | FINAL=HOLD
2026-04-21 13:00:31,530 | INFO     | [USDJPY] Position open — skipping.
2026-04-21 13:00:31,530 | INFO     | — scan complete — sleeping 60s —
2026-04-21 13:01:31,547 | INFO     | [EURUSD] TA=HOLD(B:1/S:3) | ML=HOLD(53%) | FINAL=HOLD
2026-04-21 13:01:31,563 | INFO     | [GBPUSD] TA=HOLD(B:3/S:3) | ML=HOLD(76%) | FINAL=HOLD
2026-04-21 13:01:31,563 | INFO     | [USDJPY] Position open — skipping.
2026-04-21 13:01:31,564 | INFO     | — scan complete — sleeping 60s —
2026-04-21 13:02:31,580 | INFO     | [EURUSD] TA=HOLD(B:1/S:3) | ML=HOLD(73%) | FINAL=HOLD
2026-04-21 13:02:31,596 | INFO     | [GBPUSD] TA=HOLD(B:3/S:3) | ML=HOLD(88%) | FINAL=HOLD
2026-04-21 13:02:31,597 | INFO     | [USDJPY] Position open — skipping.
2026-04-21 13:02:31,597 | INFO     | — scan complete — sleeping 60s —
2026-04-21 13:03:31,612 | INFO     | [EURUSD] TA=HOLD(B:1/S:3) | ML=HOLD(77%) | FINAL=HOLD
2026-04-21 13:03:31,628 | INFO     | [GBPUSD] TA=HOLD(B:3/S:3) | ML=HOLD(90%) | FINAL=HOLD
2026-04-21 13:03:31,629 | INFO     | [USDJPY] Position open — skipping.
2026-04-21 13:03:31,629 | INFO     | — scan complete — sleeping 60s —
2026-04-21 13:04:31,645 | INFO     | [EURUSD] TA=HOLD(B:1/S:3) | ML=HOLD(85%) | FINAL=HOLD
2026-04-21 13:04:31,661 | INFO     | [GBPUSD] TA=HOLD(B:3/S:3) | ML=HOLD(89%) | FINAL=HOLD
2026-04-21 13:04:31,666 | INFO     | [USDJPY] Position open — skipping.
2026-04-21 13:04:31,667 | INFO     | — scan complete — sleeping 60s —
2026-04-21 13:05:31,683 | INFO     | [EURUSD] TA=HOLD(B:1/S:4) | ML=HOLD(86%) | FINAL=HOLD
2026-04-21 13:05:31,699 | INFO     | [GBPUSD] TA=HOLD(B:3/S:3) | ML=HOLD(89%) | FINAL=HOLD
2026-04-21 13:05:31,700 | INFO     | [USDJPY] Position open — skipping.
2026-04-21 13:05:31,700 | INFO     | — scan complete — sleeping 60s —
2026-04-21 13:06:31,716 | INFO     | [EURUSD] TA=HOLD(B:1/S:4) | ML=HOLD(77%) | FINAL=HOLD
2026-04-21 13:06:31,734 | INFO     | [GBPUSD] TA=HOLD(B:4/S:3) | ML=HOLD(86%) | FINAL=HOLD
2026-04-21 13:06:31,735 | INFO     | [USDJPY] Position open — skipping.
2026-04-21 13:06:31,735 | INFO     | — scan complete — sleeping 60s —
2026-04-21 13:07:31,751 | INFO     | [EURUSD] TA=HOLD(B:1/S:3) | ML=HOLD(92%) | FINAL=HOLD
2026-04-21 13:07:31,767 | INFO     | [GBPUSD] TA=HOLD(B:4/S:3) | ML=HOLD(91%) | FINAL=HOLD
2026-04-21 13:07:31,774 | INFO     | [USDJPY] Position open — skipping.
2026-04-21 13:07:31,775 | INFO     | — scan complete — sleeping 60s —
2026-04-21 13:08:31,791 | INFO     | [EURUSD] TA=HOLD(B:4/S:3) | ML=HOLD(64%) | FINAL=HOLD
2026-04-21 13:08:31,806 | INFO     | [GBPUSD] TA=HOLD(B:4/S:3) | ML=HOLD(82%) | FINAL=HOLD
2026-04-21 13:08:31,807 | INFO     | [USDJPY] Position open — skipping.
2026-04-21 13:08:31,807 | INFO     | — scan complete — sleeping 60s —
2026-04-21 13:09:31,822 | INFO     | [EURUSD] TA=HOLD(B:4/S:3) | ML=HOLD(88%) | FINAL=HOLD
2026-04-21 13:09:31,841 | INFO     | [GBPUSD] TA=HOLD(B:4/S:3) | ML=HOLD(91%) | FINAL=HOLD
2026-04-21 13:09:31,843 | INFO     | [USDJPY] Position open — skipping.
2026-04-21 13:09:31,843 | INFO     | — scan complete — sleeping 60s —
2026-04-21 13:10:31,860 | INFO     | [EURUSD] TA=HOLD(B:3/S:3) | ML=HOLD(91%) | FINAL=HOLD
2026-04-21 13:10:31,876 | INFO     | [GBPUSD] TA=HOLD(B:4/S:3) | ML=HOLD(73%) | FINAL=HOLD
2026-04-21 13:10:31,877 | INFO     | [USDJPY] Position open — skipping.
2026-04-21 13:10:31,877 | INFO     | — scan complete — sleeping 60s —
2026-04-21 13:11:31,895 | INFO     | [EURUSD] TA=HOLD(B:4/S:3) | ML=HOLD(92%) | FINAL=HOLD
2026-04-21 13:11:31,913 | INFO     | [GBPUSD] TA=HOLD(B:4/S:3) | ML=HOLD(83%) | FINAL=HOLD
2026-04-21 13:11:31,913 | INFO     | [USDJPY] Position open — skipping.
2026-04-21 13:11:31,913 | INFO     | — scan complete — sleeping 60s —
2026-04-21 13:12:31,931 | INFO     | [EURUSD] TA=HOLD(B:1/S:4) | ML=HOLD(87%) | FINAL=HOLD
2026-04-21 13:12:31,948 | INFO     | [GBPUSD] TA=HOLD(B:3/S:3) | ML=HOLD(78%) | FINAL=HOLD
2026-04-21 13:12:31,971 | INFO     | [USDJPY] Position open — skipping.
2026-04-21 13:12:31,988 | INFO     | — scan complete — sleeping 60s —
2026-04-21 13:13:32,005 | INFO     | [EURUSD] TA=HOLD(B:1/S:4) | ML=HOLD(81%) | FINAL=HOLD
2026-04-21 13:13:32,021 | INFO     | [GBPUSD] TA=HOLD(B:3/S:3) | ML=HOLD(60%) | FINAL=HOLD
2026-04-21 13:13:32,021 | INFO     | [USDJPY] Position open — skipping.
2026-04-21 13:13:32,022 | INFO     | — scan complete — sleeping 60s —
2026-04-21 13:14:32,038 | INFO     | [EURUSD] TA=HOLD(B:2/S:3) | ML=HOLD(89%) | FINAL=HOLD
2026-04-21 13:14:32,055 | INFO     | [GBPUSD] TA=HOLD(B:3/S:3) | ML=BUY(67%) | FINAL=HOLD
2026-04-21 13:14:32,055 | INFO     | [USDJPY] Position open — skipping.
2026-04-21 13:14:32,056 | INFO     | — scan complete — sleeping 60s —
2026-04-21 13:15:32,073 | INFO     | [EURUSD] TA=HOLD(B:2/S:3) | ML=HOLD(58%) | FINAL=HOLD
2026-04-21 13:15:32,093 | INFO     | [GBPUSD] TA=HOLD(B:3/S:3) | ML=HOLD(40%) | FINAL=HOLD
2026-04-21 13:15:32,140 | INFO     | [USDJPY] Position open — skipping.
2026-04-21 13:15:32,171 | INFO     | — scan complete — sleeping 60s —
2026-04-21 13:16:32,199 | INFO     | [EURUSD] TA=HOLD(B:2/S:3) | ML=HOLD(55%) | FINAL=HOLD
2026-04-21 13:16:32,216 | INFO     | [GBPUSD] TA=HOLD(B:3/S:3) | ML=HOLD(63%) | FINAL=HOLD
2026-04-21 13:16:32,217 | INFO     | [USDJPY] Position open — skipping.
2026-04-21 13:16:32,217 | INFO     | — scan complete — sleeping 60s —
2026-04-21 13:17:32,234 | INFO     | [EURUSD] TA=HOLD(B:2/S:3) | ML=HOLD(83%) | FINAL=HOLD
2026-04-21 13:17:32,251 | INFO     | [GBPUSD] TA=HOLD(B:2/S:4) | ML=HOLD(87%) | FINAL=HOLD
2026-04-21 13:17:32,251 | INFO     | [USDJPY] Position open — skipping.
2026-04-21 13:17:32,251 | INFO     | — scan complete — sleeping 60s —
2026-04-21 13:18:32,267 | INFO     | [EURUSD] TA=HOLD(B:2/S:3) | ML=HOLD(84%) | FINAL=HOLD
2026-04-21 13:18:32,283 | INFO     | [GBPUSD] TA=HOLD(B:2/S:4) | ML=HOLD(96%) | FINAL=HOLD
2026-04-21 13:18:32,284 | INFO     | [USDJPY] Position open — skipping.
2026-04-21 13:18:32,284 | INFO     | — scan complete — sleeping 60s —
2026-04-21 13:19:32,301 | INFO     | [EURUSD] TA=HOLD(B:2/S:3) | ML=HOLD(84%) | FINAL=HOLD
2026-04-21 13:19:32,317 | INFO     | [GBPUSD] TA=HOLD(B:2/S:4) | ML=HOLD(96%) | FINAL=HOLD
2026-04-21 13:19:32,318 | INFO     | [USDJPY] Position open — skipping.
2026-04-21 13:19:32,318 | INFO     | — scan complete — sleeping 60s —
2026-04-21 13:20:32,334 | INFO     | [EURUSD] TA=HOLD(B:2/S:3) | ML=HOLD(70%) | FINAL=HOLD
2026-04-21 13:20:32,350 | INFO     | [GBPUSD] TA=HOLD(B:3/S:3) | ML=HOLD(92%) | FINAL=HOLD
2026-04-21 13:20:32,351 | INFO     | [USDJPY] Position open — skipping.
2026-04-21 13:20:32,351 | INFO     | — scan complete — sleeping 60s —
2026-04-21 13:21:32,367 | INFO     | [EURUSD] TA=HOLD(B:2/S:3) | ML=HOLD(77%) | FINAL=HOLD
2026-04-21 13:21:32,385 | INFO     | [GBPUSD] TA=HOLD(B:3/S:4) | ML=HOLD(62%) | FINAL=HOLD
2026-04-21 13:21:32,385 | INFO     | [USDJPY] Position open — skipping.
2026-04-21 13:21:32,385 | INFO     | — scan complete — sleeping 60s —
2026-04-21 13:22:32,401 | INFO     | [EURUSD] TA=HOLD(B:2/S:3) | ML=HOLD(79%) | FINAL=HOLD
2026-04-21 13:22:32,417 | INFO     | [GBPUSD] TA=HOLD(B:3/S:4) | ML=HOLD(65%) | FINAL=HOLD
2026-04-21 13:22:32,417 | INFO     | [USDJPY] Position open — skipping.
2026-04-21 13:22:32,417 | INFO     | — scan complete — sleeping 60s —
2026-04-21 13:23:32,434 | INFO     | [EURUSD] TA=HOLD(B:4/S:3) | ML=HOLD(73%) | FINAL=HOLD
2026-04-21 13:23:32,451 | INFO     | [GBPUSD] TA=HOLD(B:3/S:4) | ML=HOLD(64%) | FINAL=HOLD
2026-04-21 13:23:32,455 | INFO     | [USDJPY] Position open — skipping.
2026-04-21 13:23:32,455 | INFO     | — scan complete — sleeping 60s —
2026-04-21 13:24:32,471 | INFO     | [EURUSD] TA=HOLD(B:4/S:3) | ML=HOLD(48%) | FINAL=HOLD
2026-04-21 13:24:32,487 | INFO     | [GBPUSD] TA=SELL(B:2/S:5) | ML=HOLD(43%) | FINAL=SELL
2026-04-21 13:24:32,567 | INFO     | ORDER OK SELL GBPUSD | lot=0.01 | price=1.35137 | SL=1.35447 | TP=1.34537
2026-04-21 13:24:32,567 | INFO     | [USDJPY] Position open — skipping.
2026-04-21 13:24:32,567 | INFO     | — scan complete — sleeping 60s —
2026-04-21 13:25:32,583 | INFO     | [EURUSD] TA=HOLD(B:4/S:3) | ML=HOLD(75%) | FINAL=HOLD
2026-04-21 13:25:32,584 | INFO     | [GBPUSD] Position open — skipping.
2026-04-21 13:25:32,585 | INFO     | [USDJPY] Position open — skipping.
2026-04-21 13:25:32,587 | INFO     | — scan complete — sleeping 60s —
2026-04-21 13:26:32,604 | INFO     | [EURUSD] TA=HOLD(B:4/S:3) | ML=HOLD(44%) | FINAL=HOLD
2026-04-21 13:26:32,604 | INFO     | [GBPUSD] Position open — skipping.
2026-04-21 13:26:32,604 | INFO     | [USDJPY] Position open — skipping.
2026-04-21 13:26:32,605 | INFO     | — scan complete — sleeping 60s —
2026-04-21 13:27:32,623 | INFO     | [EURUSD] TA=HOLD(B:4/S:3) | ML=HOLD(77%) | FINAL=HOLD
2026-04-21 13:27:32,631 | INFO     | [GBPUSD] Position open — skipping.
2026-04-21 13:27:32,637 | INFO     | [USDJPY] Position open — skipping.
2026-04-21 13:27:32,637 | INFO     | — scan complete — sleeping 60s —
2026-04-21 13:28:32,653 | INFO     | [EURUSD] TA=HOLD(B:4/S:3) | ML=HOLD(51%) | FINAL=HOLD
2026-04-21 13:28:32,653 | INFO     | [GBPUSD] Position open — skipping.
2026-04-21 13:28:32,653 | INFO     | [USDJPY] Position open — skipping.
2026-04-21 13:28:32,653 | INFO     | — scan complete — sleeping 60s —
2026-04-21 13:29:32,669 | INFO     | [EURUSD] TA=HOLD(B:4/S:3) | ML=BUY(52%) | FINAL=HOLD
2026-04-21 13:29:32,669 | INFO     | [GBPUSD] Position open — skipping.
2026-04-21 13:29:32,669 | INFO     | [USDJPY] Position open — skipping.
2026-04-21 13:29:32,670 | INFO     | — scan complete — sleeping 60s —
2026-04-21 13:30:32,687 | INFO     | [EURUSD] TA=HOLD(B:4/S:5) | ML=HOLD(52%) | FINAL=HOLD
2026-04-21 13:30:32,687 | INFO     | [GBPUSD] Position open — skipping.
2026-04-21 13:30:32,687 | INFO     | [USDJPY] Position open — skipping.
2026-04-21 13:30:32,687 | INFO     | — scan complete — sleeping 60s —
2026-04-21 13:31:32,703 | INFO     | [EURUSD] TA=HOLD(B:4/S:5) | ML=HOLD(58%) | FINAL=HOLD
2026-04-21 13:31:32,704 | INFO     | [GBPUSD] Position open — skipping.
2026-04-21 13:31:32,704 | INFO     | [USDJPY] Position open — skipping.
2026-04-21 13:31:32,704 | INFO     | — scan complete — sleeping 60s —
2026-04-21 13:32:32,722 | INFO     | [EURUSD] TA=HOLD(B:4/S:5) | ML=HOLD(76%) | FINAL=HOLD
2026-04-21 13:32:32,731 | INFO     | [GBPUSD] Position open — skipping.
2026-04-21 13:32:32,732 | INFO     | [USDJPY] Position open — skipping.
2026-04-21 13:32:32,732 | INFO     | — scan complete — sleeping 60s —
2026-04-21 13:33:32,757 | INFO     | [EURUSD] TA=HOLD(B:4/S:5) | ML=HOLD(83%) | FINAL=HOLD
2026-04-21 13:33:32,757 | INFO     | [GBPUSD] Position open — skipping.
2026-04-21 13:33:32,757 | INFO     | [USDJPY] Position open — skipping.
2026-04-21 13:33:32,758 | INFO     | — scan complete — sleeping 60s —
2026-04-21 13:34:32,773 | INFO     | [EURUSD] TA=HOLD(B:4/S:5) | ML=HOLD(82%) | FINAL=HOLD
2026-04-21 13:34:32,774 | INFO     | [GBPUSD] Position open — skipping.
2026-04-21 13:34:32,774 | INFO     | [USDJPY] Position open — skipping.
2026-04-21 13:34:32,774 | INFO     | — scan complete — sleeping 60s —
2026-04-21 13:35:32,790 | INFO     | [EURUSD] TA=HOLD(B:4/S:5) | ML=HOLD(57%) | FINAL=HOLD
2026-04-21 13:35:32,790 | INFO     | [GBPUSD] Position open — skipping.
2026-04-21 13:35:32,790 | INFO     | [USDJPY] Position open — skipping.
2026-04-21 13:35:32,791 | INFO     | — scan complete — sleeping 60s —
2026-04-21 13:36:32,807 | INFO     | [EURUSD] TA=HOLD(B:4/S:5) | ML=HOLD(76%) | FINAL=HOLD
2026-04-21 13:36:32,808 | INFO     | [GBPUSD] Position open — skipping.
2026-04-21 13:36:32,808 | INFO     | [USDJPY] Position open — skipping.
2026-04-21 13:36:32,809 | INFO     | — scan complete — sleeping 60s —
2026-04-21 13:37:32,825 | INFO     | [EURUSD] TA=HOLD(B:4/S:5) | ML=HOLD(66%) | FINAL=HOLD
2026-04-21 13:37:32,826 | INFO     | [GBPUSD] Position open — skipping.
2026-04-21 13:37:32,826 | INFO     | [USDJPY] Position open — skipping.
2026-04-21 13:37:32,826 | INFO     | — scan complete — sleeping 60s —
2026-04-21 13:38:32,842 | INFO     | [EURUSD] TA=HOLD(B:4/S:5) | ML=HOLD(61%) | FINAL=HOLD
2026-04-21 13:38:32,843 | INFO     | [GBPUSD] Position open — skipping.
2026-04-21 13:38:32,843 | INFO     | [USDJPY] Position open — skipping.
2026-04-21 13:38:32,843 | INFO     | — scan complete — sleeping 60s —
2026-04-21 13:39:32,859 | INFO     | [EURUSD] TA=HOLD(B:4/S:5) | ML=HOLD(48%) | FINAL=HOLD
2026-04-21 13:39:32,859 | INFO     | [GBPUSD] Position open — skipping.
2026-04-21 13:39:32,860 | INFO     | [USDJPY] Position open — skipping.
2026-04-21 13:39:32,860 | INFO     | — scan complete — sleeping 60s —
2026-04-21 13:40:32,877 | INFO     | [EURUSD] TA=HOLD(B:4/S:5) | ML=HOLD(50%) | FINAL=HOLD
2026-04-21 13:40:32,878 | INFO     | [GBPUSD] Position open — skipping.
2026-04-21 13:40:32,878 | INFO     | [USDJPY] Position open — skipping.
2026-04-21 13:40:32,878 | INFO     | — scan complete — sleeping 60s —
2026-04-21 13:41:32,894 | INFO     | [EURUSD] TA=HOLD(B:4/S:5) | ML=BUY(72%) | FINAL=HOLD
2026-04-21 13:41:32,894 | INFO     | [GBPUSD] Position open — skipping.
2026-04-21 13:41:32,895 | INFO     | [USDJPY] Position open — skipping.
2026-04-21 13:41:32,895 | INFO     | — scan complete — sleeping 60s —
2026-04-21 13:42:32,910 | INFO     | [EURUSD] TA=HOLD(B:4/S:5) | ML=BUY(80%) | FINAL=HOLD
2026-04-21 13:42:32,912 | INFO     | [GBPUSD] Position open — skipping.
2026-04-21 13:42:32,913 | INFO     | [USDJPY] Position open — skipping.
2026-04-21 13:42:32,913 | INFO     | — scan complete — sleeping 60s —
2026-04-21 13:43:32,929 | INFO     | [EURUSD] TA=HOLD(B:4/S:5) | ML=BUY(47%) | FINAL=HOLD
2026-04-21 13:43:32,929 | INFO     | [GBPUSD] Position open — skipping.
2026-04-21 13:43:32,929 | INFO     | [USDJPY] Position open — skipping.
2026-04-21 13:43:32,929 | INFO     | — scan complete — sleeping 60s —
2026-04-21 13:44:32,945 | INFO     | [EURUSD] TA=HOLD(B:4/S:5) | ML=BUY(68%) | FINAL=HOLD
2026-04-21 13:44:32,945 | INFO     | [GBPUSD] Position open — skipping.
2026-04-21 13:44:32,946 | INFO     | [USDJPY] Position open — skipping.
2026-04-21 13:44:32,946 | INFO     | — scan complete — sleeping 60s —
2026-04-21 13:45:32,961 | INFO     | [EURUSD] TA=HOLD(B:4/S:5) | ML=HOLD(43%) | FINAL=HOLD
2026-04-21 13:45:32,962 | INFO     | [GBPUSD] Position open — skipping.
2026-04-21 13:45:32,962 | INFO     | [USDJPY] Position open — skipping.
2026-04-21 13:45:32,962 | INFO     | — scan complete — sleeping 60s —
2026-04-21 13:46:32,978 | INFO     | [EURUSD] TA=HOLD(B:4/S:5) | ML=BUY(41%) | FINAL=HOLD
2026-04-21 13:46:32,979 | INFO     | [GBPUSD] Position open — skipping.
2026-04-21 13:46:32,980 | INFO     | [USDJPY] Position open — skipping.
2026-04-21 13:46:32,981 | INFO     | — scan complete — sleeping 60s —
2026-04-21 13:47:32,998 | INFO     | [EURUSD] TA=HOLD(B:4/S:5) | ML=HOLD(44%) | FINAL=HOLD
2026-04-21 13:47:33,007 | INFO     | [GBPUSD] Position open — skipping.
2026-04-21 13:47:33,021 | INFO     | [USDJPY] Position open — skipping.
2026-04-21 13:47:33,021 | INFO     | — scan complete — sleeping 60s —
2026-04-21 13:48:33,039 | INFO     | [EURUSD] TA=HOLD(B:4/S:5) | ML=HOLD(55%) | FINAL=HOLD
2026-04-21 13:48:33,041 | INFO     | [GBPUSD] Position open — skipping.
2026-04-21 13:48:33,048 | INFO     | [USDJPY] Position open — skipping.
2026-04-21 13:48:33,049 | INFO     | — scan complete — sleeping 60s —
2026-04-21 13:49:33,065 | INFO     | [EURUSD] TA=HOLD(B:4/S:5) | ML=HOLD(54%) | FINAL=HOLD
2026-04-21 13:49:33,065 | INFO     | [GBPUSD] Position open — skipping.
2026-04-21 13:49:33,065 | INFO     | [USDJPY] Position open — skipping.
2026-04-21 13:49:33,065 | INFO     | — scan complete — sleeping 60s —
2026-04-21 13:50:33,081 | INFO     | [EURUSD] TA=HOLD(B:4/S:5) | ML=HOLD(64%) | FINAL=HOLD
2026-04-21 13:50:33,082 | INFO     | [GBPUSD] Position open — skipping.
2026-04-21 13:50:33,082 | INFO     | [USDJPY] Position open — skipping.
2026-04-21 13:50:33,082 | INFO     | — scan complete — sleeping 60s —
2026-04-21 13:51:33,098 | INFO     | [EURUSD] TA=SELL(B:2/S:5) | ML=HOLD(66%) | FINAL=HOLD
2026-04-21 13:51:33,099 | INFO     | [GBPUSD] Position open — skipping.
2026-04-21 13:51:33,101 | INFO     | [USDJPY] Position open — skipping.
2026-04-21 13:51:33,101 | INFO     | — scan complete — sleeping 60s —
2026-04-21 13:52:33,117 | INFO     | [EURUSD] TA=SELL(B:2/S:5) | ML=HOLD(76%) | FINAL=HOLD
2026-04-21 13:52:33,117 | INFO     | [GBPUSD] Position open — skipping.
2026-04-21 13:52:33,117 | INFO     | [USDJPY] Position open — skipping.
2026-04-21 13:52:33,117 | INFO     | — scan complete — sleeping 60s —
2026-04-21 13:53:33,133 | INFO     | [EURUSD] TA=SELL(B:2/S:5) | ML=HOLD(94%) | FINAL=HOLD
2026-04-21 13:53:33,135 | INFO     | [GBPUSD] Position open — skipping.
2026-04-21 13:53:33,135 | INFO     | [USDJPY] Position open — skipping.
2026-04-21 13:53:33,135 | INFO     | — scan complete — sleeping 60s —
2026-04-21 13:54:33,151 | INFO     | [EURUSD] TA=SELL(B:2/S:5) | ML=HOLD(94%) | FINAL=HOLD
2026-04-21 13:54:33,151 | INFO     | [GBPUSD] Position open — skipping.
2026-04-21 13:54:33,151 | INFO     | [USDJPY] Position open — skipping.
2026-04-21 13:54:33,152 | INFO     | — scan complete — sleeping 60s —
2026-04-21 13:55:33,169 | INFO     | [EURUSD] TA=SELL(B:2/S:5) | ML=HOLD(91%) | FINAL=HOLD
2026-04-21 13:55:33,170 | INFO     | [GBPUSD] Position open — skipping.
2026-04-21 13:55:33,170 | INFO     | [USDJPY] Position open — skipping.
2026-04-21 13:55:33,170 | INFO     | — scan complete — sleeping 60s —
2026-04-21 13:56:33,186 | INFO     | [EURUSD] TA=SELL(B:2/S:5) | ML=HOLD(92%) | FINAL=HOLD
2026-04-21 13:56:33,186 | INFO     | [GBPUSD] Position open — skipping.
2026-04-21 13:56:33,187 | INFO     | [USDJPY] Position open — skipping.
2026-04-21 13:56:33,187 | INFO     | — scan complete — sleeping 60s —
2026-04-21 13:57:33,204 | INFO     | [EURUSD] TA=SELL(B:2/S:5) | ML=HOLD(93%) | FINAL=HOLD
2026-04-21 13:57:33,228 | INFO     | [GBPUSD] Position open — skipping.
2026-04-21 13:57:33,229 | INFO     | [USDJPY] Position open — skipping.
2026-04-21 13:57:33,229 | INFO     | — scan complete — sleeping 60s —
2026-04-21 13:58:33,245 | INFO     | [EURUSD] TA=SELL(B:2/S:5) | ML=HOLD(93%) | FINAL=HOLD
2026-04-21 13:58:33,245 | INFO     | [GBPUSD] Position open — skipping.
2026-04-21 13:58:33,246 | INFO     | [USDJPY] Position open — skipping.
2026-04-21 13:58:33,246 | INFO     | — scan complete — sleeping 60s —
2026-04-21 13:59:33,262 | INFO     | [EURUSD] TA=SELL(B:2/S:5) | ML=HOLD(92%) | FINAL=HOLD
2026-04-21 13:59:33,263 | INFO     | [GBPUSD] Position open — skipping.
2026-04-21 13:59:33,263 | INFO     | [USDJPY] Position open — skipping.
2026-04-21 13:59:33,263 | INFO     | — scan complete — sleeping 60s —
2026-04-21 14:00:33,279 | INFO     | [EURUSD] TA=SELL(B:2/S:5) | ML=HOLD(53%) | FINAL=HOLD
2026-04-21 14:00:33,280 | INFO     | [GBPUSD] Position open — skipping.
2026-04-21 14:00:33,280 | INFO     | [USDJPY] Position open — skipping.
2026-04-21 14:00:33,280 | INFO     | — scan complete — sleeping 60s —
2026-04-21 14:01:33,296 | INFO     | [EURUSD] TA=SELL(B:2/S:5) | ML=HOLD(55%) | FINAL=HOLD
2026-04-21 14:01:33,296 | INFO     | [GBPUSD] Position open — skipping.
2026-04-21 14:01:33,297 | INFO     | [USDJPY] Position open — skipping.
2026-04-21 14:01:33,297 | INFO     | — scan complete — sleeping 60s —
2026-04-21 14:02:33,312 | INFO     | [EURUSD] TA=SELL(B:2/S:5) | ML=HOLD(68%) | FINAL=HOLD
2026-04-21 14:02:33,313 | INFO     | [GBPUSD] Position open — skipping.
2026-04-21 14:02:33,314 | INFO     | [USDJPY] Position open — skipping.
2026-04-21 14:02:33,314 | INFO     | — scan complete — sleeping 60s —
2026-04-21 14:03:33,330 | INFO     | [EURUSD] TA=SELL(B:2/S:5) | ML=HOLD(64%) | FINAL=HOLD
2026-04-21 14:03:33,331 | INFO     | [GBPUSD] Position open — skipping.
2026-04-21 14:03:33,331 | INFO     | [USDJPY] Position open — skipping.
2026-04-21 14:03:33,331 | INFO     | — scan complete — sleeping 60s —
2026-04-21 14:04:33,347 | INFO     | [EURUSD] TA=SELL(B:2/S:5) | ML=HOLD(63%) | FINAL=HOLD
2026-04-21 14:04:33,347 | INFO     | [GBPUSD] Position open — skipping.
2026-04-21 14:04:33,347 | INFO     | [USDJPY] Position open — skipping.
2026-04-21 14:04:33,347 | INFO     | — scan complete — sleeping 60s —
2026-04-21 14:05:33,363 | INFO     | [EURUSD] TA=SELL(B:2/S:5) | ML=HOLD(71%) | FINAL=HOLD
2026-04-21 14:05:33,364 | INFO     | [GBPUSD] Position open — skipping.
2026-04-21 14:05:33,364 | INFO     | [USDJPY] Position open — skipping.
2026-04-21 14:05:33,364 | INFO     | — scan complete — sleeping 60s —
2026-04-21 14:06:33,380 | INFO     | [EURUSD] TA=SELL(B:2/S:5) | ML=HOLD(74%) | FINAL=HOLD
2026-04-21 14:06:33,380 | INFO     | [GBPUSD] Position open — skipping.
2026-04-21 14:06:33,380 | INFO     | [USDJPY] Position open — skipping.
2026-04-21 14:06:33,380 | INFO     | — scan complete — sleeping 60s —
2026-04-21 14:07:33,396 | INFO     | [EURUSD] TA=SELL(B:2/S:5) | ML=HOLD(75%) | FINAL=HOLD
2026-04-21 14:07:33,398 | INFO     | [GBPUSD] Position open — skipping.
2026-04-21 14:07:33,398 | INFO     | [USDJPY] Position open — skipping.
2026-04-21 14:07:33,399 | INFO     | — scan complete — sleeping 60s —
2026-04-21 14:08:33,414 | INFO     | [EURUSD] TA=SELL(B:2/S:5) | ML=HOLD(84%) | FINAL=HOLD
2026-04-21 14:08:33,415 | INFO     | [GBPUSD] Position open — skipping.
2026-04-21 14:08:33,415 | INFO     | [USDJPY] Position open — skipping.
2026-04-21 14:08:33,415 | INFO     | — scan complete — sleeping 60s —
2026-04-21 14:09:33,431 | INFO     | [EURUSD] TA=SELL(B:2/S:5) | ML=HOLD(78%) | FINAL=HOLD
2026-04-21 14:09:33,432 | INFO     | [GBPUSD] Position open — skipping.
2026-04-21 14:09:33,432 | INFO     | [USDJPY] Position open — skipping.
2026-04-21 14:09:33,432 | INFO     | — scan complete — sleeping 60s —
2026-04-21 14:10:33,448 | INFO     | [EURUSD] TA=SELL(B:2/S:5) | ML=HOLD(74%) | FINAL=HOLD
2026-04-21 14:10:33,448 | INFO     | [GBPUSD] Position open — skipping.
2026-04-21 14:10:33,448 | INFO     | [USDJPY] Position open — skipping.
2026-04-21 14:10:33,448 | INFO     | — scan complete — sleeping 60s —
2026-04-21 14:11:33,465 | INFO     | [EURUSD] TA=SELL(B:2/S:5) | ML=HOLD(78%) | FINAL=HOLD
2026-04-21 14:11:33,472 | INFO     | [GBPUSD] Position open — skipping.
2026-04-21 14:11:33,485 | INFO     | [USDJPY] Position open — skipping.
2026-04-21 14:11:33,489 | INFO     | — scan complete — sleeping 60s —
2026-04-21 14:12:33,516 | INFO     | [EURUSD] TA=SELL(B:2/S:5) | ML=HOLD(72%) | FINAL=HOLD
2026-04-21 14:12:33,516 | INFO     | [GBPUSD] Position open — skipping.
2026-04-21 14:12:33,516 | INFO     | [USDJPY] Position open — skipping.
2026-04-21 14:12:33,517 | INFO     | — scan complete — sleeping 60s —
2026-04-21 14:13:13,784 | INFO     | Bot stopped by user (Ctrl+C).
2026-04-21 14:13:13,784 | INFO     | MT5 disconnected. Goodbye.
2026-04-21 14:13:16,586 | INFO     | ============================================================
2026-04-21 14:13:16,588 | INFO     |   FOREX BOT STARTING
2026-04-21 14:13:16,588 | INFO     |   Symbols   : ['EURUSD', 'GBPUSD', 'USDJPY']
2026-04-21 14:13:16,588 | INFO     |   Timeframe : M15
2026-04-21 14:13:16,588 | INFO     |   Risk/trade: 1.0%  |  Max DD: 10.0%
2026-04-21 14:13:16,588 | INFO     | ============================================================
2026-04-21 14:13:16,602 | INFO     | Mapped symbol EURUSD -> EURUSDm
2026-04-21 14:13:16,605 | INFO     | Mapped symbol GBPUSD -> GBPUSDm
2026-04-21 14:13:16,606 | INFO     | Mapped symbol USDJPY -> USDJPYm
2026-04-21 14:13:16,606 | INFO     | Connected | Account #413646889 | Balance: 226.32 | Equity: 227.05
2026-04-21 14:13:16,606 | INFO     | Training ML models (this may take a moment)...
2026-04-21 14:13:18,702 | INFO     | [EURUSD] ML trained | val accuracy: 66.8%
2026-04-21 14:13:20,766 | INFO     | [GBPUSD] ML trained | val accuracy: 60.2%
2026-04-21 14:13:22,815 | INFO     | [USDJPY] ML trained | val accuracy: 56.6%
2026-04-21 14:13:22,826 | INFO     | ML models ready.
2026-04-21 14:13:22,842 | INFO     | [EURUSD] TA=SELL(B:2/S:5) | ML=HOLD(82%) | FINAL=HOLD
2026-04-21 14:13:22,843 | INFO     | [GBPUSD] Position open — skipping.
2026-04-21 14:13:22,861 | INFO     | [USDJPY] TA=BUY(B:5/S:3) | ML=HOLD(77%) | FINAL=HOLD
2026-04-21 14:13:22,861 | INFO     | — scan complete — sleeping 60s —
2026-04-21 14:14:22,903 | INFO     | [EURUSD] TA=SELL(B:2/S:5) | ML=HOLD(67%) | FINAL=HOLD
2026-04-21 14:14:22,904 | INFO     | [GBPUSD] Position open — skipping.
2026-04-21 14:14:22,933 | INFO     | [USDJPY] TA=BUY(B:5/S:3) | ML=HOLD(75%) | FINAL=HOLD
2026-04-21 14:14:22,935 | INFO     | — scan complete — sleeping 60s —
2026-04-21 14:15:22,952 | INFO     | [EURUSD] TA=SELL(B:2/S:5) | ML=SELL(59%) | FINAL=HOLD
2026-04-21 14:15:22,952 | INFO     | [GBPUSD] Position open — skipping.
2026-04-21 14:15:22,988 | INFO     | [USDJPY] TA=BUY(B:5/S:3) | ML=SELL(58%) | FINAL=HOLD
2026-04-21 14:15:22,989 | INFO     | — scan complete — sleeping 60s —
2026-04-21 14:16:23,005 | INFO     | [EURUSD] TA=SELL(B:2/S:5) | ML=HOLD(78%) | FINAL=HOLD
2026-04-21 14:16:23,006 | INFO     | [GBPUSD] Position open — skipping.
2026-04-21 14:16:23,038 | INFO     | [USDJPY] TA=BUY(B:5/S:3) | ML=SELL(55%) | FINAL=HOLD
2026-04-21 14:16:23,039 | INFO     | — scan complete — sleeping 60s —
2026-04-21 14:17:23,119 | INFO     | [EURUSD] TA=SELL(B:1/S:6) | ML=SELL(54%) | FINAL=HOLD
2026-04-21 14:17:23,121 | INFO     | [GBPUSD] Position open — skipping.
2026-04-21 14:17:23,210 | INFO     | [USDJPY] TA=BUY(B:5/S:3) | ML=SELL(61%) | FINAL=HOLD
2026-04-21 14:17:23,212 | INFO     | — scan complete — sleeping 60s —
2026-04-21 14:18:23,252 | INFO     | [EURUSD] TA=SELL(B:2/S:5) | ML=HOLD(83%) | FINAL=HOLD
2026-04-21 14:18:23,253 | INFO     | [GBPUSD] Position open — skipping.
2026-04-21 14:18:23,273 | INFO     | [USDJPY] TA=BUY(B:5/S:3) | ML=HOLD(52%) | FINAL=HOLD
2026-04-21 14:18:23,273 | INFO     | — scan complete — sleeping 60s —
2026-04-21 14:19:23,309 | INFO     | [EURUSD] TA=SELL(B:1/S:6) | ML=HOLD(58%) | FINAL=HOLD
2026-04-21 14:19:23,310 | INFO     | [GBPUSD] Position open — skipping.
2026-04-21 14:19:23,345 | INFO     | [USDJPY] TA=BUY(B:5/S:3) | ML=SELL(61%) | FINAL=HOLD
2026-04-21 14:19:23,346 | INFO     | — scan complete — sleeping 60s —
2026-04-21 14:20:23,375 | INFO     | [EURUSD] TA=SELL(B:1/S:6) | ML=HOLD(72%) | FINAL=HOLD
2026-04-21 14:20:23,376 | INFO     | [GBPUSD] Position open — skipping.
2026-04-21 14:20:23,406 | INFO     | [USDJPY] TA=BUY(B:5/S:3) | ML=HOLD(75%) | FINAL=HOLD
2026-04-21 14:20:23,407 | INFO     | — scan complete — sleeping 60s —
2026-04-21 14:21:23,430 | INFO     | [EURUSD] TA=SELL(B:1/S:6) | ML=SELL(56%) | FINAL=HOLD
2026-04-21 14:21:23,431 | INFO     | [GBPUSD] Position open — skipping.
2026-04-21 14:21:23,461 | INFO     | [USDJPY] TA=BUY(B:5/S:3) | ML=HOLD(82%) | FINAL=HOLD
2026-04-21 14:21:23,462 | INFO     | — scan complete — sleeping 60s —
2026-04-21 14:22:23,481 | INFO     | [EURUSD] TA=SELL(B:1/S:6) | ML=HOLD(72%) | FINAL=HOLD
2026-04-21 14:22:23,481 | INFO     | [GBPUSD] Position open — skipping.
2026-04-21 14:22:23,515 | INFO     | [USDJPY] TA=BUY(B:5/S:3) | ML=HOLD(76%) | FINAL=HOLD
2026-04-21 14:22:23,516 | INFO     | — scan complete — sleeping 60s —
2026-04-21 14:23:23,532 | INFO     | [EURUSD] TA=SELL(B:1/S:6) | ML=HOLD(47%) | FINAL=SELL
2026-04-21 14:23:23,618 | INFO     | ORDER OK SELL EURUSD | lot=0.01 | price=1.17628 | SL=1.17936 | TP=1.17028
2026-04-21 14:23:23,619 | INFO     | [GBPUSD] Position open — skipping.
2026-04-21 14:23:23,637 | INFO     | [USDJPY] TA=BUY(B:5/S:3) | ML=HOLD(73%) | FINAL=HOLD
2026-04-21 14:23:23,637 | INFO     | — scan complete — sleeping 60s —
2026-04-21 14:24:23,638 | INFO     | [EURUSD] Position open — skipping.
2026-04-21 14:24:23,639 | INFO     | [GBPUSD] Position open — skipping.
2026-04-21 14:24:23,670 | INFO     | [USDJPY] TA=BUY(B:5/S:3) | ML=HOLD(81%) | FINAL=HOLD
2026-04-21 14:24:23,671 | INFO     | — scan complete — sleeping 60s —
2026-04-21 14:25:23,672 | INFO     | [EURUSD] Position open — skipping.
2026-04-21 14:25:23,672 | INFO     | [GBPUSD] Position open — skipping.
2026-04-21 14:25:23,703 | INFO     | [USDJPY] TA=BUY(B:5/S:3) | ML=HOLD(53%) | FINAL=HOLD
2026-04-21 14:25:23,704 | INFO     | — scan complete — sleeping 60s —
2026-04-21 14:26:23,704 | INFO     | [EURUSD] Position open — skipping.
2026-04-21 14:26:23,705 | INFO     | [GBPUSD] Position open — skipping.
2026-04-21 14:26:23,738 | INFO     | [USDJPY] TA=BUY(B:5/S:3) | ML=HOLD(76%) | FINAL=HOLD
2026-04-21 14:26:23,739 | INFO     | — scan complete — sleeping 60s —
2026-04-21 14:27:23,740 | INFO     | [EURUSD] Position open — skipping.
2026-04-21 14:27:23,742 | INFO     | [GBPUSD] Position open — skipping.
2026-04-21 14:27:23,772 | INFO     | [USDJPY] TA=BUY(B:5/S:3) | ML=HOLD(73%) | FINAL=HOLD
2026-04-21 14:27:23,775 | INFO     | — scan complete — sleeping 60s —
2026-04-21 14:28:23,775 | INFO     | [EURUSD] Position open — skipping.
2026-04-21 14:28:23,776 | INFO     | [GBPUSD] Position open — skipping.
2026-04-21 14:28:23,806 | INFO     | [USDJPY] TA=BUY(B:5/S:3) | ML=SELL(51%) | FINAL=HOLD
2026-04-21 14:28:23,807 | INFO     | — scan complete — sleeping 60s —
2026-04-21 14:29:23,808 | INFO     | [EURUSD] Position open — skipping.
2026-04-21 14:29:23,808 | INFO     | [GBPUSD] Position open — skipping.
2026-04-21 14:29:23,833 | INFO     | [USDJPY] TA=BUY(B:5/S:3) | ML=SELL(49%) | FINAL=BUY
2026-04-21 14:29:23,912 | ERROR    | Order failed [USDJPY]: ForexBot_v1 (code 10019)
2026-04-21 14:29:23,913 | INFO     | — scan complete — sleeping 60s —
2026-04-21 14:30:23,913 | INFO     | [EURUSD] Position open — skipping.
2026-04-21 14:30:23,913 | INFO     | [GBPUSD] Position open — skipping.
2026-04-21 14:30:23,942 | INFO     | [USDJPY] TA=BUY(B:5/S:3) | ML=HOLD(50%) | FINAL=HOLD
2026-04-21 14:30:23,943 | INFO     | — scan complete — sleeping 60s —
2026-04-21 14:31:23,943 | INFO     | [EURUSD] Position open — skipping.
2026-04-21 14:31:23,944 | INFO     | [GBPUSD] Position open — skipping.
2026-04-21 14:31:23,977 | INFO     | [USDJPY] TA=BUY(B:5/S:3) | ML=HOLD(59%) | FINAL=HOLD
2026-04-21 14:31:23,978 | INFO     | — scan complete — sleeping 60s —
2026-04-21 14:32:23,979 | INFO     | [EURUSD] Position open — skipping.
2026-04-21 14:32:23,979 | INFO     | [GBPUSD] Position open — skipping.
2026-04-21 14:32:23,996 | INFO     | [USDJPY] TA=BUY(B:5/S:3) | ML=SELL(51%) | FINAL=HOLD
2026-04-21 14:32:23,996 | INFO     | — scan complete — sleeping 60s —
2026-04-21 14:33:23,997 | INFO     | [EURUSD] Position open — skipping.
2026-04-21 14:33:23,997 | INFO     | [GBPUSD] Position open — skipping.
2026-04-21 14:33:24,025 | INFO     | [USDJPY] TA=BUY(B:5/S:3) | ML=HOLD(69%) | FINAL=HOLD
2026-04-21 14:33:24,026 | INFO     | — scan complete — sleeping 60s —
2026-04-21 14:34:24,026 | INFO     | [EURUSD] Position open — skipping.
2026-04-21 14:34:24,027 | INFO     | [GBPUSD] Position open — skipping.
2026-04-21 14:34:24,058 | INFO     | [USDJPY] TA=BUY(B:5/S:3) | ML=HOLD(66%) | FINAL=HOLD
2026-04-21 14:34:24,059 | INFO     | — scan complete — sleeping 60s —
2026-04-21 14:35:24,060 | INFO     | [EURUSD] Position open — skipping.
2026-04-21 14:35:24,061 | INFO     | [GBPUSD] Position open — skipping.
2026-04-21 14:35:24,093 | INFO     | [USDJPY] TA=BUY(B:5/S:3) | ML=HOLD(58%) | FINAL=HOLD
2026-04-21 14:35:24,093 | INFO     | — scan complete — sleeping 60s —
2026-04-21 14:36:24,095 | INFO     | [EURUSD] Position open — skipping.
2026-04-21 14:36:24,097 | INFO     | [GBPUSD] Position open — skipping.
2026-04-21 14:36:24,162 | INFO     | [USDJPY] TA=BUY(B:5/S:3) | ML=HOLD(75%) | FINAL=HOLD
2026-04-21 14:36:24,163 | INFO     | — scan complete — sleeping 60s —
2026-04-21 14:37:24,165 | INFO     | [EURUSD] Position open — skipping.
2026-04-21 14:37:24,166 | INFO     | [GBPUSD] Position open — skipping.
2026-04-21 14:37:24,234 | INFO     | [USDJPY] TA=BUY(B:5/S:3) | ML=HOLD(68%) | FINAL=HOLD
2026-04-21 14:37:24,235 | INFO     | — scan complete — sleeping 60s —
2026-04-21 14:38:24,236 | INFO     | [EURUSD] Position open — skipping.
2026-04-21 14:38:24,237 | INFO     | [GBPUSD] Position open — skipping.
2026-04-21 14:38:24,272 | INFO     | [USDJPY] TA=BUY(B:5/S:3) | ML=HOLD(68%) | FINAL=HOLD
2026-04-21 14:38:24,273 | INFO     | — scan complete — sleeping 60s —
2026-04-21 14:39:24,273 | INFO     | [EURUSD] Position open — skipping.
2026-04-21 14:39:24,274 | INFO     | [GBPUSD] Position open — skipping.
2026-04-21 14:39:24,290 | INFO     | [USDJPY] TA=BUY(B:5/S:3) | ML=HOLD(67%) | FINAL=HOLD
2026-04-21 14:39:24,290 | INFO     | — scan complete — sleeping 60s —
2026-04-21 14:40:24,291 | INFO     | [EURUSD] Position open — skipping.
2026-04-21 14:40:24,291 | INFO     | [GBPUSD] Position open — skipping.
2026-04-21 14:40:24,340 | INFO     | [USDJPY] TA=BUY(B:5/S:3) | ML=HOLD(69%) | FINAL=HOLD
2026-04-21 14:40:24,341 | INFO     | — scan complete — sleeping 60s —
2026-04-21 16:41:12,054 | INFO     | [EURUSD] Position open — skipping.
2026-04-21 16:41:12,056 | INFO     | [GBPUSD] Position open — skipping.
2026-04-21 16:41:12,103 | INFO     | [USDJPY] TA=BUY(B:5/S:3) | ML=HOLD(69%) | FINAL=HOLD
2026-04-21 16:41:12,104 | INFO     | — scan complete — sleeping 60s —
2026-04-21 16:42:12,106 | INFO     | [EURUSD] Position open — skipping.
2026-04-21 16:42:12,106 | INFO     | [GBPUSD] Position open — skipping.
2026-04-21 16:42:12,138 | INFO     | [USDJPY] TA=BUY(B:5/S:3) | ML=HOLD(69%) | FINAL=HOLD
2026-04-21 16:42:12,141 | INFO     | — scan complete — sleeping 60s —
2026-04-21 16:43:12,142 | INFO     | [EURUSD] Position open — skipping.
2026-04-21 16:43:12,142 | INFO     | [GBPUSD] Position open — skipping.
2026-04-21 16:43:12,159 | INFO     | [USDJPY] TA=BUY(B:5/S:3) | ML=HOLD(69%) | FINAL=HOLD
2026-04-21 16:43:12,159 | INFO     | — scan complete — sleeping 60s —
2026-04-21 16:44:12,160 | INFO     | [EURUSD] Position open — skipping.
2026-04-21 16:44:12,160 | INFO     | [GBPUSD] Position open — skipping.
2026-04-21 16:44:12,191 | INFO     | [USDJPY] TA=BUY(B:5/S:3) | ML=HOLD(69%) | FINAL=HOLD
2026-04-21 16:44:12,192 | INFO     | — scan complete — sleeping 60s —
2026-04-21 16:45:12,192 | INFO     | [EURUSD] Position open — skipping.
2026-04-21 16:45:12,192 | INFO     | [GBPUSD] Position open — skipping.
2026-04-21 16:45:12,223 | INFO     | [USDJPY] TA=BUY(B:5/S:3) | ML=HOLD(69%) | FINAL=HOLD
2026-04-21 16:45:12,224 | INFO     | — scan complete — sleeping 60s —
2026-04-21 16:46:12,224 | INFO     | [EURUSD] Position open — skipping.
2026-04-21 16:46:12,228 | INFO     | [GBPUSD] Position open — skipping.
2026-04-21 16:46:12,244 | INFO     | [USDJPY] TA=BUY(B:5/S:3) | ML=HOLD(69%) | FINAL=HOLD
2026-04-21 16:46:12,244 | INFO     | — scan complete — sleeping 60s —
2026-04-21 16:47:12,245 | INFO     | [EURUSD] Position open — skipping.
2026-04-21 16:47:12,245 | INFO     | [GBPUSD] Position open — skipping.
2026-04-21 16:47:12,261 | INFO     | [USDJPY] TA=BUY(B:5/S:3) | ML=HOLD(69%) | FINAL=HOLD
2026-04-21 16:47:12,262 | INFO     | — scan complete — sleeping 60s —
2026-04-21 16:48:12,263 | INFO     | [EURUSD] Position open — skipping.
2026-04-21 16:48:12,263 | INFO     | [GBPUSD] Position open — skipping.
2026-04-21 16:48:12,297 | INFO     | [USDJPY] TA=BUY(B:5/S:3) | ML=HOLD(69%) | FINAL=HOLD
2026-04-21 16:48:12,297 | INFO     | — scan complete — sleeping 60s —
2026-04-21 16:49:12,298 | INFO     | [EURUSD] Position open — skipping.
2026-04-21 16:49:12,299 | INFO     | [GBPUSD] Position open — skipping.
2026-04-21 16:49:12,315 | INFO     | [USDJPY] TA=BUY(B:5/S:3) | ML=HOLD(69%) | FINAL=HOLD
2026-04-21 16:49:12,315 | INFO     | — scan complete — sleeping 60s —
2026-04-21 16:50:12,316 | INFO     | [EURUSD] Position open — skipping.
2026-04-21 16:50:12,316 | INFO     | [GBPUSD] Position open — skipping.
2026-04-21 16:50:12,332 | INFO     | [USDJPY] TA=BUY(B:5/S:3) | ML=HOLD(69%) | FINAL=HOLD
2026-04-21 16:50:12,333 | INFO     | — scan complete — sleeping 60s —
2026-04-21 16:51:12,334 | INFO     | [EURUSD] Position open — skipping.
2026-04-21 16:51:12,334 | INFO     | [GBPUSD] Position open — skipping.
2026-04-21 16:51:12,364 | INFO     | [USDJPY] TA=BUY(B:5/S:3) | ML=HOLD(69%) | FINAL=HOLD
2026-04-21 16:51:12,364 | INFO     | — scan complete — sleeping 60s —
2026-04-21 16:52:12,365 | INFO     | [EURUSD] Position open — skipping.
2026-04-21 16:52:12,366 | INFO     | [GBPUSD] Position open — skipping.
2026-04-21 16:52:12,384 | INFO     | [USDJPY] TA=BUY(B:5/S:3) | ML=HOLD(69%) | FINAL=HOLD
2026-04-21 16:52:12,384 | INFO     | — scan complete — sleeping 60s —
2026-04-21 16:53:12,384 | INFO     | [EURUSD] Position open — skipping.
2026-04-21 16:53:12,385 | INFO     | [GBPUSD] Position open — skipping.
2026-04-21 16:53:12,405 | INFO     | [USDJPY] TA=BUY(B:5/S:3) | ML=HOLD(69%) | FINAL=HOLD
2026-04-21 16:53:12,405 | INFO     | — scan complete — sleeping 60s —
2026-04-21 16:54:12,406 | INFO     | [EURUSD] Position open — skipping.
2026-04-21 16:54:12,406 | INFO     | [GBPUSD] Position open — skipping.
2026-04-21 16:54:12,431 | INFO     | [USDJPY] TA=BUY(B:5/S:3) | ML=HOLD(69%) | FINAL=HOLD
2026-04-21 16:54:12,431 | INFO     | — scan complete — sleeping 60s —
2026-04-21 16:55:12,432 | INFO     | [EURUSD] Position open — skipping.
2026-04-21 16:55:12,432 | INFO     | [GBPUSD] Position open — skipping.
2026-04-21 16:55:12,453 | INFO     | [USDJPY] TA=BUY(B:5/S:3) | ML=HOLD(69%) | FINAL=HOLD
2026-04-21 16:55:12,453 | INFO     | — scan complete — sleeping 60s —
2026-04-21 16:56:12,454 | INFO     | [EURUSD] Position open — skipping.
2026-04-21 16:56:12,455 | INFO     | [GBPUSD] Position open — skipping.
2026-04-21 16:56:12,471 | INFO     | [USDJPY] TA=BUY(B:5/S:3) | ML=HOLD(69%) | FINAL=HOLD
2026-04-21 16:56:12,471 | INFO     | — scan complete — sleeping 60s —
2026-04-21 16:57:12,472 | INFO     | [EURUSD] Position open — skipping.
2026-04-21 16:57:12,472 | INFO     | [GBPUSD] Position open — skipping.
2026-04-21 16:57:12,503 | INFO     | [USDJPY] TA=BUY(B:5/S:3) | ML=HOLD(69%) | FINAL=HOLD
2026-04-21 16:57:12,503 | INFO     | — scan complete — sleeping 60s —
2026-04-21 16:58:12,572 | INFO     | [EURUSD] Position open — skipping.
2026-04-21 16:58:12,576 | INFO     | [GBPUSD] Position open — skipping.
2026-04-21 16:58:12,685 | INFO     | [USDJPY] TA=BUY(B:5/S:3) | ML=HOLD(69%) | FINAL=HOLD
2026-04-21 16:58:12,686 | INFO     | — scan complete — sleeping 60s —
2026-04-21 16:59:12,687 | INFO     | [EURUSD] Position open — skipping.
2026-04-21 16:59:12,687 | INFO     | [GBPUSD] Position open — skipping.
2026-04-21 16:59:12,705 | INFO     | [USDJPY] TA=BUY(B:5/S:3) | ML=HOLD(69%) | FINAL=HOLD
2026-04-21 16:59:12,705 | INFO     | — scan complete — sleeping 60s —
2026-04-21 17:00:12,706 | INFO     | [EURUSD] Position open — skipping.
2026-04-21 17:00:12,706 | INFO     | [GBPUSD] Position open — skipping.
2026-04-21 17:00:12,729 | INFO     | [USDJPY] TA=BUY(B:5/S:3) | ML=HOLD(69%) | FINAL=HOLD
2026-04-21 17:00:12,729 | INFO     | — scan complete — sleeping 60s —
2026-04-21 17:01:12,730 | INFO     | [EURUSD] Position open — skipping.
2026-04-21 17:01:12,730 | INFO     | [GBPUSD] Position open — skipping.
2026-04-21 17:01:12,749 | INFO     | [USDJPY] TA=BUY(B:5/S:3) | ML=HOLD(69%) | FINAL=HOLD
2026-04-21 17:01:12,749 | INFO     | — scan complete — sleeping 60s —
2026-04-21 17:02:12,750 | INFO     | [EURUSD] Position open — skipping.
2026-04-21 17:02:12,750 | INFO     | [GBPUSD] Position open — skipping.
2026-04-21 17:02:12,767 | INFO     | [USDJPY] TA=BUY(B:5/S:3) | ML=HOLD(69%) | FINAL=HOLD
2026-04-21 17:02:12,767 | INFO     | — scan complete — sleeping 60s —
2026-04-21 17:03:12,768 | INFO     | [EURUSD] Position open — skipping.
2026-04-21 17:03:12,768 | INFO     | [GBPUSD] Position open — skipping.
2026-04-21 17:03:12,813 | INFO     | [USDJPY] TA=BUY(B:5/S:3) | ML=HOLD(69%) | FINAL=HOLD
2026-04-21 17:03:12,818 | INFO     | — scan complete — sleeping 60s —
2026-04-21 17:04:12,821 | INFO     | [EURUSD] Position open — skipping.
2026-04-21 17:04:12,821 | INFO     | [GBPUSD] Position open — skipping.
2026-04-21 17:04:12,847 | INFO     | [USDJPY] TA=BUY(B:5/S:3) | ML=HOLD(69%) | FINAL=HOLD
2026-04-21 17:04:12,847 | INFO     | — scan complete — sleeping 60s —
2026-04-21 17:05:12,848 | INFO     | [EURUSD] Position open — skipping.
2026-04-21 17:05:12,848 | INFO     | [GBPUSD] Position open — skipping.
2026-04-21 17:05:12,873 | INFO     | [USDJPY] TA=BUY(B:5/S:3) | ML=HOLD(69%) | FINAL=HOLD
2026-04-21 17:05:12,874 | INFO     | — scan complete — sleeping 60s —
2026-04-21 17:06:12,875 | INFO     | [EURUSD] Position open — skipping.
2026-04-21 17:06:12,875 | INFO     | [GBPUSD] Position open — skipping.
2026-04-21 17:06:12,892 | INFO     | [USDJPY] TA=BUY(B:5/S:3) | ML=HOLD(69%) | FINAL=HOLD
2026-04-21 17:06:12,892 | INFO     | — scan complete — sleeping 60s —
2026-04-21 17:07:12,892 | INFO     | [EURUSD] Position open — skipping.
2026-04-21 17:07:12,893 | INFO     | [GBPUSD] Position open — skipping.
2026-04-21 17:07:12,960 | INFO     | [USDJPY] TA=BUY(B:5/S:3) | ML=HOLD(69%) | FINAL=HOLD
2026-04-21 17:07:12,964 | INFO     | — scan complete — sleeping 60s —
2026-04-21 17:08:12,972 | INFO     | [EURUSD] Position open — skipping.
2026-04-21 17:08:12,973 | INFO     | [GBPUSD] Position open — skipping.
2026-04-21 17:08:13,046 | INFO     | [USDJPY] TA=BUY(B:5/S:3) | ML=HOLD(69%) | FINAL=HOLD
2026-04-21 17:08:13,046 | INFO     | — scan complete — sleeping 60s —
2026-04-21 17:09:13,049 | INFO     | [EURUSD] Position open — skipping.
2026-04-21 17:09:13,049 | INFO     | [GBPUSD] Position open — skipping.
2026-04-21 17:09:13,067 | INFO     | [USDJPY] TA=BUY(B:5/S:3) | ML=HOLD(69%) | FINAL=HOLD
2026-04-21 17:09:13,068 | INFO     | — scan complete — sleeping 60s —
2026-04-21 17:10:13,068 | INFO     | [EURUSD] Position open — skipping.
2026-04-21 17:10:13,070 | INFO     | [GBPUSD] Position open — skipping.
2026-04-21 17:10:13,132 | INFO     | [USDJPY] TA=BUY(B:5/S:3) | ML=HOLD(69%) | FINAL=HOLD
2026-04-21 17:10:13,136 | INFO     | — scan complete — sleeping 60s —
2026-04-21 17:11:13,138 | INFO     | [EURUSD] Position open — skipping.
2026-04-21 17:11:13,138 | INFO     | [GBPUSD] Position open — skipping.
2026-04-21 17:11:13,157 | INFO     | [USDJPY] TA=BUY(B:5/S:3) | ML=HOLD(69%) | FINAL=HOLD
2026-04-21 17:11:13,157 | INFO     | — scan complete — sleeping 60s —
2026-04-21 17:12:13,159 | INFO     | [EURUSD] Position open — skipping.
2026-04-21 17:12:13,159 | INFO     | [GBPUSD] Position open — skipping.
2026-04-21 17:12:13,191 | INFO     | [USDJPY] TA=BUY(B:5/S:3) | ML=HOLD(69%) | FINAL=HOLD
2026-04-21 17:12:13,191 | INFO     | — scan complete — sleeping 60s —
2026-04-21 17:13:13,192 | INFO     | [EURUSD] Position open — skipping.
2026-04-21 17:13:13,192 | INFO     | [GBPUSD] Position open — skipping.
2026-04-21 17:13:13,212 | INFO     | [USDJPY] TA=BUY(B:5/S:3) | ML=HOLD(69%) | FINAL=HOLD
2026-04-21 17:13:13,213 | INFO     | — scan complete — sleeping 60s —
2026-04-21 17:14:13,213 | INFO     | [EURUSD] Position open — skipping.
2026-04-21 17:14:13,214 | INFO     | [GBPUSD] Position open — skipping.
2026-04-21 17:14:13,234 | INFO     | [USDJPY] TA=BUY(B:5/S:3) | ML=HOLD(69%) | FINAL=HOLD
2026-04-21 17:14:13,234 | INFO     | — scan complete — sleeping 60s —
2026-04-21 17:15:13,235 | INFO     | [EURUSD] Position open — skipping.
2026-04-21 17:15:13,236 | INFO     | [GBPUSD] Position open — skipping.
2026-04-21 17:15:13,442 | INFO     | [USDJPY] TA=BUY(B:5/S:3) | ML=HOLD(69%) | FINAL=HOLD
2026-04-21 17:15:13,443 | INFO     | — scan complete — sleeping 60s —
2026-04-21 17:16:13,443 | INFO     | [EURUSD] Position open — skipping.
2026-04-21 17:16:13,448 | INFO     | [GBPUSD] Position open — skipping.
2026-04-21 17:16:13,477 | INFO     | [USDJPY] TA=BUY(B:5/S:3) | ML=HOLD(69%) | FINAL=HOLD
2026-04-21 17:16:13,478 | INFO     | — scan complete — sleeping 60s —
2026-04-21 17:17:13,479 | INFO     | [EURUSD] Position open — skipping.
2026-04-21 17:17:13,480 | INFO     | [GBPUSD] Position open — skipping.
2026-04-21 17:17:13,509 | INFO     | [USDJPY] TA=BUY(B:5/S:3) | ML=HOLD(69%) | FINAL=HOLD
2026-04-21 17:17:13,510 | INFO     | — scan complete — sleeping 60s —
2026-04-21 17:18:13,511 | INFO     | [EURUSD] Position open — skipping.
2026-04-21 17:18:13,511 | INFO     | [GBPUSD] Position open — skipping.
2026-04-21 17:18:13,532 | INFO     | [USDJPY] TA=BUY(B:5/S:3) | ML=HOLD(69%) | FINAL=HOLD
2026-04-21 17:18:13,532 | INFO     | — scan complete — sleeping 60s —
2026-04-21 17:19:13,533 | INFO     | [EURUSD] Position open — skipping.
2026-04-21 17:19:13,533 | INFO     | [GBPUSD] Position open — skipping.
2026-04-21 17:19:13,550 | INFO     | [USDJPY] TA=BUY(B:5/S:3) | ML=HOLD(69%) | FINAL=HOLD
2026-04-21 17:19:13,550 | INFO     | — scan complete — sleeping 60s —
2026-04-21 17:20:13,550 | INFO     | [EURUSD] Position open — skipping.
2026-04-21 17:20:13,551 | INFO     | [GBPUSD] Position open — skipping.
2026-04-21 17:20:13,567 | INFO     | [USDJPY] TA=BUY(B:5/S:3) | ML=HOLD(69%) | FINAL=HOLD
2026-04-21 17:20:13,567 | INFO     | — scan complete — sleeping 60s —
2026-04-21 17:21:13,567 | INFO     | [EURUSD] Position open — skipping.
2026-04-21 17:21:13,568 | INFO     | [GBPUSD] Position open — skipping.
2026-04-21 17:21:13,595 | INFO     | [USDJPY] TA=BUY(B:5/S:3) | ML=HOLD(69%) | FINAL=HOLD
2026-04-21 17:21:13,596 | INFO     | — scan complete — sleeping 60s —
2026-04-21 17:22:13,596 | INFO     | [EURUSD] Position open — skipping.
2026-04-21 17:22:13,597 | INFO     | [GBPUSD] Position open — skipping.
2026-04-21 17:22:13,613 | INFO     | [USDJPY] TA=BUY(B:5/S:3) | ML=HOLD(69%) | FINAL=HOLD
2026-04-21 17:22:13,613 | INFO     | — scan complete — sleeping 60s —
2026-04-21 17:23:13,614 | INFO     | [EURUSD] Position open — skipping.
2026-04-21 17:23:13,614 | INFO     | [GBPUSD] Position open — skipping.
2026-04-21 17:23:13,641 | INFO     | [USDJPY] TA=BUY(B:5/S:3) | ML=HOLD(69%) | FINAL=HOLD
2026-04-21 17:23:13,641 | INFO     | — scan complete — sleeping 60s —
2026-04-21 17:24:13,642 | INFO     | [EURUSD] Position open — skipping.
2026-04-21 17:24:13,642 | INFO     | [GBPUSD] Position open — skipping.
2026-04-21 17:24:13,658 | INFO     | [USDJPY] TA=BUY(B:5/S:3) | ML=HOLD(69%) | FINAL=HOLD
2026-04-21 17:24:13,658 | INFO     | — scan complete — sleeping 60s —
2026-04-21 17:25:13,659 | INFO     | [EURUSD] Position open — skipping.
2026-04-21 17:25:13,659 | INFO     | [GBPUSD] Position open — skipping.
2026-04-21 17:25:13,675 | INFO     | [USDJPY] TA=BUY(B:5/S:3) | ML=HOLD(69%) | FINAL=HOLD
2026-04-21 17:25:13,675 | INFO     | — scan complete — sleeping 60s —
2026-04-21 17:26:13,676 | INFO     | [EURUSD] Position open — skipping.
2026-04-21 17:26:13,676 | INFO     | [GBPUSD] Position open — skipping.
2026-04-21 17:26:13,691 | INFO     | [USDJPY] TA=BUY(B:5/S:3) | ML=HOLD(69%) | FINAL=HOLD
2026-04-21 17:26:13,692 | INFO     | — scan complete — sleeping 60s —
2026-04-21 17:27:13,692 | INFO     | [EURUSD] Position open — skipping.
2026-04-21 17:27:13,693 | INFO     | [GBPUSD] Position open — skipping.
2026-04-21 17:27:13,735 | INFO     | [USDJPY] TA=BUY(B:5/S:3) | ML=HOLD(69%) | FINAL=HOLD
2026-04-21 17:27:13,735 | INFO     | — scan complete — sleeping 60s —
2026-04-21 17:28:13,736 | INFO     | [EURUSD] Position open — skipping.
2026-04-21 17:28:13,736 | INFO     | [GBPUSD] Position open — skipping.
2026-04-21 17:28:13,752 | INFO     | [USDJPY] TA=BUY(B:5/S:3) | ML=HOLD(69%) | FINAL=HOLD
2026-04-21 17:28:13,752 | INFO     | — scan complete — sleeping 60s —
2026-04-21 17:29:13,753 | INFO     | [EURUSD] Position open — skipping.
2026-04-21 17:29:13,753 | INFO     | [GBPUSD] Position open — skipping.
2026-04-21 17:29:13,779 | INFO     | [USDJPY] TA=BUY(B:5/S:3) | ML=HOLD(69%) | FINAL=HOLD
2026-04-21 17:29:13,779 | INFO     | — scan complete — sleeping 60s —
2026-04-21 17:30:13,780 | INFO     | [EURUSD] Position open — skipping.
2026-04-21 17:30:13,780 | INFO     | [GBPUSD] Position open — skipping.
2026-04-21 17:30:13,993 | INFO     | [USDJPY] TA=BUY(B:5/S:3) | ML=HOLD(69%) | FINAL=HOLD
2026-04-21 17:30:13,995 | INFO     | — scan complete — sleeping 60s —
2026-04-21 17:31:13,997 | INFO     | [EURUSD] Position open — skipping.
2026-04-21 17:31:13,998 | INFO     | [GBPUSD] Position open — skipping.
2026-04-21 17:31:14,043 | INFO     | [USDJPY] TA=BUY(B:5/S:3) | ML=HOLD(69%) | FINAL=HOLD
2026-04-21 17:31:14,044 | INFO     | — scan complete — sleeping 60s —
2026-04-21 17:32:14,052 | INFO     | [EURUSD] Position open — skipping.
2026-04-21 17:32:14,052 | INFO     | [GBPUSD] Position open — skipping.
2026-04-21 17:32:14,126 | INFO     | [USDJPY] TA=BUY(B:5/S:3) | ML=HOLD(69%) | FINAL=HOLD
2026-04-21 17:32:14,127 | INFO     | — scan complete — sleeping 60s —
2026-04-21 17:33:14,128 | INFO     | [EURUSD] Position open — skipping.
2026-04-21 17:33:14,128 | INFO     | [GBPUSD] Position open — skipping.
2026-04-21 17:33:14,144 | INFO     | [USDJPY] TA=BUY(B:5/S:3) | ML=HOLD(69%) | FINAL=HOLD
2026-04-21 17:33:14,144 | INFO     | — scan complete — sleeping 60s —
2026-04-21 17:34:14,147 | INFO     | [EURUSD] Position open — skipping.
2026-04-21 17:34:14,147 | INFO     | [GBPUSD] Position open — skipping.
2026-04-21 17:34:14,232 | INFO     | [USDJPY] TA=BUY(B:5/S:3) | ML=HOLD(69%) | FINAL=HOLD
2026-04-21 17:34:14,234 | INFO     | — scan complete — sleeping 60s —
2026-04-21 17:35:14,236 | INFO     | [EURUSD] Position open — skipping.
2026-04-21 17:35:14,236 | INFO     | [GBPUSD] Position open — skipping.
2026-04-21 17:35:14,265 | INFO     | [USDJPY] TA=BUY(B:5/S:3) | ML=HOLD(69%) | FINAL=HOLD
2026-04-21 17:35:14,266 | INFO     | — scan complete — sleeping 60s —
2026-04-21 17:36:14,266 | INFO     | [EURUSD] Position open — skipping.
2026-04-21 17:36:14,267 | INFO     | [GBPUSD] Position open — skipping.
2026-04-21 17:36:14,312 | INFO     | [USDJPY] TA=HOLD(B:4/S:3) | ML=HOLD(61%) | FINAL=HOLD
2026-04-21 17:36:14,312 | INFO     | — scan complete — sleeping 60s —
2026-04-21 17:37:14,313 | INFO     | [EURUSD] Position open — skipping.
2026-04-21 17:37:14,314 | INFO     | [GBPUSD] Position open — skipping.
2026-04-21 17:37:14,349 | INFO     | [USDJPY] TA=HOLD(B:4/S:3) | ML=HOLD(70%) | FINAL=HOLD
2026-04-21 17:37:14,350 | INFO     | — scan complete — sleeping 60s —
2026-04-21 17:38:14,350 | INFO     | [EURUSD] Position open — skipping.
2026-04-21 17:38:14,351 | INFO     | [GBPUSD] Position open — skipping.
2026-04-21 17:38:14,367 | INFO     | [USDJPY] TA=HOLD(B:4/S:3) | ML=HOLD(60%) | FINAL=HOLD
2026-04-21 17:38:14,368 | INFO     | — scan complete — sleeping 60s —
2026-04-21 17:39:14,368 | INFO     | [EURUSD] Position open — skipping.
2026-04-21 17:39:14,370 | INFO     | [GBPUSD] Position open — skipping.
2026-04-21 17:39:14,408 | INFO     | [USDJPY] TA=HOLD(B:4/S:3) | ML=HOLD(45%) | FINAL=HOLD
2026-04-21 17:39:14,408 | INFO     | — scan complete — sleeping 60s —
2026-04-21 17:40:14,409 | INFO     | [EURUSD] Position open — skipping.
2026-04-21 17:40:14,410 | INFO     | [GBPUSD] Position open — skipping.
2026-04-21 17:40:14,434 | INFO     | [USDJPY] TA=HOLD(B:4/S:3) | ML=HOLD(50%) | FINAL=HOLD
2026-04-21 17:40:14,435 | INFO     | — scan complete — sleeping 60s —
2026-04-21 17:41:14,442 | INFO     | [EURUSD] Position open — skipping.
2026-04-21 17:41:14,446 | INFO     | [GBPUSD] Position open — skipping.
2026-04-21 17:41:14,487 | INFO     | [USDJPY] TA=BUY(B:6/S:2) | ML=HOLD(63%) | FINAL=HOLD
2026-04-21 17:41:14,487 | INFO     | — scan complete — sleeping 60s —
2026-04-21 17:42:14,488 | INFO     | [EURUSD] Position open — skipping.
2026-04-21 17:42:14,489 | INFO     | [GBPUSD] Position open — skipping.
2026-04-21 17:42:14,520 | INFO     | [USDJPY] TA=HOLD(B:4/S:3) | ML=HOLD(55%) | FINAL=HOLD
2026-04-21 17:42:14,522 | INFO     | — scan complete — sleeping 60s —
2026-04-21 17:43:14,523 | INFO     | [EURUSD] Position open — skipping.
2026-04-21 17:43:14,524 | INFO     | [GBPUSD] Position open — skipping.
2026-04-21 17:43:14,540 | INFO     | [USDJPY] TA=HOLD(B:4/S:3) | ML=HOLD(53%) | FINAL=HOLD
2026-04-21 17:43:14,541 | INFO     | — scan complete — sleeping 60s —
2026-04-21 17:44:14,563 | INFO     | [EURUSD] Position open — skipping.
2026-04-21 17:44:14,564 | INFO     | [GBPUSD] Position open — skipping.
2026-04-21 17:44:14,600 | INFO     | [USDJPY] TA=HOLD(B:4/S:3) | ML=HOLD(44%) | FINAL=HOLD
2026-04-21 17:44:14,602 | INFO     | — scan complete — sleeping 60s —
2026-04-21 17:45:14,603 | INFO     | [EURUSD] Position open — skipping.
2026-04-21 17:45:14,604 | INFO     | [GBPUSD] Position open — skipping.
2026-04-21 17:45:14,630 | INFO     | [USDJPY] TA=BUY(B:5/S:2) | ML=BUY(39%) | FINAL=BUY
2026-04-21 17:45:14,793 | ERROR    | Order failed [USDJPY]: ForexBot_v1 (code 10019)
2026-04-21 17:45:14,794 | INFO     | — scan complete — sleeping 60s —
2026-04-21 17:46:14,794 | INFO     | [EURUSD] Position open — skipping.
2026-04-21 17:46:14,794 | INFO     | [GBPUSD] Position open — skipping.
2026-04-21 17:46:14,811 | INFO     | [USDJPY] TA=BUY(B:5/S:2) | ML=BUY(43%) | FINAL=BUY
2026-04-21 17:46:14,910 | ERROR    | Order failed [USDJPY]: ForexBot_v1 (code 10019)
2026-04-21 17:46:14,911 | INFO     | — scan complete — sleeping 60s —
2026-04-21 17:47:14,912 | INFO     | [EURUSD] Position open — skipping.
2026-04-21 17:47:14,915 | INFO     | [GBPUSD] Position open — skipping.
2026-04-21 17:47:14,962 | INFO     | [USDJPY] TA=BUY(B:5/S:2) | ML=HOLD(49%) | FINAL=BUY
2026-04-21 17:47:15,111 | ERROR    | Order failed [USDJPY]: ForexBot_v1 (code 10019)
2026-04-21 17:47:15,112 | INFO     | — scan complete — sleeping 60s —
2026-04-21 17:48:15,112 | INFO     | [EURUSD] Position open — skipping.
2026-04-21 17:48:15,113 | INFO     | [GBPUSD] Position open — skipping.
2026-04-21 17:48:15,131 | INFO     | [USDJPY] TA=BUY(B:5/S:2) | ML=HOLD(78%) | FINAL=HOLD
2026-04-21 17:48:15,131 | INFO     | — scan complete — sleeping 60s —
2026-04-21 17:49:15,132 | INFO     | [EURUSD] Position open — skipping.
2026-04-21 17:49:15,132 | INFO     | [GBPUSD] Position open — skipping.
2026-04-21 17:49:15,169 | INFO     | [USDJPY] TA=BUY(B:5/S:2) | ML=HOLD(80%) | FINAL=HOLD
2026-04-21 17:49:15,169 | INFO     | — scan complete — sleeping 60s —
2026-04-21 17:50:15,170 | INFO     | [EURUSD] Position open — skipping.
2026-04-21 17:50:15,171 | INFO     | [GBPUSD] Position open — skipping.
2026-04-21 17:50:15,201 | INFO     | [USDJPY] TA=HOLD(B:4/S:2) | ML=HOLD(81%) | FINAL=HOLD
2026-04-21 17:50:15,201 | INFO     | — scan complete — sleeping 60s —
2026-04-21 17:51:15,229 | INFO     | [EURUSD] Position open — skipping.
2026-04-21 17:51:15,230 | INFO     | [GBPUSD] Position open — skipping.
2026-04-21 17:51:15,368 | INFO     | [USDJPY] TA=HOLD(B:4/S:2) | ML=HOLD(86%) | FINAL=HOLD
2026-04-21 17:51:15,369 | INFO     | — scan complete — sleeping 60s —
2026-04-21 17:52:15,371 | INFO     | [EURUSD] Position open — skipping.
2026-04-21 17:52:15,374 | INFO     | [GBPUSD] Position open — skipping.
2026-04-21 17:52:15,424 | INFO     | [USDJPY] TA=BUY(B:5/S:2) | ML=HOLD(80%) | FINAL=HOLD
2026-04-21 17:52:15,425 | INFO     | — scan complete — sleeping 60s —
2026-04-21 17:53:15,425 | INFO     | [EURUSD] Position open — skipping.
2026-04-21 17:53:15,426 | INFO     | [GBPUSD] Position open — skipping.
2026-04-21 17:53:15,444 | INFO     | [USDJPY] TA=BUY(B:5/S:2) | ML=HOLD(81%) | FINAL=HOLD
2026-04-21 17:53:15,445 | INFO     | — scan complete — sleeping 60s —
2026-04-21 17:54:15,445 | INFO     | [EURUSD] Position open — skipping.
2026-04-21 17:54:15,446 | INFO     | [GBPUSD] Position open — skipping.
2026-04-21 17:54:15,462 | INFO     | [USDJPY] TA=BUY(B:5/S:2) | ML=HOLD(77%) | FINAL=HOLD
2026-04-21 17:54:15,462 | INFO     | — scan complete — sleeping 60s —
2026-04-21 17:55:15,463 | INFO     | [EURUSD] Position open — skipping.
2026-04-21 17:55:15,464 | INFO     | [GBPUSD] Position open — skipping.
2026-04-21 17:55:15,481 | INFO     | [USDJPY] TA=BUY(B:5/S:2) | ML=HOLD(73%) | FINAL=HOLD
2026-04-21 17:55:15,481 | INFO     | — scan complete — sleeping 60s —
2026-04-21 17:56:15,482 | INFO     | [EURUSD] Position open — skipping.
2026-04-21 17:56:15,483 | INFO     | [GBPUSD] Position open — skipping.
2026-04-21 17:56:15,508 | INFO     | [USDJPY] TA=HOLD(B:4/S:2) | ML=HOLD(85%) | FINAL=HOLD
2026-04-21 17:56:15,508 | INFO     | — scan complete — sleeping 60s —
2026-04-21 17:57:15,509 | INFO     | [EURUSD] Position open — skipping.
2026-04-21 17:57:15,510 | INFO     | [GBPUSD] Position open — skipping.
2026-04-21 17:57:15,553 | INFO     | [USDJPY] TA=HOLD(B:4/S:2) | ML=HOLD(81%) | FINAL=HOLD
2026-04-21 17:57:15,553 | INFO     | — scan complete — sleeping 60s —
2026-04-21 17:58:15,554 | INFO     | [EURUSD] Position open — skipping.
2026-04-21 17:58:15,555 | INFO     | [GBPUSD] Position open — skipping.
2026-04-21 17:58:15,582 | INFO     | [USDJPY] TA=HOLD(B:4/S:2) | ML=HOLD(89%) | FINAL=HOLD
2026-04-21 17:58:15,582 | INFO     | — scan complete — sleeping 60s —
2026-04-21 17:59:15,583 | INFO     | [EURUSD] Position open — skipping.
2026-04-21 17:59:15,584 | INFO     | [GBPUSD] Position open — skipping.
2026-04-21 17:59:15,601 | INFO     | [USDJPY] TA=HOLD(B:4/S:2) | ML=HOLD(86%) | FINAL=HOLD
2026-04-21 17:59:15,601 | INFO     | — scan complete — sleeping 60s —
2026-04-21 18:00:15,601 | INFO     | [EURUSD] Position open — skipping.
2026-04-21 18:00:15,601 | INFO     | [GBPUSD] Position open — skipping.
2026-04-21 18:00:15,634 | INFO     | [USDJPY] TA=HOLD(B:4/S:3) | ML=HOLD(77%) | FINAL=HOLD
2026-04-21 18:00:15,635 | INFO     | — scan complete — sleeping 60s —
2026-04-21 18:01:15,635 | INFO     | [EURUSD] Position open — skipping.
2026-04-21 18:01:15,636 | INFO     | [GBPUSD] Position open — skipping.
2026-04-21 18:01:15,652 | INFO     | [USDJPY] TA=HOLD(B:4/S:2) | ML=HOLD(88%) | FINAL=HOLD
2026-04-21 18:01:15,653 | INFO     | — scan complete — sleeping 60s —
2026-04-21 18:02:15,654 | INFO     | [EURUSD] Position open — skipping.
2026-04-21 18:02:15,655 | INFO     | [GBPUSD] Position open — skipping.
2026-04-21 18:02:15,687 | INFO     | [USDJPY] TA=HOLD(B:4/S:3) | ML=HOLD(74%) | FINAL=HOLD
2026-04-21 18:02:15,687 | INFO     | — scan complete — sleeping 60s —
2026-04-21 18:03:15,688 | INFO     | [EURUSD] Position open — skipping.
2026-04-21 18:03:15,690 | INFO     | [GBPUSD] Position open — skipping.
2026-04-21 18:03:15,740 | INFO     | [USDJPY] TA=HOLD(B:4/S:3) | ML=HOLD(84%) | FINAL=HOLD
2026-04-21 18:03:15,740 | INFO     | — scan complete — sleeping 60s —
2026-04-21 18:04:15,742 | INFO     | [EURUSD] Position open — skipping.
2026-04-21 18:04:15,742 | INFO     | [GBPUSD] Position open — skipping.
2026-04-21 18:04:15,790 | INFO     | [USDJPY] TA=HOLD(B:4/S:3) | ML=HOLD(86%) | FINAL=HOLD
2026-04-21 18:04:15,790 | INFO     | — scan complete — sleeping 60s —
2026-04-21 18:05:15,802 | INFO     | [EURUSD] Position open — skipping.
2026-04-21 18:05:15,803 | INFO     | [GBPUSD] Position open — skipping.
2026-04-21 18:05:15,969 | INFO     | [USDJPY] TA=HOLD(B:4/S:3) | ML=HOLD(85%) | FINAL=HOLD
2026-04-21 18:05:15,971 | INFO     | — scan complete — sleeping 60s —
2026-04-21 18:06:15,971 | INFO     | [EURUSD] Position open — skipping.
2026-04-21 18:06:15,973 | INFO     | [GBPUSD] Position open — skipping.
2026-04-21 18:06:15,998 | INFO     | [USDJPY] TA=HOLD(B:4/S:2) | ML=HOLD(95%) | FINAL=HOLD
2026-04-21 18:06:15,998 | INFO     | — scan complete — sleeping 60s —
2026-04-21 18:07:15,998 | INFO     | [EURUSD] Position open — skipping.
2026-04-21 18:07:15,999 | INFO     | [GBPUSD] Position open — skipping.
2026-04-21 18:07:16,014 | INFO     | [USDJPY] TA=HOLD(B:4/S:2) | ML=HOLD(94%) | FINAL=HOLD
2026-04-21 18:07:16,014 | INFO     | — scan complete — sleeping 60s —
2026-04-21 18:08:16,015 | INFO     | [EURUSD] Position open — skipping.
2026-04-21 18:08:16,016 | INFO     | [GBPUSD] Position open — skipping.
2026-04-21 18:08:16,032 | INFO     | [USDJPY] TA=HOLD(B:4/S:3) | ML=HOLD(73%) | FINAL=HOLD
2026-04-21 18:08:16,032 | INFO     | — scan complete — sleeping 60s —
2026-04-21 18:09:16,047 | INFO     | [EURUSD] Position open — skipping.
2026-04-21 18:09:16,049 | INFO     | [GBPUSD] Position open — skipping.
2026-04-21 18:09:16,085 | INFO     | [USDJPY] TA=HOLD(B:4/S:3) | ML=HOLD(51%) | FINAL=HOLD
2026-04-21 18:09:16,086 | INFO     | — scan complete — sleeping 60s —
2026-04-21 18:10:16,086 | INFO     | [EURUSD] Position open — skipping.
2026-04-21 18:10:16,087 | INFO     | [GBPUSD] Position open — skipping.
2026-04-21 18:10:16,103 | INFO     | [USDJPY] TA=HOLD(B:4/S:3) | ML=HOLD(56%) | FINAL=HOLD
2026-04-21 18:10:16,103 | INFO     | — scan complete — sleeping 60s —
2026-04-21 18:11:16,104 | INFO     | [EURUSD] Position open — skipping.
2026-04-21 18:11:16,104 | INFO     | [GBPUSD] Position open — skipping.
2026-04-21 18:11:16,120 | INFO     | [USDJPY] TA=HOLD(B:4/S:3) | ML=HOLD(64%) | FINAL=HOLD
2026-04-21 18:11:16,120 | INFO     | — scan complete — sleeping 60s —
2026-04-21 18:12:16,121 | INFO     | [EURUSD] Position open — skipping.
2026-04-21 18:12:16,121 | INFO     | [GBPUSD] Position open — skipping.
2026-04-21 18:12:16,140 | INFO     | [USDJPY] TA=HOLD(B:4/S:3) | ML=HOLD(66%) | FINAL=HOLD
2026-04-21 18:12:16,141 | INFO     | — scan complete — sleeping 60s —
2026-04-21 18:13:16,142 | INFO     | [EURUSD] Position open — skipping.
2026-04-21 18:13:16,143 | INFO     | [GBPUSD] Position open — skipping.
2026-04-21 18:13:16,277 | INFO     | [USDJPY] TA=HOLD(B:4/S:3) | ML=HOLD(51%) | FINAL=HOLD
2026-04-21 18:13:16,281 | INFO     | — scan complete — sleeping 60s —
2026-04-21 18:14:16,282 | INFO     | [EURUSD] Position open — skipping.
2026-04-21 18:14:16,283 | INFO     | [GBPUSD] Position open — skipping.
2026-04-21 18:14:16,301 | INFO     | [USDJPY] TA=HOLD(B:4/S:3) | ML=HOLD(67%) | FINAL=HOLD
2026-04-21 18:14:16,301 | INFO     | — scan complete — sleeping 60s —
2026-04-21 18:15:16,302 | INFO     | [EURUSD] Position open — skipping.
2026-04-21 18:15:16,303 | INFO     | [GBPUSD] Position open — skipping.
2026-04-21 18:15:16,368 | INFO     | [USDJPY] TA=HOLD(B:4/S:3) | ML=HOLD(67%) | FINAL=HOLD
2026-04-21 18:15:16,369 | INFO     | — scan complete — sleeping 60s —
2026-04-21 18:16:16,370 | INFO     | [EURUSD] Position open — skipping.
2026-04-21 18:16:16,370 | INFO     | [GBPUSD] Position open — skipping.
2026-04-21 18:16:16,389 | INFO     | [USDJPY] TA=HOLD(B:4/S:3) | ML=HOLD(67%) | FINAL=HOLD
2026-04-21 18:16:16,389 | INFO     | — scan complete — sleeping 60s —
2026-04-21 18:17:16,389 | INFO     | [EURUSD] Position open — skipping.
2026-04-21 18:17:16,390 | INFO     | [GBPUSD] Position open — skipping.
2026-04-21 18:17:16,408 | INFO     | [USDJPY] TA=HOLD(B:4/S:3) | ML=HOLD(67%) | FINAL=HOLD
2026-04-21 18:17:16,409 | INFO     | — scan complete — sleeping 60s —
2026-04-21 19:52:59,925 | INFO     | [EURUSD] Position open — skipping.
2026-04-21 19:52:59,953 | INFO     | [GBPUSD] Position open — skipping.
2026-04-21 19:53:35,701 | INFO     | [USDJPY] TA=HOLD(B:4/S:2) | ML=HOLD(90%) | FINAL=HOLD
2026-04-21 19:53:35,705 | INFO     | — scan complete — sleeping 60s —
2026-04-21 19:53:39,442 | INFO     | Bot stopped by user (Ctrl+C).
2026-04-21 19:53:39,479 | INFO     | MT5 disconnected. Goodbye.
2026-04-21 19:53:42,734 | INFO     | ============================================================
2026-04-21 19:53:42,735 | INFO     |   FOREX BOT STARTING
2026-04-21 19:53:42,735 | INFO     |   Symbols   : ['EURUSD', 'GBPUSD', 'USDJPY']
2026-04-21 19:53:42,736 | INFO     |   Timeframe : M15
2026-04-21 19:53:42,737 | INFO     |   Risk/trade: 1.0%  |  Max DD: 10.0%
2026-04-21 19:53:42,737 | INFO     | ============================================================
2026-04-21 19:53:42,763 | INFO     | Mapped symbol EURUSD -> EURUSDm
2026-04-21 19:53:42,765 | INFO     | Mapped symbol GBPUSD -> GBPUSDm
2026-04-21 19:53:42,768 | INFO     | Mapped symbol USDJPY -> USDJPYm
2026-04-21 19:53:42,769 | INFO     | Connected | Account #413646889 | Balance: 226.32 | Equity: 224.88
2026-04-21 19:53:42,770 | INFO     | Training ML models (this may take a moment)...
2026-04-21 19:53:44,891 | INFO     | [EURUSD] ML trained | val accuracy: 70.4%
2026-04-21 19:53:47,032 | INFO     | [GBPUSD] ML trained | val accuracy: 61.7%
2026-04-21 19:53:49,146 | INFO     | [USDJPY] ML trained | val accuracy: 55.6%
2026-04-21 19:53:49,156 | INFO     | ML models ready.
2026-04-21 19:53:49,158 | INFO     | [EURUSD] Position open — skipping.
2026-04-21 19:53:49,158 | INFO     | [GBPUSD] Position open — skipping.
2026-04-21 19:53:49,179 | INFO     | [USDJPY] TA=HOLD(B:4/S:2) | ML=HOLD(93%) | FINAL=HOLD
2026-04-21 19:53:49,179 | INFO     | — scan complete — sleeping 60s —
2026-04-21 19:54:49,181 | INFO     | [EURUSD] Position open — skipping.
2026-04-21 19:54:49,181 | INFO     | [GBPUSD] Position open — skipping.
2026-04-21 19:54:49,203 | INFO     | [USDJPY] TA=HOLD(B:2/S:0) | ML=HOLD(84%) | FINAL=HOLD
2026-04-21 19:54:49,206 | INFO     | — scan complete — sleeping 60s —
2026-04-21 19:55:49,207 | INFO     | [EURUSD] Position open — skipping.
2026-04-21 19:55:49,208 | INFO     | [GBPUSD] Position open — skipping.
2026-04-21 19:55:49,241 | INFO     | [USDJPY] TA=HOLD(B:2/S:0) | ML=HOLD(87%) | FINAL=HOLD
2026-04-21 19:55:49,243 | INFO     | — scan complete — sleeping 60s —
2026-04-21 19:56:49,267 | INFO     | [EURUSD] Position open — skipping.
2026-04-21 19:56:49,334 | INFO     | [GBPUSD] Position open — skipping.
2026-04-21 19:56:49,473 | INFO     | [USDJPY] TA=HOLD(B:4/S:3) | ML=HOLD(59%) | FINAL=HOLD
2026-04-21 19:56:49,473 | INFO     | — scan complete — sleeping 60s —
2026-04-21 19:57:49,474 | INFO     | [EURUSD] Position open — skipping.
2026-04-21 19:57:49,476 | INFO     | [GBPUSD] Position open — skipping.
2026-04-21 19:57:49,496 | INFO     | [USDJPY] TA=HOLD(B:4/S:2) | ML=HOLD(87%) | FINAL=HOLD
2026-04-21 19:57:49,496 | INFO     | — scan complete — sleeping 60s —
2026-04-21 19:58:49,497 | INFO     | [EURUSD] Position open — skipping.
2026-04-21 19:58:49,497 | INFO     | [GBPUSD] Position open — skipping.
2026-04-21 19:58:49,531 | INFO     | [USDJPY] TA=HOLD(B:4/S:3) | ML=HOLD(72%) | FINAL=HOLD
2026-04-21 19:58:49,532 | INFO     | — scan complete — sleeping 60s —
2026-04-21 19:59:49,534 | INFO     | [EURUSD] Position open — skipping.
2026-04-21 19:59:49,534 | INFO     | [GBPUSD] Position open — skipping.
2026-04-21 19:59:49,570 | INFO     | [USDJPY] TA=HOLD(B:4/S:3) | ML=HOLD(80%) | FINAL=HOLD
2026-04-21 19:59:49,570 | INFO     | — scan complete — sleeping 60s —
2026-04-21 20:00:49,571 | INFO     | [EURUSD] Position open — skipping.
2026-04-21 20:00:49,571 | INFO     | [GBPUSD] Position open — skipping.
2026-04-21 20:00:49,618 | INFO     | [USDJPY] TA=HOLD(B:2/S:1) | ML=HOLD(91%) | FINAL=HOLD
2026-04-21 20:00:49,618 | INFO     | — scan complete — sleeping 60s —
2026-04-21 20:01:49,619 | INFO     | [EURUSD] Position open — skipping.
2026-04-21 20:01:49,619 | INFO     | [GBPUSD] Position open — skipping.
2026-04-21 20:01:49,656 | INFO     | [USDJPY] TA=HOLD(B:2/S:1) | ML=HOLD(89%) | FINAL=HOLD
2026-04-21 20:01:49,657 | INFO     | — scan complete — sleeping 60s —
2026-04-21 20:02:49,658 | INFO     | [EURUSD] Position open — skipping.
2026-04-21 20:02:49,659 | INFO     | [GBPUSD] Position open — skipping.
2026-04-21 20:02:49,679 | INFO     | [USDJPY] TA=HOLD(B:2/S:1) | ML=HOLD(89%) | FINAL=HOLD
2026-04-21 20:02:49,679 | INFO     | — scan complete — sleeping 60s —
2026-04-21 20:03:49,681 | INFO     | [EURUSD] Position open — skipping.
2026-04-21 20:03:49,681 | INFO     | [GBPUSD] Position open — skipping.
2026-04-21 20:03:49,713 | INFO     | [USDJPY] TA=HOLD(B:2/S:1) | ML=HOLD(92%) | FINAL=HOLD
2026-04-21 20:03:49,714 | INFO     | — scan complete — sleeping 60s —
2026-04-21 20:04:49,765 | INFO     | [EURUSD] Position open — skipping.
2026-04-21 20:04:49,785 | INFO     | [GBPUSD] Position open — skipping.
2026-04-21 20:04:49,848 | INFO     | [USDJPY] TA=HOLD(B:2/S:1) | ML=HOLD(91%) | FINAL=HOLD
2026-04-21 20:04:49,848 | INFO     | — scan complete — sleeping 60s —
2026-04-21 20:05:49,853 | INFO     | [EURUSD] Position open — skipping.
2026-04-21 20:05:49,890 | INFO     | [GBPUSD] Position open — skipping.
2026-04-21 20:05:50,063 | INFO     | [USDJPY] TA=HOLD(B:2/S:0) | ML=HOLD(92%) | FINAL=HOLD
2026-04-21 20:05:50,064 | INFO     | — scan complete — sleeping 60s —
2026-04-21 20:06:50,065 | INFO     | [EURUSD] Position open — skipping.
2026-04-21 20:06:50,066 | INFO     | [GBPUSD] Position open — skipping.
2026-04-21 20:06:50,087 | INFO     | [USDJPY] TA=HOLD(B:2/S:0) | ML=HOLD(92%) | FINAL=HOLD
2026-04-21 20:06:50,088 | INFO     | — scan complete — sleeping 60s —
2026-04-21 20:07:50,088 | INFO     | [EURUSD] Position open — skipping.
2026-04-21 20:07:50,088 | INFO     | [GBPUSD] Position open — skipping.
2026-04-21 20:07:50,107 | INFO     | [USDJPY] TA=HOLD(B:2/S:0) | ML=HOLD(85%) | FINAL=HOLD
2026-04-21 20:07:50,107 | INFO     | — scan complete — sleeping 60s —
2026-04-21 20:08:50,108 | INFO     | [EURUSD] Position open — skipping.
2026-04-21 20:08:50,108 | INFO     | [GBPUSD] Position open — skipping.
2026-04-21 20:08:50,140 | INFO     | [USDJPY] TA=HOLD(B:1/S:1) | ML=HOLD(94%) | FINAL=HOLD
2026-04-21 20:08:50,141 | INFO     | — scan complete — sleeping 60s —
2026-04-21 20:09:50,142 | INFO     | [EURUSD] Position open — skipping.
2026-04-21 20:09:50,144 | INFO     | [GBPUSD] Position open — skipping.
2026-04-21 20:09:50,165 | INFO     | [USDJPY] TA=HOLD(B:1/S:1) | ML=HOLD(91%) | FINAL=HOLD
2026-04-21 20:09:50,166 | INFO     | — scan complete — sleeping 60s —
2026-04-21 20:10:50,168 | INFO     | [EURUSD] Position open — skipping.
2026-04-21 20:10:50,169 | INFO     | [GBPUSD] Position open — skipping.
2026-04-21 20:10:50,205 | INFO     | [USDJPY] TA=HOLD(B:1/S:1) | ML=HOLD(84%) | FINAL=HOLD
2026-04-21 20:10:50,206 | INFO     | — scan complete — sleeping 60s —
2026-04-21 20:11:50,207 | INFO     | [EURUSD] Position open — skipping.
2026-04-21 20:11:50,207 | INFO     | [GBPUSD] Position open — skipping.
2026-04-21 20:11:50,227 | INFO     | [USDJPY] TA=HOLD(B:2/S:1) | ML=HOLD(70%) | FINAL=HOLD
2026-04-21 20:11:50,227 | INFO     | — scan complete — sleeping 60s —
2026-04-21 20:12:50,273 | INFO     | [EURUSD] Position open — skipping.
2026-04-21 20:12:50,283 | INFO     | [GBPUSD] Position open — skipping.
2026-04-21 20:12:50,374 | INFO     | [USDJPY] TA=HOLD(B:1/S:1) | ML=HOLD(58%) | FINAL=HOLD
2026-04-21 20:12:50,374 | INFO     | — scan complete — sleeping 60s —
2026-04-21 20:13:50,375 | INFO     | [EURUSD] Position open — skipping.
2026-04-21 20:13:50,375 | INFO     | [GBPUSD] Position open — skipping.
2026-04-21 20:13:50,393 | INFO     | [USDJPY] TA=HOLD(B:2/S:1) | ML=HOLD(57%) | FINAL=HOLD
2026-04-21 20:13:50,393 | INFO     | — scan complete — sleeping 60s —
2026-04-21 20:14:50,393 | INFO     | [EURUSD] Position open — skipping.
2026-04-21 20:14:50,394 | INFO     | [GBPUSD] Position open — skipping.
2026-04-21 20:14:50,415 | INFO     | [USDJPY] TA=HOLD(B:2/S:1) | ML=HOLD(59%) | FINAL=HOLD
2026-04-21 20:14:50,415 | INFO     | — scan complete — sleeping 60s —
2026-04-21 20:15:50,442 | INFO     | [EURUSD] Position open — skipping.
2026-04-21 20:15:50,447 | INFO     | [GBPUSD] Position open — skipping.
2026-04-21 20:15:50,537 | INFO     | [USDJPY] TA=HOLD(B:2/S:0) | ML=HOLD(87%) | FINAL=HOLD
2026-04-21 20:15:50,537 | INFO     | — scan complete — sleeping 60s —
2026-04-21 20:16:50,538 | INFO     | [EURUSD] Position open — skipping.
2026-04-21 20:16:50,538 | INFO     | [GBPUSD] Position open — skipping.
2026-04-21 20:16:50,569 | INFO     | [USDJPY] TA=HOLD(B:2/S:0) | ML=HOLD(87%) | FINAL=HOLD
2026-04-21 20:16:50,570 | INFO     | — scan complete — sleeping 60s —
2026-04-21 20:17:50,572 | INFO     | [EURUSD] Position open — skipping.
2026-04-21 20:17:50,573 | INFO     | [GBPUSD] Position open — skipping.
2026-04-21 20:17:50,608 | INFO     | [USDJPY] TA=HOLD(B:2/S:1) | ML=HOLD(63%) | FINAL=HOLD
2026-04-21 20:17:50,609 | INFO     | — scan complete — sleeping 60s —
2026-04-21 20:18:50,610 | INFO     | [EURUSD] Position open — skipping.
2026-04-21 20:18:50,611 | INFO     | [GBPUSD] Position open — skipping.
2026-04-21 20:18:50,650 | INFO     | [USDJPY] TA=HOLD(B:2/S:1) | ML=HOLD(49%) | FINAL=HOLD
2026-04-21 20:18:50,651 | INFO     | — scan complete — sleeping 60s —
2026-04-21 20:19:50,652 | INFO     | [EURUSD] Position open — skipping.
2026-04-21 20:19:50,652 | INFO     | [GBPUSD] Position open — skipping.
2026-04-21 20:19:50,674 | INFO     | [USDJPY] TA=HOLD(B:2/S:1) | ML=HOLD(39%) | FINAL=HOLD
2026-04-21 20:19:50,675 | INFO     | — scan complete — sleeping 60s —
2026-04-21 20:20:50,675 | INFO     | [EURUSD] Position open — skipping.
2026-04-21 20:20:50,676 | INFO     | [GBPUSD] Position open — skipping.
2026-04-21 20:20:50,695 | INFO     | [USDJPY] TA=HOLD(B:2/S:1) | ML=SELL(54%) | FINAL=HOLD
2026-04-21 20:20:50,696 | INFO     | — scan complete — sleeping 60s —
2026-04-21 20:21:50,697 | INFO     | [EURUSD] Position open — skipping.
2026-04-21 20:21:50,697 | INFO     | [GBPUSD] Position open — skipping.
2026-04-21 20:21:50,716 | INFO     | [USDJPY] TA=HOLD(B:2/S:1) | ML=SELL(52%) | FINAL=HOLD
2026-04-21 20:21:50,717 | INFO     | — scan complete — sleeping 60s —
2026-04-21 20:22:50,717 | INFO     | [EURUSD] Position open — skipping.
2026-04-21 20:22:50,718 | INFO     | [GBPUSD] Position open — skipping.
2026-04-21 20:22:50,742 | INFO     | [USDJPY] TA=HOLD(B:2/S:1) | ML=SELL(78%) | FINAL=HOLD
2026-04-21 20:22:50,742 | INFO     | — scan complete — sleeping 60s —
2026-04-21 20:23:50,743 | INFO     | [EURUSD] Position open — skipping.
2026-04-21 20:23:50,744 | INFO     | [GBPUSD] Position open — skipping.
2026-04-21 20:23:50,777 | INFO     | [USDJPY] TA=HOLD(B:2/S:1) | ML=SELL(68%) | FINAL=HOLD
2026-04-21 20:23:50,778 | INFO     | — scan complete — sleeping 60s —
2026-04-21 20:24:50,836 | INFO     | [EURUSD] Position open — skipping.
2026-04-21 20:24:50,856 | INFO     | [GBPUSD] Position open — skipping.
2026-04-21 20:24:50,951 | INFO     | [USDJPY] TA=HOLD(B:2/S:1) | ML=SELL(73%) | FINAL=HOLD
2026-04-21 20:24:50,952 | INFO     | — scan complete — sleeping 60s —
2026-04-21 20:25:50,953 | INFO     | [EURUSD] Position open — skipping.
2026-04-21 20:25:50,954 | INFO     | [GBPUSD] Position open — skipping.
2026-04-21 20:25:50,993 | INFO     | [USDJPY] TA=BUY(B:6/S:2) | ML=SELL(76%) | FINAL=HOLD
2026-04-21 20:25:50,993 | INFO     | — scan complete — sleeping 60s —
2026-04-21 20:26:50,994 | INFO     | [EURUSD] Position open — skipping.
2026-04-21 20:26:50,994 | INFO     | [GBPUSD] Position open — skipping.
2026-04-21 20:26:51,025 | INFO     | [USDJPY] TA=BUY(B:6/S:2) | ML=SELL(85%) | FINAL=SELL
2026-04-21 20:26:51,830 | INFO     | ORDER OK SELL USDJPY | lot=1.20 | price=159.31100 | SL=159.62100 | TP=158.71100
2026-04-21 20:26:51,871 | INFO     | — scan complete — sleeping 60s —
2026-04-21 20:27:51,886 | ERROR    | Max drawdown exceeded: 15.84%
2026-04-21 20:27:51,886 | ERROR    | Bot stopping due to drawdown limit.
2026-04-21 20:27:51,886 | INFO     | MT5 disconnected. Goodbye.
2026-04-21 20:33:14,008 | INFO     | ============================================================
2026-04-21 20:33:14,021 | INFO     |   FOREX BOT STARTING
2026-04-21 20:33:14,031 | INFO     |   Symbols   : ['EURUSD', 'GBPUSD', 'USDJPY']
2026-04-21 20:33:14,036 | INFO     |   Timeframe : M15
2026-04-21 20:33:14,040 | INFO     |   Risk/trade: 1.0%  |  Max DD: 10.0%
2026-04-21 20:33:14,046 | INFO     | ============================================================
2026-04-21 20:33:14,070 | INFO     | Mapped symbol EURUSD -> EURUSDm
2026-04-21 20:33:14,071 | INFO     | Mapped symbol GBPUSD -> GBPUSDm
2026-04-21 20:33:14,071 | INFO     | Mapped symbol USDJPY -> USDJPYm
2026-04-21 20:33:14,071 | INFO     | Connected | Account #413646889 | Balance: 226.32 | Equity: 184.21
2026-04-21 20:33:14,071 | INFO     | Training ML models (this may take a moment)...
2026-04-21 20:33:16,208 | INFO     | [EURUSD] ML trained | val accuracy: 69.4%
2026-04-21 20:33:18,340 | INFO     | [GBPUSD] ML trained | val accuracy: 59.7%
2026-04-21 20:33:20,492 | INFO     | [USDJPY] ML trained | val accuracy: 56.1%
2026-04-21 20:33:20,503 | INFO     | ML models ready.
2026-04-21 20:33:20,503 | INFO     | [EURUSD] Position open — skipping.
2026-04-21 20:33:20,503 | INFO     | [GBPUSD] Position open — skipping.
2026-04-21 20:33:20,504 | INFO     | [USDJPY] Position open — skipping.
2026-04-21 20:33:20,504 | INFO     | — scan complete — sleeping 60s —
2026-04-21 20:34:20,505 | INFO     | [EURUSD] Position open — skipping.
2026-04-21 20:34:20,505 | INFO     | [GBPUSD] Position open — skipping.
2026-04-21 20:34:20,505 | INFO     | [USDJPY] Position open — skipping.
2026-04-21 20:34:20,505 | INFO     | — scan complete — sleeping 60s —
2026-04-21 20:35:20,506 | INFO     | [EURUSD] Position open — skipping.
2026-04-21 20:35:20,545 | INFO     | [GBPUSD] Position open — skipping.
2026-04-21 20:35:20,561 | INFO     | [USDJPY] Position open — skipping.
2026-04-21 20:35:20,568 | INFO     | — scan complete — sleeping 60s —
2026-04-21 20:36:20,581 | INFO     | [EURUSD] Position open — skipping.
2026-04-21 20:36:20,581 | INFO     | [GBPUSD] Position open — skipping.
2026-04-21 20:36:20,582 | INFO     | [USDJPY] Position open — skipping.
2026-04-21 20:36:20,583 | INFO     | — scan complete — sleeping 60s —
2026-04-21 20:37:20,584 | INFO     | [EURUSD] Position open — skipping.
2026-04-21 20:37:20,584 | INFO     | [GBPUSD] Position open — skipping.
2026-04-21 20:37:20,585 | INFO     | [USDJPY] Position open — skipping.
2026-04-21 20:37:20,585 | INFO     | — scan complete — sleeping 60s —
2026-04-21 20:38:20,585 | INFO     | [EURUSD] Position open — skipping.
2026-04-21 20:38:20,586 | INFO     | [GBPUSD] Position open — skipping.
2026-04-21 20:38:20,586 | INFO     | [USDJPY] Position open — skipping.
2026-04-21 20:38:20,586 | INFO     | — scan complete — sleeping 60s —
2026-04-21 20:39:20,587 | INFO     | [EURUSD] Position open — skipping.
2026-04-21 20:39:20,589 | INFO     | [GBPUSD] Position open — skipping.
2026-04-21 20:39:20,590 | INFO     | [USDJPY] Position open — skipping.
2026-04-21 20:39:20,590 | INFO     | — scan complete — sleeping 60s —
2026-04-21 20:40:20,591 | INFO     | [EURUSD] Position open — skipping.
2026-04-21 20:40:20,596 | INFO     | [GBPUSD] Position open — skipping.
2026-04-21 20:40:20,602 | INFO     | [USDJPY] Position open — skipping.
2026-04-21 20:40:20,605 | INFO     | — scan complete — sleeping 60s —
2026-04-21 20:41:20,607 | INFO     | [EURUSD] Position open — skipping.
2026-04-21 20:41:20,607 | INFO     | [GBPUSD] Position open — skipping.
2026-04-21 20:41:20,607 | INFO     | [USDJPY] Position open — skipping.
2026-04-21 20:41:20,608 | INFO     | — scan complete — sleeping 60s —
2026-04-21 20:42:20,608 | INFO     | [EURUSD] Position open — skipping.
2026-04-21 20:42:20,609 | INFO     | [GBPUSD] Position open — skipping.
2026-04-21 20:42:20,609 | INFO     | [USDJPY] Position open — skipping.
2026-04-21 20:42:20,609 | INFO     | — scan complete — sleeping 60s —
2026-04-21 20:43:20,610 | INFO     | [EURUSD] Position open — skipping.
2026-04-21 20:43:20,610 | INFO     | [GBPUSD] Position open — skipping.
2026-04-21 20:43:20,610 | INFO     | [USDJPY] Position open — skipping.
2026-04-21 20:43:20,610 | INFO     | — scan complete — sleeping 60s —
2026-04-21 20:44:20,611 | INFO     | [EURUSD] Position open — skipping.
2026-04-21 20:44:20,612 | INFO     | [GBPUSD] Position open — skipping.
2026-04-21 20:44:20,612 | INFO     | [USDJPY] Position open — skipping.
2026-04-21 20:44:20,612 | INFO     | — scan complete — sleeping 60s —
2026-04-21 20:45:20,612 | INFO     | [EURUSD] Position open — skipping.
2026-04-21 20:45:20,613 | INFO     | [GBPUSD] Position open — skipping.
2026-04-21 20:45:20,613 | INFO     | [USDJPY] Position open — skipping.
2026-04-21 20:45:20,613 | INFO     | — scan complete — sleeping 60s —
2026-04-21 20:46:20,614 | INFO     | [EURUSD] Position open — skipping.
2026-04-21 20:46:20,689 | INFO     | [GBPUSD] Position open — skipping.
2026-04-21 20:46:20,698 | INFO     | [USDJPY] Position open — skipping.
2026-04-21 20:46:20,701 | INFO     | — scan complete — sleeping 60s —
2026-04-21 20:47:20,712 | INFO     | [EURUSD] Position open — skipping.
2026-04-21 20:47:20,713 | INFO     | [GBPUSD] Position open — skipping.
2026-04-21 20:47:20,713 | INFO     | [USDJPY] Position open — skipping.
2026-04-21 20:47:20,713 | INFO     | — scan complete — sleeping 60s —
2026-04-21 20:48:20,714 | INFO     | [EURUSD] Position open — skipping.
2026-04-21 20:48:20,714 | INFO     | [GBPUSD] Position open — skipping.
2026-04-21 20:48:20,714 | INFO     | [USDJPY] Position open — skipping.
2026-04-21 20:48:20,715 | INFO     | — scan complete — sleeping 60s —
2026-04-21 20:49:20,715 | INFO     | [EURUSD] Position open — skipping.
2026-04-21 20:49:20,719 | INFO     | [GBPUSD] Position open — skipping.
2026-04-21 20:49:20,720 | INFO     | [USDJPY] Position open — skipping.
2026-04-21 20:49:20,721 | INFO     | — scan complete — sleeping 60s —
2026-04-21 20:50:20,721 | INFO     | [EURUSD] Position open — skipping.
2026-04-21 20:50:20,722 | INFO     | [GBPUSD] Position open — skipping.
2026-04-21 20:50:20,722 | INFO     | [USDJPY] Position open — skipping.
2026-04-21 20:50:20,722 | INFO     | — scan complete — sleeping 60s —
2026-04-21 20:51:20,723 | INFO     | [EURUSD] Position open — skipping.
2026-04-21 20:51:20,724 | INFO     | [GBPUSD] Position open — skipping.
2026-04-21 20:51:20,724 | INFO     | [USDJPY] Position open — skipping.
2026-04-21 20:51:20,724 | INFO     | — scan complete — sleeping 60s —
2026-04-21 20:52:20,725 | INFO     | [EURUSD] Position open — skipping.
2026-04-21 20:52:20,833 | INFO     | [GBPUSD] Position open — skipping.
2026-04-21 20:52:20,841 | INFO     | [USDJPY] Position open — skipping.
2026-04-21 20:52:20,844 | INFO     | — scan complete — sleeping 60s —
2026-04-21 20:53:20,854 | INFO     | [EURUSD] Position open — skipping.
2026-04-21 20:53:20,855 | INFO     | [GBPUSD] Position open — skipping.
2026-04-21 20:53:20,856 | INFO     | [USDJPY] Position open — skipping.
2026-04-21 20:53:20,857 | INFO     | — scan complete — sleeping 60s —
2026-04-21 20:54:20,858 | INFO     | [EURUSD] Position open — skipping.
2026-04-21 20:54:20,858 | INFO     | [GBPUSD] Position open — skipping.
2026-04-21 20:54:20,858 | INFO     | [USDJPY] Position open — skipping.
2026-04-21 20:54:20,858 | INFO     | — scan complete — sleeping 60s —
2026-04-21 20:55:20,859 | INFO     | [EURUSD] Position open — skipping.
2026-04-21 20:55:20,859 | INFO     | [GBPUSD] Position open — skipping.
2026-04-21 20:55:20,860 | INFO     | [USDJPY] Position open — skipping.
2026-04-21 20:55:20,860 | INFO     | — scan complete — sleeping 60s —
2026-04-21 20:56:20,861 | INFO     | [EURUSD] Position open — skipping.
2026-04-21 20:56:20,862 | INFO     | [GBPUSD] Position open — skipping.
2026-04-21 20:56:20,863 | INFO     | [USDJPY] Position open — skipping.
2026-04-21 20:56:20,864 | INFO     | — scan complete — sleeping 60s —
2026-04-21 20:57:20,865 | INFO     | [EURUSD] Position open — skipping.
2026-04-21 20:57:20,865 | INFO     | [GBPUSD] Position open — skipping.
2026-04-21 20:57:20,865 | INFO     | [USDJPY] Position open — skipping.
2026-04-21 20:57:20,866 | INFO     | — scan complete — sleeping 60s —
2026-04-21 20:58:20,866 | ERROR    | Max drawdown exceeded: 10.04%
2026-04-21 20:58:20,867 | ERROR    | Bot stopping due to drawdown limit.
2026-04-21 20:58:20,867 | INFO     | MT5 disconnected. Goodbye.
2026-04-22 09:16:39,831 | INFO     | Mapped symbol EURUSD -> EURUSDm
2026-04-22 09:16:39,833 | INFO     | Mapped symbol GBPUSD -> GBPUSDm
2026-04-22 09:16:39,833 | INFO     | Mapped symbol USDJPY -> USDJPYm
2026-04-22 09:16:39,833 | INFO     | Connected | Account #413646889 | Balance: 0.00 | Equity: 0.00
2026-04-22 09:17:10,734 | INFO     | Mapped symbol EURUSD -> EURUSDm
2026-04-22 09:17:10,735 | INFO     | Mapped symbol GBPUSD -> GBPUSDm
2026-04-22 09:17:10,735 | INFO     | Mapped symbol USDJPY -> USDJPYm
2026-04-22 09:17:10,736 | INFO     | Connected | Account #413646889 | Balance: 0.00 | Equity: 0.00
2026-04-22 09:17:29,220 | INFO     | Mapped symbol EURUSD -> EURUSDm
2026-04-22 09:17:29,229 | INFO     | Mapped symbol GBPUSD -> GBPUSDm
2026-04-22 09:17:29,231 | INFO     | Mapped symbol USDJPY -> USDJPYm
2026-04-22 09:17:29,235 | INFO     | Connected | Account #413646889 | Balance: 0.00 | Equity: 0.00
2026-04-22 09:19:13,499 | INFO     | Mapped symbol EURUSD -> EURUSDm
2026-04-22 09:19:13,499 | INFO     | Mapped symbol GBPUSD -> GBPUSDm
2026-04-22 09:19:13,501 | INFO     | Mapped symbol USDJPY -> USDJPYm
2026-04-22 09:19:13,502 | INFO     | Connected | Account #413646889 | Balance: 0.00 | Equity: 0.00
2026-04-22 09:19:16,325 | INFO     | [EURUSD] ML trained | val accuracy: 66.7%
2026-04-22 09:19:23,371 | INFO     | [BT EURUSD] overall_acc=2.09% | trade_acc=35.71% | trades=14/479
2026-04-22 09:19:26,360 | INFO     | [GBPUSD] ML trained | val accuracy: 59.4%
2026-04-22 09:19:33,355 | INFO     | [BT GBPUSD] overall_acc=3.55% | trade_acc=41.38% | trades=29/479
2026-04-22 09:19:36,250 | INFO     | [USDJPY] ML trained | val accuracy: 66.7%
2026-04-22 09:19:44,151 | INFO     | [BT USDJPY] overall_acc=2.92% | trade_acc=52.63% | trades=19/479
2026-04-22 09:20:49,801 | INFO     | ============================================================
2026-04-22 09:20:49,802 | INFO     |   FOREX BOT STARTING
2026-04-22 09:20:49,803 | INFO     |   Symbols   : ['EURUSD', 'GBPUSD', 'USDJPY']
2026-04-22 09:20:49,805 | INFO     |   Timeframe : M15
2026-04-22 09:20:49,806 | INFO     |   Risk/trade: 1.0%  |  Max DD: 10.0%
2026-04-22 09:20:49,806 | INFO     | ============================================================
2026-04-22 09:20:49,823 | INFO     | Mapped symbol EURUSD -> EURUSDm
2026-04-22 09:20:49,824 | INFO     | Mapped symbol GBPUSD -> GBPUSDm
2026-04-22 09:20:49,826 | INFO     | Mapped symbol USDJPY -> USDJPYm
2026-04-22 09:20:49,827 | INFO     | Connected | Account #413646889 | Balance: 100.00 | Equity: 100.00
2026-04-22 09:20:49,829 | INFO     | Training ML models (this may take a moment)...
2026-04-22 09:20:51,997 | INFO     | [EURUSD] ML trained | val accuracy: 71.9%
2026-04-22 09:20:54,105 | INFO     | [GBPUSD] ML trained | val accuracy: 63.8%
2026-04-22 09:20:56,201 | INFO     | [USDJPY] ML trained | val accuracy: 61.7%
2026-04-22 09:20:56,211 | INFO     | ML models ready.
2026-04-22 09:20:56,230 | INFO     | [EURUSD] TA=HOLD(B:0/S:2) | ML=HOLD(94%) | FINAL=HOLD
2026-04-22 09:20:56,247 | INFO     | [GBPUSD] TA=HOLD(B:1/S:1) | ML=HOLD(61%) | FINAL=HOLD
2026-04-22 09:20:56,265 | INFO     | [USDJPY] TA=HOLD(B:4/S:2) | ML=HOLD(82%) | FINAL=HOLD
2026-04-22 09:20:56,265 | INFO     | — scan complete — sleeping 60s —
2026-04-22 09:21:28,893 | INFO     | Bot stopped by user (Ctrl+C).
2026-04-22 09:21:28,905 | INFO     | MT5 disconnected. Goodbye.
2026-04-22 09:21:32,236 | INFO     | ============================================================
2026-04-22 09:21:32,236 | INFO     |   FOREX BOT STARTING
2026-04-22 09:21:32,236 | INFO     |   Symbols   : ['EURUSD', 'GBPUSD', 'USDJPY']
2026-04-22 09:21:32,237 | INFO     |   Timeframe : M15
2026-04-22 09:21:32,237 | INFO     |   Risk/trade: 1.0%  |  Max DD: 10.0%
2026-04-22 09:21:32,237 | INFO     | ============================================================
2026-04-22 09:21:32,252 | INFO     | Mapped symbol EURUSD -> EURUSDm
2026-04-22 09:21:32,252 | INFO     | Mapped symbol GBPUSD -> GBPUSDm
2026-04-22 09:21:32,253 | INFO     | Mapped symbol USDJPY -> USDJPYm
2026-04-22 09:21:32,253 | INFO     | Connected | Account #413646889 | Balance: 100.00 | Equity: 100.00
2026-04-22 09:21:32,253 | INFO     | Training ML models (this may take a moment)...
2026-04-22 09:21:34,361 | INFO     | [EURUSD] ML trained | val accuracy: 71.9%
2026-04-22 09:21:36,605 | INFO     | [GBPUSD] ML trained | val accuracy: 63.8%
2026-04-22 09:21:38,700 | INFO     | [USDJPY] ML trained | val accuracy: 61.7%
2026-04-22 09:21:38,710 | INFO     | ML models ready.
2026-04-22 09:21:38,713 | ERROR    | Lost MT5 connection.
2026-04-22 09:21:38,715 | INFO     | MT5 disconnected. Goodbye.
2026-04-22 09:21:47,251 | INFO     | ============================================================
2026-04-22 09:21:47,253 | INFO     |   FOREX BOT STARTING
2026-04-22 09:21:47,255 | INFO     |   Symbols   : ['EURUSD', 'GBPUSD', 'USDJPY']
2026-04-22 09:21:47,256 | INFO     |   Timeframe : M15
2026-04-22 09:21:47,257 | INFO     |   Risk/trade: 1.0%  |  Max DD: 10.0%
2026-04-22 09:21:47,258 | INFO     | ============================================================
2026-04-22 09:21:51,294 | INFO     | Mapped symbol EURUSD -> EURUSDm
2026-04-22 09:21:51,297 | INFO     | Mapped symbol GBPUSD -> GBPUSDm
2026-04-22 09:21:51,299 | INFO     | Mapped symbol USDJPY -> USDJPYm
2026-04-22 09:21:51,301 | INFO     | Connected | Account #413646889 | Balance: 100.00 | Equity: 100.00
2026-04-22 09:21:51,302 | INFO     | Training ML models (this may take a moment)...
2026-04-22 09:21:53,411 | INFO     | [EURUSD] ML trained | val accuracy: 71.9%
2026-04-22 09:21:55,553 | INFO     | [GBPUSD] ML trained | val accuracy: 63.8%
2026-04-22 09:21:57,621 | INFO     | [USDJPY] ML trained | val accuracy: 61.7%
2026-04-22 09:21:57,634 | INFO     | ML models ready.
2026-04-22 09:21:57,736 | INFO     | [EURUSD] TA=HOLD(B:0/S:2) | ML=HOLD(96%) | FINAL=HOLD
2026-04-22 09:21:57,802 | INFO     | [GBPUSD] TA=HOLD(B:1/S:1) | ML=HOLD(62%) | FINAL=HOLD
2026-04-22 09:21:57,835 | INFO     | [USDJPY] TA=HOLD(B:4/S:2) | ML=HOLD(94%) | FINAL=HOLD
2026-04-22 09:21:57,837 | INFO     | — scan complete — sleeping 60s —
2026-04-22 09:22:57,888 | INFO     | [EURUSD] TA=HOLD(B:0/S:2) | ML=HOLD(96%) | FINAL=HOLD
2026-04-22 09:22:57,935 | INFO     | [GBPUSD] TA=HOLD(B:1/S:1) | ML=HOLD(67%) | FINAL=HOLD
2026-04-22 09:22:58,002 | INFO     | [USDJPY] TA=HOLD(B:4/S:2) | ML=HOLD(85%) | FINAL=HOLD
2026-04-22 09:22:58,002 | INFO     | — scan complete — sleeping 60s —
2026-04-22 09:23:58,051 | INFO     | [EURUSD] TA=HOLD(B:0/S:2) | ML=HOLD(95%) | FINAL=HOLD
2026-04-22 09:23:58,101 | INFO     | [GBPUSD] TA=HOLD(B:0/S:1) | ML=HOLD(70%) | FINAL=HOLD
2026-04-22 09:23:58,161 | INFO     | [USDJPY] TA=HOLD(B:4/S:2) | ML=HOLD(91%) | FINAL=HOLD
2026-04-22 09:23:58,161 | INFO     | — scan complete — sleeping 60s —
2026-04-22 09:24:58,210 | INFO     | [EURUSD] TA=HOLD(B:0/S:3) | ML=HOLD(89%) | FINAL=HOLD
2026-04-22 09:24:58,255 | INFO     | [GBPUSD] TA=HOLD(B:1/S:1) | ML=HOLD(77%) | FINAL=HOLD
2026-04-22 09:24:58,288 | INFO     | [USDJPY] TA=HOLD(B:4/S:2) | ML=HOLD(90%) | FINAL=HOLD
2026-04-22 09:24:58,289 | INFO     | — scan complete — sleeping 60s —
2026-04-22 09:25:58,346 | INFO     | [EURUSD] TA=HOLD(B:0/S:3) | ML=HOLD(97%) | FINAL=HOLD
2026-04-22 09:25:58,424 | INFO     | [GBPUSD] TA=HOLD(B:0/S:1) | ML=HOLD(76%) | FINAL=HOLD
2026-04-22 09:25:58,484 | INFO     | [USDJPY] TA=HOLD(B:4/S:2) | ML=HOLD(77%) | FINAL=HOLD
2026-04-22 09:25:58,485 | INFO     | — scan complete — sleeping 60s —
2026-04-22 09:26:58,535 | INFO     | [EURUSD] TA=HOLD(B:0/S:2) | ML=HOLD(97%) | FINAL=HOLD
2026-04-22 09:26:58,587 | INFO     | [GBPUSD] TA=HOLD(B:1/S:1) | ML=HOLD(87%) | FINAL=HOLD
2026-04-22 09:26:58,636 | INFO     | [USDJPY] TA=HOLD(B:4/S:2) | ML=HOLD(91%) | FINAL=HOLD
2026-04-22 09:26:58,637 | INFO     | — scan complete — sleeping 60s —
2026-04-22 09:27:58,686 | INFO     | [EURUSD] TA=HOLD(B:0/S:2) | ML=HOLD(97%) | FINAL=HOLD
2026-04-22 09:27:58,732 | INFO     | [GBPUSD] TA=HOLD(B:1/S:1) | ML=HOLD(94%) | FINAL=HOLD
2026-04-22 09:27:58,789 | INFO     | [USDJPY] TA=HOLD(B:4/S:2) | ML=HOLD(91%) | FINAL=HOLD
2026-04-22 09:27:58,792 | INFO     | — scan complete — sleeping 60s —
2026-04-22 09:28:58,848 | INFO     | [EURUSD] TA=HOLD(B:0/S:2) | ML=HOLD(97%) | FINAL=HOLD
2026-04-22 09:28:58,899 | INFO     | [GBPUSD] TA=HOLD(B:1/S:1) | ML=HOLD(93%) | FINAL=HOLD
2026-04-22 09:28:58,943 | INFO     | [USDJPY] TA=HOLD(B:4/S:2) | ML=HOLD(90%) | FINAL=HOLD
2026-04-22 09:28:58,943 | INFO     | — scan complete — sleeping 60s —
2026-04-22 09:29:58,981 | INFO     | [EURUSD] TA=HOLD(B:0/S:3) | ML=HOLD(98%) | FINAL=HOLD
2026-04-22 09:29:59,019 | INFO     | [GBPUSD] TA=HOLD(B:0/S:1) | ML=HOLD(88%) | FINAL=HOLD
2026-04-22 09:29:59,060 | INFO     | [USDJPY] TA=HOLD(B:4/S:2) | ML=HOLD(85%) | FINAL=HOLD
2026-04-22 09:29:59,060 | INFO     | — scan complete — sleeping 60s —
2026-04-22 09:30:59,091 | INFO     | [EURUSD] TA=HOLD(B:0/S:2) | ML=HOLD(58%) | FINAL=HOLD
2026-04-22 09:30:59,135 | INFO     | [GBPUSD] TA=HOLD(B:1/S:0) | ML=SELL(64%) | FINAL=HOLD
2026-04-22 09:30:59,172 | INFO     | [USDJPY] TA=HOLD(B:4/S:2) | ML=HOLD(91%) | FINAL=HOLD
2026-04-22 09:30:59,173 | INFO     | — scan complete — sleeping 60s —
2026-04-22 09:31:59,190 | INFO     | [EURUSD] TA=HOLD(B:0/S:2) | ML=HOLD(58%) | FINAL=HOLD
2026-04-22 09:31:59,206 | INFO     | [GBPUSD] TA=HOLD(B:1/S:0) | ML=HOLD(77%) | FINAL=HOLD
2026-04-22 09:31:59,223 | INFO     | [USDJPY] TA=HOLD(B:4/S:2) | ML=HOLD(87%) | FINAL=HOLD
2026-04-22 09:31:59,223 | INFO     | — scan complete — sleeping 60s —
2026-04-22 09:32:59,242 | INFO     | [EURUSD] TA=HOLD(B:0/S:2) | ML=HOLD(58%) | FINAL=HOLD
2026-04-22 09:32:59,272 | INFO     | [GBPUSD] TA=HOLD(B:1/S:0) | ML=HOLD(66%) | FINAL=HOLD
2026-04-22 09:32:59,301 | INFO     | [USDJPY] TA=HOLD(B:4/S:2) | ML=HOLD(90%) | FINAL=HOLD
2026-04-22 09:32:59,301 | INFO     | — scan complete — sleeping 60s —
2026-04-22 09:33:59,343 | INFO     | [EURUSD] TA=HOLD(B:0/S:2) | ML=HOLD(68%) | FINAL=HOLD
2026-04-22 09:33:59,375 | INFO     | [GBPUSD] TA=HOLD(B:1/S:0) | ML=HOLD(63%) | FINAL=HOLD
2026-04-22 09:33:59,433 | INFO     | [USDJPY] TA=HOLD(B:4/S:2) | ML=HOLD(89%) | FINAL=HOLD
2026-04-22 09:33:59,434 | INFO     | — scan complete — sleeping 60s —
2026-04-22 09:34:59,472 | INFO     | [EURUSD] TA=HOLD(B:0/S:2) | ML=HOLD(90%) | FINAL=HOLD
2026-04-22 09:34:59,512 | INFO     | [GBPUSD] TA=HOLD(B:1/S:0) | ML=HOLD(77%) | FINAL=HOLD
2026-04-22 09:34:59,552 | INFO     | [USDJPY] TA=HOLD(B:4/S:2) | ML=HOLD(88%) | FINAL=HOLD
2026-04-22 09:34:59,552 | INFO     | — scan complete — sleeping 60s —
2026-04-22 09:35:59,595 | INFO     | [EURUSD] TA=HOLD(B:0/S:2) | ML=HOLD(92%) | FINAL=HOLD
2026-04-22 09:35:59,658 | INFO     | [GBPUSD] TA=HOLD(B:1/S:0) | ML=HOLD(84%) | FINAL=HOLD
2026-04-22 09:35:59,701 | INFO     | [USDJPY] TA=HOLD(B:4/S:2) | ML=HOLD(76%) | FINAL=HOLD
2026-04-22 09:35:59,702 | INFO     | — scan complete — sleeping 60s —
2026-04-22 09:36:59,720 | INFO     | [EURUSD] TA=HOLD(B:0/S:2) | ML=HOLD(92%) | FINAL=HOLD
2026-04-22 09:36:59,738 | INFO     | [GBPUSD] TA=HOLD(B:1/S:0) | ML=HOLD(95%) | FINAL=HOLD
2026-04-22 09:36:59,756 | INFO     | [USDJPY] TA=HOLD(B:4/S:2) | ML=HOLD(86%) | FINAL=HOLD
2026-04-22 09:36:59,757 | INFO     | — scan complete — sleeping 60s —
2026-04-22 09:37:59,805 | INFO     | [EURUSD] TA=HOLD(B:0/S:2) | ML=HOLD(93%) | FINAL=HOLD
2026-04-22 09:37:59,871 | INFO     | [GBPUSD] TA=HOLD(B:1/S:0) | ML=HOLD(95%) | FINAL=HOLD
2026-04-22 09:38:00,121 | INFO     | [USDJPY] TA=HOLD(B:4/S:2) | ML=HOLD(92%) | FINAL=HOLD
2026-04-22 09:38:00,127 | INFO     | — scan complete — sleeping 60s —
2026-04-22 09:39:00,294 | INFO     | [EURUSD] TA=HOLD(B:0/S:2) | ML=HOLD(95%) | FINAL=HOLD
2026-04-22 09:39:00,342 | INFO     | [GBPUSD] TA=HOLD(B:1/S:0) | ML=HOLD(96%) | FINAL=HOLD
2026-04-22 09:39:00,380 | INFO     | [USDJPY] TA=HOLD(B:4/S:2) | ML=HOLD(90%) | FINAL=HOLD
2026-04-22 09:39:00,382 | INFO     | — scan complete — sleeping 60s —
2026-04-22 09:40:00,423 | INFO     | [EURUSD] TA=HOLD(B:0/S:2) | ML=HOLD(93%) | FINAL=HOLD
2026-04-22 09:40:00,466 | INFO     | [GBPUSD] TA=HOLD(B:1/S:0) | ML=HOLD(91%) | FINAL=HOLD
2026-04-22 09:40:00,514 | INFO     | [USDJPY] TA=HOLD(B:4/S:2) | ML=HOLD(94%) | FINAL=HOLD
2026-04-22 09:40:00,518 | INFO     | — scan complete — sleeping 60s —
2026-04-22 09:41:00,536 | INFO     | [EURUSD] TA=HOLD(B:0/S:2) | ML=HOLD(95%) | FINAL=HOLD
2026-04-22 09:41:00,584 | INFO     | [GBPUSD] TA=HOLD(B:1/S:0) | ML=HOLD(95%) | FINAL=HOLD
2026-04-22 09:41:00,661 | INFO     | [USDJPY] TA=HOLD(B:4/S:2) | ML=HOLD(95%) | FINAL=HOLD
2026-04-22 09:41:00,662 | INFO     | — scan complete — sleeping 60s —
2026-04-22 09:42:00,711 | INFO     | [EURUSD] TA=HOLD(B:0/S:2) | ML=HOLD(94%) | FINAL=HOLD
2026-04-22 09:42:00,769 | INFO     | [GBPUSD] TA=HOLD(B:1/S:0) | ML=HOLD(91%) | FINAL=HOLD
2026-04-22 09:42:00,814 | INFO     | [USDJPY] TA=HOLD(B:4/S:2) | ML=HOLD(97%) | FINAL=HOLD
2026-04-22 09:42:00,814 | INFO     | — scan complete — sleeping 60s —
2026-04-22 09:43:00,843 | INFO     | [EURUSD] TA=HOLD(B:0/S:2) | ML=HOLD(92%) | FINAL=HOLD
2026-04-22 09:43:00,872 | INFO     | [GBPUSD] TA=HOLD(B:1/S:0) | ML=HOLD(90%) | FINAL=HOLD
2026-04-22 09:43:00,891 | INFO     | [USDJPY] TA=HOLD(B:4/S:2) | ML=HOLD(93%) | FINAL=HOLD
2026-04-22 09:43:00,891 | INFO     | — scan complete — sleeping 60s —
2026-04-22 09:44:01,018 | INFO     | [EURUSD] TA=HOLD(B:0/S:2) | ML=HOLD(96%) | FINAL=HOLD
2026-04-22 09:44:01,047 | INFO     | [GBPUSD] TA=HOLD(B:1/S:0) | ML=HOLD(94%) | FINAL=HOLD
2026-04-22 09:44:01,079 | INFO     | [USDJPY] TA=HOLD(B:4/S:1) | ML=HOLD(93%) | FINAL=HOLD
2026-04-22 09:44:01,080 | INFO     | — scan complete — sleeping 60s —
2026-04-22 09:45:01,168 | INFO     | [EURUSD] TA=HOLD(B:0/S:2) | ML=HOLD(95%) | FINAL=HOLD
2026-04-22 09:45:01,261 | INFO     | [GBPUSD] TA=HOLD(B:1/S:0) | ML=HOLD(90%) | FINAL=HOLD
2026-04-22 09:45:01,310 | INFO     | [USDJPY] TA=HOLD(B:4/S:1) | ML=HOLD(96%) | FINAL=HOLD
2026-04-22 09:45:01,311 | INFO     | — scan complete — sleeping 60s —
2026-04-22 09:46:01,339 | INFO     | [EURUSD] TA=HOLD(B:0/S:2) | ML=SELL(44%) | FINAL=HOLD
2026-04-22 09:46:01,370 | INFO     | [GBPUSD] TA=HOLD(B:1/S:0) | ML=SELL(61%) | FINAL=HOLD
2026-04-22 09:46:01,401 | INFO     | [USDJPY] TA=HOLD(B:4/S:1) | ML=HOLD(53%) | FINAL=HOLD
2026-04-22 09:46:01,401 | INFO     | — scan complete — sleeping 60s —
2026-04-22 09:47:01,421 | INFO     | [EURUSD] TA=HOLD(B:0/S:2) | ML=SELL(43%) | FINAL=HOLD
2026-04-22 09:47:01,451 | INFO     | [GBPUSD] TA=HOLD(B:1/S:0) | ML=HOLD(50%) | FINAL=HOLD
2026-04-22 09:47:01,486 | INFO     | [USDJPY] TA=HOLD(B:4/S:1) | ML=HOLD(62%) | FINAL=HOLD
2026-04-22 09:47:01,487 | INFO     | — scan complete — sleeping 60s —
2026-04-22 09:48:01,505 | INFO     | [EURUSD] TA=HOLD(B:0/S:3) | ML=HOLD(59%) | FINAL=HOLD
2026-04-22 09:48:01,522 | INFO     | [GBPUSD] TA=HOLD(B:1/S:0) | ML=SELL(54%) | FINAL=HOLD
2026-04-22 09:48:01,548 | INFO     | [USDJPY] TA=HOLD(B:4/S:1) | ML=SELL(52%) | FINAL=HOLD
2026-04-22 09:48:01,549 | INFO     | — scan complete — sleeping 60s —
2026-04-22 09:49:01,574 | INFO     | [EURUSD] TA=HOLD(B:0/S:3) | ML=HOLD(59%) | FINAL=HOLD
2026-04-22 09:49:01,597 | INFO     | [GBPUSD] TA=HOLD(B:1/S:0) | ML=HOLD(56%) | FINAL=HOLD
2026-04-22 09:49:01,630 | INFO     | [USDJPY] TA=HOLD(B:4/S:1) | ML=HOLD(68%) | FINAL=HOLD
2026-04-22 09:49:01,631 | INFO     | — scan complete — sleeping 60s —
2026-04-22 09:50:01,649 | INFO     | [EURUSD] TA=HOLD(B:0/S:3) | ML=HOLD(52%) | FINAL=HOLD
2026-04-22 09:50:01,680 | INFO     | [GBPUSD] TA=HOLD(B:1/S:0) | ML=HOLD(57%) | FINAL=HOLD
2026-04-22 09:50:01,711 | INFO     | [USDJPY] TA=HOLD(B:4/S:1) | ML=SELL(57%) | FINAL=HOLD
2026-04-22 09:50:01,712 | INFO     | — scan complete — sleeping 60s —
2026-04-22 09:51:01,745 | INFO     | [EURUSD] TA=HOLD(B:0/S:2) | ML=HOLD(78%) | FINAL=HOLD
2026-04-22 09:51:01,774 | INFO     | [GBPUSD] TA=HOLD(B:1/S:0) | ML=HOLD(93%) | FINAL=HOLD
2026-04-22 09:51:01,806 | INFO     | [USDJPY] TA=HOLD(B:4/S:1) | ML=HOLD(68%) | FINAL=HOLD
2026-04-22 09:51:01,807 | INFO     | — scan complete — sleeping 60s —
2026-04-22 09:52:01,869 | INFO     | [EURUSD] TA=HOLD(B:0/S:3) | ML=HOLD(93%) | FINAL=HOLD
2026-04-22 09:52:01,907 | INFO     | [GBPUSD] TA=HOLD(B:1/S:0) | ML=HOLD(93%) | FINAL=HOLD
2026-04-22 09:52:01,959 | INFO     | [USDJPY] TA=HOLD(B:4/S:1) | ML=SELL(54%) | FINAL=HOLD
2026-04-22 09:52:01,960 | INFO     | — scan complete — sleeping 60s —
2026-04-22 09:53:01,999 | INFO     | [EURUSD] TA=HOLD(B:0/S:3) | ML=HOLD(93%) | FINAL=HOLD
2026-04-22 09:53:02,105 | INFO     | [GBPUSD] TA=HOLD(B:1/S:0) | ML=HOLD(96%) | FINAL=HOLD
2026-04-22 09:53:02,200 | INFO     | [USDJPY] TA=HOLD(B:4/S:1) | ML=SELL(54%) | FINAL=HOLD
2026-04-22 09:53:02,200 | INFO     | — scan complete — sleeping 60s —
2026-04-22 09:54:02,230 | INFO     | [EURUSD] TA=HOLD(B:0/S:3) | ML=HOLD(93%) | FINAL=HOLD
2026-04-22 09:54:02,260 | INFO     | [GBPUSD] TA=HOLD(B:1/S:0) | ML=HOLD(93%) | FINAL=HOLD
2026-04-22 09:54:02,292 | INFO     | [USDJPY] TA=HOLD(B:4/S:1) | ML=HOLD(51%) | FINAL=HOLD
2026-04-22 09:54:02,294 | INFO     | — scan complete — sleeping 60s —
2026-04-22 09:55:02,328 | INFO     | [EURUSD] TA=HOLD(B:0/S:3) | ML=HOLD(95%) | FINAL=HOLD
2026-04-22 09:55:02,358 | INFO     | [GBPUSD] TA=HOLD(B:1/S:0) | ML=HOLD(93%) | FINAL=HOLD
2026-04-22 09:55:02,387 | INFO     | [USDJPY] TA=HOLD(B:4/S:1) | ML=SELL(62%) | FINAL=HOLD
2026-04-22 09:55:02,388 | INFO     | — scan complete — sleeping 60s —
2026-04-22 09:56:02,428 | INFO     | [EURUSD] TA=HOLD(B:0/S:2) | ML=HOLD(91%) | FINAL=HOLD
2026-04-22 09:56:02,461 | INFO     | [GBPUSD] TA=HOLD(B:1/S:0) | ML=HOLD(95%) | FINAL=HOLD
2026-04-22 09:56:02,492 | INFO     | [USDJPY] TA=HOLD(B:4/S:1) | ML=SELL(64%) | FINAL=HOLD
2026-04-22 09:56:02,492 | INFO     | — scan complete — sleeping 60s —
2026-04-22 09:57:02,534 | INFO     | [EURUSD] TA=HOLD(B:0/S:2) | ML=HOLD(93%) | FINAL=HOLD
2026-04-22 09:57:02,570 | INFO     | [GBPUSD] TA=HOLD(B:1/S:0) | ML=HOLD(93%) | FINAL=HOLD
2026-04-22 09:57:02,600 | INFO     | [USDJPY] TA=HOLD(B:4/S:1) | ML=SELL(60%) | FINAL=HOLD
2026-04-22 09:57:02,600 | INFO     | — scan complete — sleeping 60s —
2026-04-22 09:58:02,640 | INFO     | [EURUSD] TA=HOLD(B:0/S:2) | ML=HOLD(93%) | FINAL=HOLD
2026-04-22 09:58:02,680 | INFO     | [GBPUSD] TA=HOLD(B:1/S:0) | ML=HOLD(93%) | FINAL=HOLD
2026-04-22 09:58:02,718 | INFO     | [USDJPY] TA=HOLD(B:4/S:1) | ML=HOLD(79%) | FINAL=HOLD
2026-04-22 09:58:02,720 | INFO     | — scan complete — sleeping 60s —
2026-04-22 09:59:02,905 | INFO     | [EURUSD] TA=HOLD(B:0/S:2) | ML=HOLD(95%) | FINAL=HOLD
2026-04-22 09:59:02,938 | INFO     | [GBPUSD] TA=HOLD(B:1/S:0) | ML=HOLD(90%) | FINAL=HOLD
2026-04-22 09:59:02,968 | INFO     | [USDJPY] TA=HOLD(B:4/S:1) | ML=HOLD(94%) | FINAL=HOLD
2026-04-22 09:59:02,968 | INFO     | — scan complete — sleeping 60s —
2026-04-22 10:00:03,173 | INFO     | [EURUSD] TA=HOLD(B:0/S:2) | ML=SELL(62%) | FINAL=HOLD
2026-04-22 10:00:03,203 | INFO     | [GBPUSD] TA=HOLD(B:1/S:0) | ML=HOLD(0%) | FINAL=HOLD
2026-04-22 10:00:03,233 | INFO     | [USDJPY] TA=HOLD(B:4/S:1) | ML=HOLD(0%) | FINAL=HOLD
2026-04-22 10:00:03,233 | INFO     | — scan complete — sleeping 60s —
2026-04-22 10:01:03,251 | INFO     | [EURUSD] TA=HOLD(B:0/S:2) | ML=HOLD(50%) | FINAL=HOLD
2026-04-22 10:01:03,277 | INFO     | [GBPUSD] TA=HOLD(B:1/S:1) | ML=SELL(57%) | FINAL=HOLD
2026-04-22 10:01:03,307 | INFO     | [USDJPY] TA=HOLD(B:4/S:1) | ML=HOLD(55%) | FINAL=HOLD
2026-04-22 10:01:03,307 | INFO     | — scan complete — sleeping 60s —
2026-04-22 10:02:03,335 | INFO     | [EURUSD] TA=HOLD(B:0/S:2) | ML=HOLD(55%) | FINAL=HOLD
2026-04-22 10:02:03,364 | INFO     | [GBPUSD] TA=HOLD(B:1/S:0) | ML=HOLD(42%) | FINAL=HOLD
2026-04-22 10:02:03,398 | INFO     | [USDJPY] TA=HOLD(B:4/S:1) | ML=HOLD(56%) | FINAL=HOLD
2026-04-22 10:02:03,399 | INFO     | — scan complete — sleeping 60s —
2026-04-22 10:03:03,434 | INFO     | [EURUSD] TA=HOLD(B:0/S:2) | ML=HOLD(52%) | FINAL=HOLD
2026-04-22 10:03:03,467 | INFO     | [GBPUSD] TA=HOLD(B:1/S:0) | ML=HOLD(90%) | FINAL=HOLD
2026-04-22 10:03:03,496 | INFO     | [USDJPY] TA=BUY(B:5/S:2) | ML=HOLD(63%) | FINAL=HOLD
2026-04-22 10:03:03,497 | INFO     | — scan complete — sleeping 60s —
2026-04-22 10:04:03,529 | INFO     | [EURUSD] TA=HOLD(B:0/S:3) | ML=HOLD(53%) | FINAL=HOLD
2026-04-22 10:04:03,558 | INFO     | [GBPUSD] TA=HOLD(B:1/S:1) | ML=HOLD(53%) | FINAL=HOLD
2026-04-22 10:04:03,588 | INFO     | [USDJPY] TA=HOLD(B:4/S:1) | ML=HOLD(80%) | FINAL=HOLD
2026-04-22 10:04:03,589 | INFO     | — scan complete — sleeping 60s —
2026-04-22 10:05:03,744 | INFO     | [EURUSD] TA=HOLD(B:0/S:3) | ML=HOLD(79%) | FINAL=HOLD
2026-04-22 10:05:03,782 | INFO     | [GBPUSD] TA=HOLD(B:0/S:1) | ML=HOLD(76%) | FINAL=HOLD
2026-04-22 10:05:03,812 | INFO     | [USDJPY] TA=HOLD(B:4/S:1) | ML=HOLD(89%) | FINAL=HOLD
2026-04-22 10:05:03,812 | INFO     | — scan complete — sleeping 60s —
2026-04-22 10:06:03,828 | INFO     | [EURUSD] TA=HOLD(B:0/S:4) | ML=HOLD(93%) | FINAL=HOLD
2026-04-22 10:06:03,858 | INFO     | [GBPUSD] TA=HOLD(B:0/S:1) | ML=HOLD(89%) | FINAL=HOLD
2026-04-22 10:06:03,888 | INFO     | [USDJPY] TA=HOLD(B:4/S:1) | ML=HOLD(94%) | FINAL=HOLD
2026-04-22 10:06:03,888 | INFO     | — scan complete — sleeping 60s —
2026-04-22 10:07:03,928 | INFO     | [EURUSD] TA=HOLD(B:0/S:4) | ML=HOLD(90%) | FINAL=HOLD
2026-04-22 10:07:03,973 | INFO     | [GBPUSD] TA=HOLD(B:1/S:0) | ML=HOLD(96%) | FINAL=HOLD
2026-04-22 10:07:04,020 | INFO     | [USDJPY] TA=HOLD(B:4/S:1) | ML=HOLD(94%) | FINAL=HOLD
2026-04-22 10:07:04,020 | INFO     | — scan complete — sleeping 60s —
2026-04-22 10:08:04,052 | INFO     | [EURUSD] TA=HOLD(B:0/S:4) | ML=HOLD(91%) | FINAL=HOLD
2026-04-22 10:08:04,086 | INFO     | [GBPUSD] TA=HOLD(B:1/S:0) | ML=HOLD(96%) | FINAL=HOLD
2026-04-22 10:08:04,122 | INFO     | [USDJPY] TA=HOLD(B:4/S:1) | ML=HOLD(94%) | FINAL=HOLD
2026-04-22 10:08:04,123 | INFO     | — scan complete — sleeping 60s —
2026-04-22 10:09:04,152 | INFO     | [EURUSD] TA=HOLD(B:0/S:3) | ML=HOLD(91%) | FINAL=HOLD
2026-04-22 10:09:04,183 | INFO     | [GBPUSD] TA=HOLD(B:1/S:0) | ML=HOLD(97%) | FINAL=HOLD
2026-04-22 10:09:04,215 | INFO     | [USDJPY] TA=HOLD(B:4/S:1) | ML=HOLD(95%) | FINAL=HOLD
2026-04-22 10:09:04,216 | INFO     | — scan complete — sleeping 60s —
2026-04-22 10:10:04,251 | INFO     | [EURUSD] TA=HOLD(B:0/S:3) | ML=HOLD(93%) | FINAL=HOLD
2026-04-22 10:10:04,281 | INFO     | [GBPUSD] TA=HOLD(B:1/S:0) | ML=HOLD(97%) | FINAL=HOLD
2026-04-22 10:10:04,310 | INFO     | [USDJPY] TA=HOLD(B:4/S:1) | ML=HOLD(96%) | FINAL=HOLD
2026-04-22 10:10:04,315 | INFO     | — scan complete — sleeping 60s —
2026-04-22 10:11:04,363 | INFO     | [EURUSD] TA=HOLD(B:0/S:2) | ML=HOLD(92%) | FINAL=HOLD
2026-04-22 10:11:04,398 | INFO     | [GBPUSD] TA=HOLD(B:1/S:0) | ML=HOLD(96%) | FINAL=HOLD
2026-04-22 10:11:04,440 | INFO     | [USDJPY] TA=HOLD(B:4/S:1) | ML=HOLD(96%) | FINAL=HOLD
2026-04-22 10:11:04,442 | INFO     | — scan complete — sleeping 60s —
2026-04-22 10:12:04,463 | INFO     | [EURUSD] TA=HOLD(B:0/S:2) | ML=HOLD(96%) | FINAL=HOLD
2026-04-22 10:12:04,499 | INFO     | [GBPUSD] TA=HOLD(B:1/S:0) | ML=HOLD(94%) | FINAL=HOLD
2026-04-22 10:12:04,528 | INFO     | [USDJPY] TA=BUY(B:5/S:2) | ML=HOLD(90%) | FINAL=HOLD
2026-04-22 10:12:04,529 | INFO     | — scan complete — sleeping 60s —
2026-04-22 10:13:04,558 | INFO     | [EURUSD] TA=HOLD(B:0/S:2) | ML=HOLD(92%) | FINAL=HOLD
2026-04-22 10:13:04,587 | INFO     | [GBPUSD] TA=HOLD(B:1/S:0) | ML=HOLD(95%) | FINAL=HOLD
2026-04-22 10:13:04,621 | INFO     | [USDJPY] TA=BUY(B:5/S:2) | ML=HOLD(87%) | FINAL=HOLD
2026-04-22 10:13:04,622 | INFO     | — scan complete — sleeping 60s —
2026-04-22 10:14:04,660 | INFO     | [EURUSD] TA=HOLD(B:0/S:2) | ML=HOLD(92%) | FINAL=HOLD
2026-04-22 10:14:04,698 | INFO     | [GBPUSD] TA=HOLD(B:1/S:0) | ML=HOLD(94%) | FINAL=HOLD
2026-04-22 10:14:04,732 | INFO     | [USDJPY] TA=BUY(B:5/S:2) | ML=HOLD(88%) | FINAL=HOLD
2026-04-22 10:14:04,733 | INFO     | — scan complete — sleeping 60s —
2026-04-22 10:15:04,768 | INFO     | [EURUSD] TA=HOLD(B:0/S:3) | ML=HOLD(0%) | FINAL=HOLD
2026-04-22 10:15:04,800 | INFO     | [GBPUSD] TA=HOLD(B:1/S:0) | ML=HOLD(66%) | FINAL=HOLD
2026-04-22 10:15:04,831 | INFO     | [USDJPY] TA=BUY(B:5/S:2) | ML=HOLD(0%) | FINAL=BUY
2026-04-22 10:15:05,043 | INFO     | ORDER OK BUY USDJPY | lot=0.01 | price=159.32400 | SL=159.01400 | TP=159.92400
2026-04-22 10:15:05,044 | INFO     | — scan complete — sleeping 60s —
2026-04-22 10:16:05,061 | INFO     | [EURUSD] TA=HOLD(B:0/S:2) | ML=BUY(43%) | FINAL=HOLD
2026-04-22 10:16:05,076 | INFO     | [GBPUSD] TA=HOLD(B:1/S:0) | ML=HOLD(60%) | FINAL=HOLD
2026-04-22 10:16:05,077 | INFO     | [USDJPY] Position open — skipping.
2026-04-22 10:16:05,078 | INFO     | — scan complete — sleeping 60s —
2026-04-22 10:17:05,096 | INFO     | [EURUSD] TA=HOLD(B:0/S:2) | ML=HOLD(51%) | FINAL=HOLD
2026-04-22 10:17:05,129 | INFO     | [GBPUSD] TA=HOLD(B:1/S:1) | ML=HOLD(80%) | FINAL=HOLD
2026-04-22 10:17:05,130 | INFO     | [USDJPY] Position open — skipping.
2026-04-22 10:17:05,130 | INFO     | — scan complete — sleeping 60s —
2026-04-22 10:18:05,147 | INFO     | [EURUSD] TA=HOLD(B:0/S:2) | ML=HOLD(51%) | FINAL=HOLD
2026-04-22 10:18:05,175 | INFO     | [GBPUSD] TA=HOLD(B:1/S:1) | ML=HOLD(67%) | FINAL=HOLD
2026-04-22 10:18:05,176 | INFO     | [USDJPY] Position open — skipping.
2026-04-22 10:18:05,177 | INFO     | — scan complete — sleeping 60s —
2026-04-22 10:19:05,200 | INFO     | [EURUSD] TA=HOLD(B:0/S:2) | ML=HOLD(60%) | FINAL=HOLD
2026-04-22 10:19:05,236 | INFO     | [GBPUSD] TA=HOLD(B:1/S:0) | ML=HOLD(71%) | FINAL=HOLD
2026-04-22 10:19:05,237 | INFO     | [USDJPY] Position open — skipping.
2026-04-22 10:19:05,238 | INFO     | — scan complete — sleeping 60s —
2026-04-22 10:20:05,270 | INFO     | [EURUSD] TA=HOLD(B:0/S:2) | ML=HOLD(91%) | FINAL=HOLD
2026-04-22 10:20:05,301 | INFO     | [GBPUSD] TA=HOLD(B:1/S:1) | ML=HOLD(83%) | FINAL=HOLD
2026-04-22 10:20:05,301 | INFO     | [USDJPY] Position open — skipping.
2026-04-22 10:20:05,302 | INFO     | — scan complete — sleeping 60s —
2026-04-22 10:21:05,320 | INFO     | [EURUSD] TA=HOLD(B:0/S:2) | ML=HOLD(95%) | FINAL=HOLD
2026-04-22 10:21:05,340 | INFO     | [GBPUSD] TA=HOLD(B:1/S:0) | ML=HOLD(77%) | FINAL=HOLD
2026-04-22 10:21:05,341 | INFO     | [USDJPY] Position open — skipping.
2026-04-22 10:21:05,341 | INFO     | — scan complete — sleeping 60s —
2026-04-22 10:22:05,397 | INFO     | [EURUSD] TA=HOLD(B:0/S:2) | ML=HOLD(92%) | FINAL=HOLD
2026-04-22 10:22:05,438 | INFO     | [GBPUSD] TA=HOLD(B:1/S:0) | ML=HOLD(87%) | FINAL=HOLD
2026-04-22 10:22:05,439 | INFO     | [USDJPY] Position open — skipping.
2026-04-22 10:22:05,439 | INFO     | — scan complete — sleeping 60s —
2026-04-22 10:23:05,655 | INFO     | [EURUSD] TA=HOLD(B:0/S:3) | ML=HOLD(95%) | FINAL=HOLD
2026-04-22 10:23:05,684 | INFO     | [GBPUSD] TA=HOLD(B:1/S:0) | ML=HOLD(95%) | FINAL=HOLD
2026-04-22 10:23:05,685 | INFO     | [USDJPY] Position open — skipping.
2026-04-22 10:23:05,685 | INFO     | — scan complete — sleeping 60s —
2026-04-22 10:24:05,708 | INFO     | [EURUSD] TA=HOLD(B:0/S:4) | ML=HOLD(92%) | FINAL=HOLD
2026-04-22 10:24:05,744 | INFO     | [GBPUSD] TA=HOLD(B:1/S:1) | ML=HOLD(96%) | FINAL=HOLD
2026-04-22 10:24:05,745 | INFO     | [USDJPY] Position open — skipping.
2026-04-22 10:24:05,745 | INFO     | — scan complete — sleeping 60s —
2026-04-22 10:25:05,764 | INFO     | [EURUSD] TA=HOLD(B:0/S:4) | ML=HOLD(91%) | FINAL=HOLD
2026-04-22 10:25:05,782 | INFO     | [GBPUSD] TA=HOLD(B:0/S:1) | ML=HOLD(96%) | FINAL=HOLD
2026-04-22 10:25:05,786 | INFO     | [USDJPY] Position open — skipping.
2026-04-22 10:25:05,786 | INFO     | — scan complete — sleeping 60s —
2026-04-22 10:26:05,804 | INFO     | [EURUSD] TA=HOLD(B:0/S:4) | ML=HOLD(89%) | FINAL=HOLD
2026-04-22 10:26:05,838 | INFO     | [GBPUSD] TA=HOLD(B:0/S:1) | ML=HOLD(94%) | FINAL=HOLD
2026-04-22 10:26:05,838 | INFO     | [USDJPY] Position open — skipping.
2026-04-22 10:26:05,838 | INFO     | — scan complete — sleeping 60s —
2026-04-22 10:27:05,855 | INFO     | [EURUSD] TA=HOLD(B:0/S:4) | ML=HOLD(90%) | FINAL=HOLD
2026-04-22 10:27:05,888 | INFO     | [GBPUSD] TA=HOLD(B:0/S:1) | ML=HOLD(95%) | FINAL=HOLD
2026-04-22 10:27:05,888 | INFO     | [USDJPY] Position open — skipping.
2026-04-22 10:27:05,889 | INFO     | — scan complete — sleeping 60s —
2026-04-22 10:28:05,905 | INFO     | [EURUSD] TA=HOLD(B:0/S:4) | ML=HOLD(93%) | FINAL=HOLD
2026-04-22 10:28:05,921 | INFO     | [GBPUSD] TA=HOLD(B:0/S:1) | ML=HOLD(95%) | FINAL=HOLD
2026-04-22 10:28:05,921 | INFO     | [USDJPY] Position open — skipping.
2026-04-22 10:28:05,921 | INFO     | — scan complete — sleeping 60s —
2026-04-22 10:29:05,937 | INFO     | [EURUSD] TA=HOLD(B:0/S:4) | ML=HOLD(92%) | FINAL=HOLD
2026-04-22 10:29:05,966 | INFO     | [GBPUSD] TA=HOLD(B:0/S:1) | ML=HOLD(91%) | FINAL=HOLD
2026-04-22 10:29:05,967 | INFO     | [USDJPY] Position open — skipping.
2026-04-22 10:29:05,967 | INFO     | — scan complete — sleeping 60s —
2026-04-22 10:30:06,120 | INFO     | [EURUSD] TA=HOLD(B:0/S:4) | ML=SELL(45%) | FINAL=HOLD
2026-04-22 10:30:06,149 | INFO     | [GBPUSD] TA=HOLD(B:0/S:1) | ML=SELL(61%) | FINAL=HOLD
2026-04-22 10:30:06,150 | INFO     | [USDJPY] Position open — skipping.
2026-04-22 10:30:06,150 | INFO     | — scan complete — sleeping 60s —
2026-04-22 10:31:06,170 | INFO     | [EURUSD] TA=HOLD(B:0/S:4) | ML=HOLD(62%) | FINAL=HOLD
2026-04-22 10:31:06,206 | INFO     | [GBPUSD] TA=HOLD(B:1/S:0) | ML=HOLD(77%) | FINAL=HOLD
2026-04-22 10:31:06,207 | INFO     | [USDJPY] Position open — skipping.
2026-04-22 10:31:06,207 | INFO     | — scan complete — sleeping 60s —
2026-04-22 10:32:06,240 | INFO     | [EURUSD] TA=HOLD(B:0/S:3) | ML=HOLD(69%) | FINAL=HOLD
2026-04-22 10:32:06,269 | INFO     | [GBPUSD] TA=HOLD(B:1/S:0) | ML=HOLD(78%) | FINAL=HOLD
2026-04-22 10:32:06,270 | INFO     | [USDJPY] Position open — skipping.
2026-04-22 10:32:06,270 | INFO     | — scan complete — sleeping 60s —
2026-04-22 10:33:06,296 | INFO     | [EURUSD] TA=HOLD(B:0/S:4) | ML=HOLD(91%) | FINAL=HOLD
2026-04-22 10:33:06,468 | INFO     | [GBPUSD] TA=HOLD(B:1/S:0) | ML=HOLD(76%) | FINAL=HOLD
2026-04-22 10:33:06,497 | INFO     | [USDJPY] Position open — skipping.
2026-04-22 10:33:06,508 | INFO     | — scan complete — sleeping 60s —
2026-04-22 10:34:06,529 | INFO     | [EURUSD] TA=HOLD(B:0/S:4) | ML=HOLD(94%) | FINAL=HOLD
2026-04-22 10:34:06,546 | INFO     | [GBPUSD] TA=HOLD(B:1/S:0) | ML=HOLD(73%) | FINAL=HOLD
2026-04-22 10:34:06,546 | INFO     | [USDJPY] Position open — skipping.
2026-04-22 10:34:06,547 | INFO     | — scan complete — sleeping 60s —
2026-04-22 10:35:06,572 | INFO     | [EURUSD] TA=HOLD(B:0/S:4) | ML=HOLD(94%) | FINAL=HOLD
2026-04-22 10:35:06,605 | INFO     | [GBPUSD] TA=HOLD(B:1/S:1) | ML=HOLD(93%) | FINAL=HOLD
2026-04-22 10:35:06,605 | INFO     | [USDJPY] Position open — skipping.
2026-04-22 10:35:06,606 | INFO     | — scan complete — sleeping 60s —
2026-04-22 10:36:06,626 | INFO     | [EURUSD] TA=HOLD(B:0/S:4) | ML=HOLD(94%) | FINAL=HOLD
2026-04-22 10:36:06,655 | INFO     | [GBPUSD] TA=HOLD(B:0/S:1) | ML=HOLD(92%) | FINAL=HOLD
2026-04-22 10:36:06,656 | INFO     | [USDJPY] Position open — skipping.
2026-04-22 10:36:06,656 | INFO     | — scan complete — sleeping 60s —
2026-04-22 10:37:06,689 | INFO     | [EURUSD] TA=HOLD(B:0/S:4) | ML=HOLD(92%) | FINAL=HOLD
2026-04-22 10:37:06,722 | INFO     | [GBPUSD] TA=HOLD(B:1/S:0) | ML=HOLD(96%) | FINAL=HOLD
2026-04-22 10:37:06,722 | INFO     | [USDJPY] Position open — skipping.
2026-04-22 10:37:06,722 | INFO     | — scan complete — sleeping 60s —
2026-04-22 10:38:06,755 | INFO     | [EURUSD] TA=HOLD(B:0/S:2) | ML=HOLD(94%) | FINAL=HOLD
2026-04-22 10:38:06,785 | INFO     | [GBPUSD] TA=HOLD(B:1/S:0) | ML=HOLD(94%) | FINAL=HOLD
2026-04-22 10:38:06,785 | INFO     | [USDJPY] Position open — skipping.
2026-04-22 10:38:06,786 | INFO     | — scan complete — sleeping 60s —
2026-04-22 10:39:06,804 | INFO     | [EURUSD] TA=HOLD(B:0/S:2) | ML=HOLD(92%) | FINAL=HOLD
2026-04-22 10:39:06,829 | INFO     | [GBPUSD] TA=HOLD(B:1/S:1) | ML=HOLD(96%) | FINAL=HOLD
2026-04-22 10:39:06,830 | INFO     | [USDJPY] Position open — skipping.
2026-04-22 10:39:06,830 | INFO     | — scan complete — sleeping 60s —
2026-04-22 10:40:06,901 | INFO     | [EURUSD] TA=HOLD(B:0/S:3) | ML=HOLD(98%) | FINAL=HOLD
2026-04-22 10:40:06,937 | INFO     | [GBPUSD] TA=HOLD(B:1/S:1) | ML=HOLD(94%) | FINAL=HOLD
2026-04-22 10:40:06,938 | INFO     | [USDJPY] Position open — skipping.
2026-04-22 10:40:06,938 | INFO     | — scan complete — sleeping 60s —
2026-04-22 10:41:06,972 | INFO     | [EURUSD] TA=HOLD(B:0/S:2) | ML=HOLD(97%) | FINAL=HOLD
2026-04-22 10:41:07,005 | INFO     | [GBPUSD] TA=HOLD(B:1/S:1) | ML=HOLD(94%) | FINAL=HOLD
2026-04-22 10:41:07,006 | INFO     | [USDJPY] Position open — skipping.
2026-04-22 10:41:07,006 | INFO     | — scan complete — sleeping 60s —
2026-04-22 10:42:07,025 | INFO     | [EURUSD] TA=HOLD(B:0/S:2) | ML=HOLD(94%) | FINAL=HOLD
2026-04-22 10:42:07,056 | INFO     | [GBPUSD] TA=HOLD(B:1/S:1) | ML=HOLD(93%) | FINAL=HOLD
2026-04-22 10:42:07,057 | INFO     | [USDJPY] Position open — skipping.
2026-04-22 10:42:07,057 | INFO     | — scan complete — sleeping 60s —
2026-04-22 10:43:07,095 | INFO     | [EURUSD] TA=HOLD(B:0/S:3) | ML=HOLD(97%) | FINAL=HOLD
2026-04-22 10:43:07,125 | INFO     | [GBPUSD] TA=HOLD(B:1/S:1) | ML=HOLD(92%) | FINAL=HOLD
2026-04-22 10:43:07,125 | INFO     | [USDJPY] Position open — skipping.
2026-04-22 10:43:07,126 | INFO     | — scan complete — sleeping 60s —
2026-04-22 10:44:07,144 | INFO     | [EURUSD] TA=HOLD(B:0/S:2) | ML=HOLD(95%) | FINAL=HOLD
2026-04-22 10:44:07,206 | INFO     | [GBPUSD] TA=HOLD(B:1/S:1) | ML=HOLD(91%) | FINAL=HOLD
2026-04-22 10:44:07,206 | INFO     | [USDJPY] Position open — skipping.
2026-04-22 10:44:07,207 | INFO     | — scan complete — sleeping 60s —
2026-04-22 10:45:07,225 | INFO     | [EURUSD] TA=HOLD(B:0/S:2) | ML=SELL(53%) | FINAL=HOLD
2026-04-22 10:45:07,240 | INFO     | [GBPUSD] TA=HOLD(B:1/S:1) | ML=HOLD(67%) | FINAL=HOLD
2026-04-22 10:45:07,241 | INFO     | [USDJPY] Position open — skipping.
2026-04-22 10:45:07,241 | INFO     | — scan complete — sleeping 60s —
2026-04-22 10:46:07,274 | INFO     | [EURUSD] TA=HOLD(B:0/S:2) | ML=HOLD(77%) | FINAL=HOLD
2026-04-22 10:46:07,303 | INFO     | [GBPUSD] TA=HOLD(B:2/S:0) | ML=HOLD(81%) | FINAL=HOLD
2026-04-22 10:46:07,303 | INFO     | [USDJPY] Position open — skipping.
2026-04-22 10:46:07,304 | INFO     | — scan complete — sleeping 60s —
2026-04-22 10:47:07,353 | INFO     | [EURUSD] TA=HOLD(B:4/S:5) | ML=HOLD(84%) | FINAL=HOLD
2026-04-22 10:47:07,391 | INFO     | [GBPUSD] TA=HOLD(B:2/S:1) | ML=HOLD(81%) | FINAL=HOLD
2026-04-22 10:47:07,392 | INFO     | [USDJPY] Position open — skipping.
2026-04-22 10:47:07,392 | INFO     | — scan complete — sleeping 60s —
2026-04-22 10:48:07,568 | INFO     | [EURUSD] TA=HOLD(B:4/S:5) | ML=HOLD(77%) | FINAL=HOLD
2026-04-22 10:48:07,599 | INFO     | [GBPUSD] TA=HOLD(B:2/S:1) | ML=HOLD(82%) | FINAL=HOLD
2026-04-22 10:48:07,599 | INFO     | [USDJPY] Position open — skipping.
2026-04-22 10:48:07,599 | INFO     | — scan complete — sleeping 60s —
2026-04-22 10:49:07,639 | INFO     | [EURUSD] TA=HOLD(B:4/S:5) | ML=HOLD(88%) | FINAL=HOLD
2026-04-22 10:49:07,668 | INFO     | [GBPUSD] TA=HOLD(B:2/S:1) | ML=HOLD(95%) | FINAL=HOLD
2026-04-22 10:49:07,668 | INFO     | [USDJPY] Position open — skipping.
2026-04-22 10:49:07,669 | INFO     | — scan complete — sleeping 60s —
2026-04-22 10:50:07,770 | INFO     | [EURUSD] TA=HOLD(B:4/S:5) | ML=HOLD(83%) | FINAL=HOLD
2026-04-22 10:50:07,802 | INFO     | [GBPUSD] TA=HOLD(B:2/S:1) | ML=HOLD(79%) | FINAL=HOLD
2026-04-22 10:50:07,804 | INFO     | [USDJPY] Position open — skipping.
2026-04-22 10:50:07,804 | INFO     | — scan complete — sleeping 60s —
2026-04-22 10:51:07,835 | INFO     | [EURUSD] TA=HOLD(B:4/S:5) | ML=HOLD(75%) | FINAL=HOLD
2026-04-22 10:51:07,868 | INFO     | [GBPUSD] TA=HOLD(B:2/S:1) | ML=HOLD(78%) | FINAL=HOLD
2026-04-22 10:51:07,868 | INFO     | [USDJPY] Position open — skipping.
2026-04-22 10:51:07,869 | INFO     | — scan complete — sleeping 60s —
2026-04-22 10:52:07,898 | INFO     | [EURUSD] TA=HOLD(B:4/S:5) | ML=HOLD(56%) | FINAL=HOLD
2026-04-22 10:52:07,928 | INFO     | [GBPUSD] TA=HOLD(B:4/S:3) | ML=HOLD(65%) | FINAL=HOLD
2026-04-22 10:52:07,928 | INFO     | [USDJPY] Position open — skipping.
2026-04-22 10:52:07,928 | INFO     | — scan complete — sleeping 60s —
2026-04-22 10:53:07,962 | INFO     | [EURUSD] TA=HOLD(B:4/S:5) | ML=HOLD(47%) | FINAL=HOLD
2026-04-22 10:53:07,996 | INFO     | [GBPUSD] TA=HOLD(B:4/S:3) | ML=BUY(53%) | FINAL=HOLD
2026-04-22 10:53:07,997 | INFO     | [USDJPY] Position open — skipping.
2026-04-22 10:53:07,997 | INFO     | — scan complete — sleeping 60s —
2026-04-22 10:54:08,015 | INFO     | [EURUSD] TA=HOLD(B:4/S:5) | ML=BUY(53%) | FINAL=HOLD
2026-04-22 10:54:08,047 | INFO     | [GBPUSD] TA=HOLD(B:4/S:3) | ML=HOLD(49%) | FINAL=HOLD
2026-04-22 10:54:08,047 | INFO     | [USDJPY] Position open — skipping.
2026-04-22 10:54:08,047 | INFO     | — scan complete — sleeping 60s —
2026-04-22 10:55:08,070 | INFO     | [EURUSD] TA=HOLD(B:4/S:5) | ML=HOLD(48%) | FINAL=HOLD
2026-04-22 10:55:08,102 | INFO     | [GBPUSD] TA=HOLD(B:4/S:3) | ML=HOLD(49%) | FINAL=HOLD
2026-04-22 10:55:08,103 | INFO     | [USDJPY] Position open — skipping.
2026-04-22 10:55:08,103 | INFO     | — scan complete — sleeping 60s —
2026-04-22 10:56:08,132 | INFO     | [EURUSD] TA=HOLD(B:4/S:5) | ML=BUY(55%) | FINAL=HOLD
2026-04-22 10:56:08,168 | INFO     | [GBPUSD] TA=HOLD(B:4/S:3) | ML=BUY(61%) | FINAL=HOLD
2026-04-22 10:56:08,169 | INFO     | [USDJPY] Position open — skipping.
2026-04-22 10:56:08,169 | INFO     | — scan complete — sleeping 60s —
2026-04-22 10:57:08,196 | INFO     | [EURUSD] TA=HOLD(B:4/S:5) | ML=BUY(52%) | FINAL=HOLD
2026-04-22 10:57:08,226 | INFO     | [GBPUSD] TA=HOLD(B:4/S:3) | ML=BUY(59%) | FINAL=HOLD
2026-04-22 10:57:08,227 | INFO     | [USDJPY] Position open — skipping.
2026-04-22 10:57:08,227 | INFO     | — scan complete — sleeping 60s —
2026-04-22 10:58:08,273 | INFO     | [EURUSD] TA=HOLD(B:4/S:5) | ML=BUY(51%) | FINAL=HOLD
2026-04-22 10:58:08,313 | INFO     | [GBPUSD] TA=HOLD(B:4/S:3) | ML=BUY(61%) | FINAL=HOLD
2026-04-22 10:58:08,314 | INFO     | [USDJPY] Position open — skipping.
2026-04-22 10:58:08,314 | INFO     | — scan complete — sleeping 60s —
2026-04-22 10:59:08,347 | INFO     | [EURUSD] TA=HOLD(B:4/S:5) | ML=BUY(55%) | FINAL=HOLD
2026-04-22 10:59:08,379 | INFO     | [GBPUSD] TA=HOLD(B:4/S:3) | ML=BUY(59%) | FINAL=HOLD
2026-04-22 10:59:08,379 | INFO     | [USDJPY] Position open — skipping.
2026-04-22 10:59:08,380 | INFO     | — scan complete — sleeping 60s —
2026-04-22 11:00:08,500 | INFO     | [EURUSD] TA=HOLD(B:4/S:5) | ML=HOLD(46%) | FINAL=HOLD
2026-04-22 11:00:08,530 | INFO     | [GBPUSD] TA=HOLD(B:3/S:4) | ML=HOLD(59%) | FINAL=HOLD
2026-04-22 11:00:08,531 | INFO     | [USDJPY] Position open — skipping.
2026-04-22 11:00:08,531 | INFO     | — scan complete — sleeping 60s —
2026-04-22 11:01:08,563 | INFO     | [EURUSD] TA=HOLD(B:4/S:5) | ML=HOLD(71%) | FINAL=HOLD
2026-04-22 11:01:08,596 | INFO     | [GBPUSD] TA=HOLD(B:3/S:4) | ML=HOLD(77%) | FINAL=HOLD
2026-04-22 11:01:08,596 | INFO     | [USDJPY] Position open — skipping.
2026-04-22 11:01:08,597 | INFO     | — scan complete — sleeping 60s —
2026-04-22 11:02:08,624 | INFO     | [EURUSD] TA=HOLD(B:4/S:5) | ML=HOLD(86%) | FINAL=HOLD
2026-04-22 11:02:08,655 | INFO     | [GBPUSD] TA=HOLD(B:3/S:4) | ML=HOLD(81%) | FINAL=HOLD
2026-04-22 11:02:08,655 | INFO     | [USDJPY] Position open — skipping.
2026-04-22 11:02:08,656 | INFO     | — scan complete — sleeping 60s —
2026-04-22 11:03:08,687 | INFO     | [EURUSD] TA=HOLD(B:3/S:4) | ML=HOLD(92%) | FINAL=HOLD
2026-04-22 11:03:08,718 | INFO     | [GBPUSD] TA=HOLD(B:3/S:3) | ML=HOLD(70%) | FINAL=HOLD
2026-04-22 11:03:08,719 | INFO     | [USDJPY] Position open — skipping.
2026-04-22 11:03:08,719 | INFO     | — scan complete — sleeping 60s —
2026-04-22 11:04:08,755 | INFO     | [EURUSD] TA=HOLD(B:3/S:4) | ML=HOLD(91%) | FINAL=HOLD
2026-04-22 11:04:08,786 | INFO     | [GBPUSD] TA=HOLD(B:3/S:3) | ML=HOLD(66%) | FINAL=HOLD
2026-04-22 11:04:08,787 | INFO     | [USDJPY] Position open — skipping.
2026-04-22 11:04:08,787 | INFO     | — scan complete — sleeping 60s —
2026-04-22 11:05:08,825 | INFO     | [EURUSD] TA=HOLD(B:3/S:4) | ML=HOLD(85%) | FINAL=HOLD
2026-04-22 11:05:08,856 | INFO     | [GBPUSD] TA=HOLD(B:3/S:3) | ML=HOLD(68%) | FINAL=HOLD
2026-04-22 11:05:08,856 | INFO     | [USDJPY] Position open — skipping.
2026-04-22 11:05:08,856 | INFO     | — scan complete — sleeping 60s —
2026-04-22 11:06:08,899 | INFO     | [EURUSD] TA=HOLD(B:4/S:5) | ML=HOLD(78%) | FINAL=HOLD
2026-04-22 11:06:09,164 | INFO     | [GBPUSD] TA=HOLD(B:3/S:4) | ML=HOLD(90%) | FINAL=HOLD
2026-04-22 11:06:09,164 | INFO     | [USDJPY] Position open — skipping.
2026-04-22 11:06:09,164 | INFO     | — scan complete — sleeping 60s —
2026-04-22 11:07:09,196 | INFO     | [EURUSD] TA=HOLD(B:4/S:5) | ML=HOLD(85%) | FINAL=HOLD
2026-04-22 11:07:09,229 | INFO     | [GBPUSD] TA=HOLD(B:3/S:4) | ML=HOLD(90%) | FINAL=HOLD
2026-04-22 11:07:09,230 | INFO     | [USDJPY] Position open — skipping.
2026-04-22 11:07:09,232 | INFO     | — scan complete — sleeping 60s —
2026-04-22 11:08:09,252 | INFO     | [EURUSD] TA=HOLD(B:4/S:5) | ML=HOLD(75%) | FINAL=HOLD
2026-04-22 11:08:09,281 | INFO     | [GBPUSD] TA=HOLD(B:3/S:4) | ML=HOLD(82%) | FINAL=HOLD
2026-04-22 11:08:09,282 | INFO     | [USDJPY] Position open — skipping.
2026-04-22 11:08:09,283 | INFO     | — scan complete — sleeping 60s —
2026-04-22 11:09:09,314 | INFO     | [EURUSD] TA=HOLD(B:4/S:4) | ML=HOLD(60%) | FINAL=HOLD
2026-04-22 11:09:09,345 | INFO     | [GBPUSD] TA=HOLD(B:3/S:4) | ML=HOLD(87%) | FINAL=HOLD
2026-04-22 11:09:09,346 | INFO     | [USDJPY] Position open — skipping.
2026-04-22 11:09:09,346 | INFO     | — scan complete — sleeping 60s —
2026-04-22 11:10:09,498 | INFO     | [EURUSD] TA=HOLD(B:3/S:4) | ML=HOLD(69%) | FINAL=HOLD
2026-04-22 11:10:09,530 | INFO     | [GBPUSD] TA=HOLD(B:3/S:3) | ML=HOLD(62%) | FINAL=HOLD
2026-04-22 11:10:09,530 | INFO     | [USDJPY] Position open — skipping.
2026-04-22 11:10:09,531 | INFO     | — scan complete — sleeping 60s —
2026-04-22 11:11:09,571 | INFO     | [EURUSD] TA=HOLD(B:3/S:4) | ML=HOLD(65%) | FINAL=HOLD
2026-04-22 11:11:09,605 | INFO     | [GBPUSD] TA=HOLD(B:3/S:3) | ML=HOLD(64%) | FINAL=HOLD
2026-04-22 11:11:09,606 | INFO     | [USDJPY] Position open — skipping.
2026-04-22 11:11:09,607 | INFO     | — scan complete — sleeping 60s —
2026-04-22 11:12:09,635 | INFO     | [EURUSD] TA=HOLD(B:3/S:4) | ML=HOLD(62%) | FINAL=HOLD
2026-04-22 11:12:09,665 | INFO     | [GBPUSD] TA=HOLD(B:3/S:3) | ML=HOLD(58%) | FINAL=HOLD
2026-04-22 11:12:09,666 | INFO     | [USDJPY] Position open — skipping.
2026-04-22 11:12:09,667 | INFO     | — scan complete — sleeping 60s —
2026-04-22 11:13:09,687 | INFO     | [EURUSD] TA=HOLD(B:3/S:4) | ML=HOLD(63%) | FINAL=HOLD
2026-04-22 11:13:09,718 | INFO     | [GBPUSD] TA=HOLD(B:3/S:4) | ML=HOLD(71%) | FINAL=HOLD
2026-04-22 11:13:09,720 | INFO     | [USDJPY] Position open — skipping.
2026-04-22 11:13:09,720 | INFO     | — scan complete — sleeping 60s —
2026-04-22 11:14:09,738 | INFO     | [EURUSD] TA=HOLD(B:4/S:4) | ML=BUY(53%) | FINAL=HOLD
2026-04-22 11:14:09,768 | INFO     | [GBPUSD] TA=HOLD(B:3/S:4) | ML=HOLD(78%) | FINAL=HOLD
2026-04-22 11:14:09,769 | INFO     | [USDJPY] Position open — skipping.
2026-04-22 11:14:09,770 | INFO     | — scan complete — sleeping 60s —
2026-04-22 11:15:09,787 | INFO     | [EURUSD] TA=HOLD(B:3/S:4) | ML=HOLD(62%) | FINAL=HOLD
2026-04-22 11:15:09,814 | INFO     | [GBPUSD] TA=HOLD(B:3/S:4) | ML=HOLD(0%) | FINAL=HOLD
2026-04-22 11:15:09,815 | INFO     | [USDJPY] Position open — skipping.
2026-04-22 11:15:09,816 | INFO     | — scan complete — sleeping 60s —
2026-04-22 11:16:09,835 | INFO     | [EURUSD] TA=HOLD(B:3/S:4) | ML=HOLD(83%) | FINAL=HOLD
2026-04-22 11:16:09,851 | INFO     | [GBPUSD] TA=HOLD(B:3/S:4) | ML=HOLD(51%) | FINAL=HOLD
2026-04-22 11:16:09,852 | INFO     | [USDJPY] Position open — skipping.
2026-04-22 11:16:09,852 | INFO     | — scan complete — sleeping 60s —
2026-04-22 11:17:09,945 | INFO     | [EURUSD] TA=HOLD(B:3/S:4) | ML=HOLD(82%) | FINAL=HOLD
2026-04-22 11:17:09,989 | INFO     | [GBPUSD] TA=HOLD(B:3/S:4) | ML=HOLD(61%) | FINAL=HOLD
2026-04-22 11:17:09,990 | INFO     | [USDJPY] Position open — skipping.
2026-04-22 11:17:09,990 | INFO     | — scan complete — sleeping 60s —
2026-04-22 11:18:10,100 | INFO     | [EURUSD] TA=HOLD(B:3/S:4) | ML=HOLD(92%) | FINAL=HOLD
2026-04-22 11:18:10,148 | INFO     | [GBPUSD] TA=HOLD(B:3/S:4) | ML=HOLD(52%) | FINAL=HOLD
2026-04-22 11:18:10,149 | INFO     | [USDJPY] Position open — skipping.
2026-04-22 11:18:10,150 | INFO     | — scan complete — sleeping 60s —
2026-04-22 11:19:10,172 | INFO     | [EURUSD] TA=HOLD(B:3/S:4) | ML=HOLD(90%) | FINAL=HOLD
2026-04-22 11:19:10,200 | INFO     | [GBPUSD] TA=HOLD(B:3/S:4) | ML=HOLD(39%) | FINAL=HOLD
2026-04-22 11:19:10,201 | INFO     | [USDJPY] Position open — skipping.
2026-04-22 11:19:10,201 | INFO     | — scan complete — sleeping 60s —
2026-04-22 11:20:10,231 | INFO     | [EURUSD] TA=HOLD(B:3/S:4) | ML=HOLD(85%) | FINAL=HOLD
2026-04-22 11:20:10,262 | INFO     | [GBPUSD] TA=HOLD(B:3/S:4) | ML=HOLD(81%) | FINAL=HOLD
2026-04-22 11:20:10,263 | INFO     | [USDJPY] Position open — skipping.
2026-04-22 11:20:10,263 | INFO     | — scan complete — sleeping 60s —
2026-04-22 11:21:10,295 | INFO     | [EURUSD] TA=HOLD(B:3/S:4) | ML=HOLD(90%) | FINAL=HOLD
2026-04-22 11:21:10,329 | INFO     | [GBPUSD] TA=HOLD(B:3/S:4) | ML=HOLD(80%) | FINAL=HOLD
2026-04-22 11:21:10,330 | INFO     | [USDJPY] Position open — skipping.
2026-04-22 11:21:10,330 | INFO     | — scan complete — sleeping 60s —
2026-04-22 11:22:10,347 | INFO     | [EURUSD] TA=HOLD(B:3/S:4) | ML=HOLD(89%) | FINAL=HOLD
2026-04-22 11:22:10,376 | INFO     | [GBPUSD] TA=HOLD(B:3/S:4) | ML=HOLD(90%) | FINAL=HOLD
2026-04-22 11:22:10,377 | INFO     | [USDJPY] Position open — skipping.
2026-04-22 11:22:10,378 | INFO     | — scan complete — sleeping 60s —
2026-04-22 11:23:10,409 | INFO     | [EURUSD] TA=HOLD(B:3/S:4) | ML=HOLD(91%) | FINAL=HOLD
2026-04-22 11:23:10,441 | INFO     | [GBPUSD] TA=HOLD(B:3/S:4) | ML=HOLD(86%) | FINAL=HOLD
2026-04-22 11:23:10,443 | INFO     | [USDJPY] Position open — skipping.
2026-04-22 11:23:10,443 | INFO     | — scan complete — sleeping 60s —
2026-04-22 11:24:10,479 | INFO     | [EURUSD] TA=HOLD(B:3/S:4) | ML=HOLD(88%) | FINAL=HOLD
2026-04-22 11:24:10,510 | INFO     | [GBPUSD] TA=HOLD(B:3/S:4) | ML=HOLD(84%) | FINAL=HOLD
2026-04-22 11:24:10,510 | INFO     | [USDJPY] Position open — skipping.
2026-04-22 11:24:10,511 | INFO     | — scan complete — sleeping 60s —
2026-04-22 11:25:10,665 | INFO     | [EURUSD] TA=HOLD(B:3/S:4) | ML=HOLD(94%) | FINAL=HOLD
2026-04-22 11:25:10,695 | INFO     | [GBPUSD] TA=HOLD(B:3/S:2) | ML=HOLD(86%) | FINAL=HOLD
2026-04-22 11:25:10,696 | INFO     | [USDJPY] Position open — skipping.
2026-04-22 11:25:10,696 | INFO     | — scan complete — sleeping 60s —
2026-04-22 11:26:10,741 | INFO     | [EURUSD] TA=HOLD(B:3/S:4) | ML=HOLD(95%) | FINAL=HOLD
2026-04-22 11:26:10,778 | INFO     | [GBPUSD] TA=HOLD(B:3/S:2) | ML=HOLD(84%) | FINAL=HOLD
2026-04-22 11:26:10,778 | INFO     | [USDJPY] Position open — skipping.
2026-04-22 11:26:10,779 | INFO     | — scan complete — sleeping 60s —
2026-04-22 11:27:10,797 | INFO     | [EURUSD] TA=HOLD(B:3/S:4) | ML=HOLD(96%) | FINAL=HOLD
2026-04-22 11:27:10,830 | INFO     | [GBPUSD] TA=HOLD(B:3/S:2) | ML=HOLD(78%) | FINAL=HOLD
2026-04-22 11:27:10,831 | INFO     | [USDJPY] Position open — skipping.
2026-04-22 11:27:10,832 | INFO     | — scan complete — sleeping 60s —
2026-04-22 11:28:10,863 | INFO     | [EURUSD] TA=HOLD(B:3/S:4) | ML=HOLD(95%) | FINAL=HOLD
2026-04-22 11:28:10,898 | INFO     | [GBPUSD] TA=HOLD(B:3/S:2) | ML=HOLD(82%) | FINAL=HOLD
2026-04-22 11:28:10,898 | INFO     | [USDJPY] Position open — skipping.
2026-04-22 11:28:10,899 | INFO     | — scan complete — sleeping 60s —
2026-04-22 11:29:10,933 | INFO     | [EURUSD] TA=HOLD(B:3/S:4) | ML=HOLD(86%) | FINAL=HOLD
2026-04-22 11:29:10,962 | INFO     | [GBPUSD] TA=HOLD(B:3/S:3) | ML=HOLD(87%) | FINAL=HOLD
2026-04-22 11:29:10,963 | INFO     | [USDJPY] Position open — skipping.
2026-04-22 11:29:10,964 | INFO     | — scan complete — sleeping 60s —
2026-04-22 11:30:10,982 | INFO     | [EURUSD] TA=HOLD(B:3/S:4) | ML=HOLD(80%) | FINAL=HOLD
2026-04-22 11:30:11,015 | INFO     | [GBPUSD] TA=HOLD(B:3/S:2) | ML=HOLD(64%) | FINAL=HOLD
2026-04-22 11:30:11,016 | INFO     | [USDJPY] Position open — skipping.
2026-04-22 11:30:11,017 | INFO     | — scan complete — sleeping 60s —
2026-04-22 11:31:11,046 | INFO     | [EURUSD] TA=HOLD(B:3/S:4) | ML=HOLD(85%) | FINAL=HOLD
2026-04-22 11:31:11,082 | INFO     | [GBPUSD] TA=HOLD(B:3/S:2) | ML=HOLD(68%) | FINAL=HOLD
2026-04-22 11:31:11,083 | INFO     | [USDJPY] Position open — skipping.
2026-04-22 11:31:11,083 | INFO     | — scan complete — sleeping 60s —
2026-04-22 11:32:11,114 | INFO     | [EURUSD] TA=HOLD(B:3/S:4) | ML=HOLD(85%) | FINAL=HOLD
2026-04-22 11:32:11,144 | INFO     | [GBPUSD] TA=HOLD(B:3/S:2) | ML=BUY(67%) | FINAL=HOLD
2026-04-22 11:32:11,144 | INFO     | [USDJPY] Position open — skipping.
2026-04-22 11:32:11,145 | INFO     | — scan complete — sleeping 60s —
2026-04-22 11:33:11,350 | INFO     | [EURUSD] TA=HOLD(B:3/S:4) | ML=HOLD(86%) | FINAL=HOLD
2026-04-22 11:33:11,384 | INFO     | [GBPUSD] TA=HOLD(B:3/S:2) | ML=BUY(47%) | FINAL=HOLD
2026-04-22 11:33:11,385 | INFO     | [USDJPY] Position open — skipping.
2026-04-22 11:33:11,386 | INFO     | — scan complete — sleeping 60s —
2026-04-22 11:34:11,402 | INFO     | [EURUSD] TA=HOLD(B:3/S:3) | ML=HOLD(67%) | FINAL=HOLD
2026-04-22 11:34:11,433 | INFO     | [GBPUSD] TA=HOLD(B:3/S:2) | ML=BUY(45%) | FINAL=HOLD
2026-04-22 11:34:11,434 | INFO     | [USDJPY] Position open — skipping.
2026-04-22 11:34:11,434 | INFO     | — scan complete — sleeping 60s —
2026-04-22 11:35:11,467 | INFO     | [EURUSD] TA=HOLD(B:3/S:3) | ML=HOLD(51%) | FINAL=HOLD
2026-04-22 11:35:11,497 | INFO     | [GBPUSD] TA=HOLD(B:3/S:1) | ML=BUY(48%) | FINAL=HOLD
2026-04-22 11:35:11,498 | INFO     | [USDJPY] Position open — skipping.
2026-04-22 11:35:11,498 | INFO     | — scan complete — sleeping 60s —
2026-04-22 11:36:11,518 | INFO     | [EURUSD] TA=HOLD(B:3/S:3) | ML=HOLD(72%) | FINAL=HOLD
2026-04-22 11:36:11,548 | INFO     | [GBPUSD] TA=HOLD(B:3/S:2) | ML=HOLD(58%) | FINAL=HOLD
2026-04-22 11:36:11,549 | INFO     | [USDJPY] Position open — skipping.
2026-04-22 11:36:11,549 | INFO     | — scan complete — sleeping 60s —
2026-04-22 11:37:11,588 | INFO     | [EURUSD] TA=HOLD(B:3/S:4) | ML=HOLD(71%) | FINAL=HOLD
2026-04-22 11:37:11,622 | INFO     | [GBPUSD] TA=HOLD(B:3/S:2) | ML=HOLD(53%) | FINAL=HOLD
2026-04-22 11:37:11,623 | INFO     | [USDJPY] Position open — skipping.
2026-04-22 11:37:11,623 | INFO     | — scan complete — sleeping 60s —
2026-04-22 12:12:55,630 | INFO     | [EURUSD] TA=HOLD(B:3/S:1) | ML=BUY(52%) | FINAL=HOLD
2026-04-22 12:12:55,703 | INFO     | [GBPUSD] TA=HOLD(B:3/S:1) | ML=BUY(54%) | FINAL=HOLD
2026-04-22 12:12:55,706 | INFO     | [USDJPY] Position open — skipping.
2026-04-22 12:12:55,708 | INFO     | — scan complete — sleeping 60s —
2026-04-22 12:13:55,740 | INFO     | [EURUSD] TA=HOLD(B:3/S:1) | ML=HOLD(63%) | FINAL=HOLD
2026-04-22 12:13:55,772 | INFO     | [GBPUSD] TA=HOLD(B:3/S:1) | ML=HOLD(59%) | FINAL=HOLD
2026-04-22 12:13:55,776 | INFO     | [USDJPY] Position open — skipping.
2026-04-22 12:13:55,776 | INFO     | — scan complete — sleeping 60s —
2026-04-22 12:14:55,792 | INFO     | [EURUSD] TA=HOLD(B:3/S:1) | ML=HOLD(55%) | FINAL=HOLD
2026-04-22 12:14:55,808 | INFO     | [GBPUSD] TA=HOLD(B:3/S:1) | ML=HOLD(74%) | FINAL=HOLD
2026-04-22 12:14:55,808 | INFO     | [USDJPY] Position open — skipping.
2026-04-22 12:14:55,809 | INFO     | — scan complete — sleeping 60s —
2026-04-22 12:15:55,826 | INFO     | [EURUSD] TA=HOLD(B:3/S:2) | ML=HOLD(89%) | FINAL=HOLD
2026-04-22 12:15:55,849 | INFO     | [GBPUSD] TA=HOLD(B:3/S:1) | ML=HOLD(89%) | FINAL=HOLD
2026-04-22 12:15:55,850 | INFO     | [USDJPY] Position open — skipping.
2026-04-22 12:15:55,851 | INFO     | — scan complete — sleeping 60s —
2026-04-22 12:16:55,882 | INFO     | [EURUSD] TA=HOLD(B:3/S:2) | ML=HOLD(88%) | FINAL=HOLD
2026-04-22 12:16:55,914 | INFO     | [GBPUSD] TA=HOLD(B:3/S:1) | ML=HOLD(90%) | FINAL=HOLD
2026-04-22 12:16:55,915 | INFO     | [USDJPY] Position open — skipping.
2026-04-22 12:16:55,916 | INFO     | — scan complete — sleeping 60s —
2026-04-22 12:17:55,950 | INFO     | [EURUSD] TA=HOLD(B:3/S:1) | ML=HOLD(91%) | FINAL=HOLD
2026-04-22 12:17:55,981 | INFO     | [GBPUSD] TA=HOLD(B:3/S:1) | ML=HOLD(63%) | FINAL=HOLD
2026-04-22 12:17:55,982 | INFO     | [USDJPY] Position open — skipping.
2026-04-22 12:17:55,983 | INFO     | — scan complete — sleeping 60s —
2026-04-22 12:18:56,014 | INFO     | [EURUSD] TA=HOLD(B:3/S:1) | ML=HOLD(90%) | FINAL=HOLD
2026-04-22 12:18:56,047 | INFO     | [GBPUSD] TA=HOLD(B:3/S:1) | ML=HOLD(75%) | FINAL=HOLD
2026-04-22 12:18:56,048 | INFO     | [USDJPY] Position open — skipping.
2026-04-22 12:18:56,049 | INFO     | — scan complete — sleeping 60s —
2026-04-22 12:19:56,067 | INFO     | [EURUSD] TA=HOLD(B:3/S:2) | ML=HOLD(91%) | FINAL=HOLD
2026-04-22 12:19:56,082 | INFO     | [GBPUSD] TA=HOLD(B:3/S:1) | ML=HOLD(85%) | FINAL=HOLD
2026-04-22 12:19:56,083 | INFO     | [USDJPY] Position open — skipping.
2026-04-22 12:19:56,083 | INFO     | — scan complete — sleeping 60s —
2026-04-22 12:20:56,100 | INFO     | [EURUSD] TA=HOLD(B:3/S:2) | ML=HOLD(94%) | FINAL=HOLD
2026-04-22 12:20:56,124 | INFO     | [GBPUSD] TA=HOLD(B:3/S:1) | ML=HOLD(87%) | FINAL=HOLD
2026-04-22 12:20:56,125 | INFO     | [USDJPY] Position open — skipping.
2026-04-22 12:20:56,126 | INFO     | — scan complete — sleeping 60s —
2026-04-22 12:21:56,143 | INFO     | [EURUSD] TA=HOLD(B:3/S:2) | ML=HOLD(94%) | FINAL=HOLD
2026-04-22 12:21:56,174 | INFO     | [GBPUSD] TA=HOLD(B:3/S:1) | ML=HOLD(86%) | FINAL=HOLD
2026-04-22 12:21:56,175 | INFO     | [USDJPY] Position open — skipping.
2026-04-22 12:21:56,177 | INFO     | — scan complete — sleeping 60s —
2026-04-22 12:22:56,196 | INFO     | [EURUSD] TA=HOLD(B:4/S:1) | ML=HOLD(92%) | FINAL=HOLD
2026-04-22 12:22:56,212 | INFO     | [GBPUSD] TA=HOLD(B:3/S:1) | ML=HOLD(83%) | FINAL=HOLD
2026-04-22 12:22:56,213 | INFO     | [USDJPY] Position open — skipping.
2026-04-22 12:22:56,213 | INFO     | — scan complete — sleeping 60s —
2026-04-22 12:23:56,235 | INFO     | [EURUSD] TA=HOLD(B:3/S:2) | ML=HOLD(90%) | FINAL=HOLD
2026-04-22 12:23:56,266 | INFO     | [GBPUSD] TA=HOLD(B:3/S:1) | ML=HOLD(79%) | FINAL=HOLD
2026-04-22 12:23:56,267 | INFO     | [USDJPY] Position open — skipping.
2026-04-22 12:23:56,268 | INFO     | — scan complete — sleeping 60s —
2026-04-22 12:24:56,297 | INFO     | [EURUSD] TA=HOLD(B:3/S:2) | ML=HOLD(92%) | FINAL=HOLD
2026-04-22 12:24:56,328 | INFO     | [GBPUSD] TA=HOLD(B:3/S:1) | ML=HOLD(74%) | FINAL=HOLD
2026-04-22 12:24:56,329 | INFO     | [USDJPY] Position open — skipping.
2026-04-22 12:24:56,329 | INFO     | — scan complete — sleeping 60s —
2026-04-22 12:25:56,346 | INFO     | [EURUSD] TA=HOLD(B:3/S:2) | ML=HOLD(94%) | FINAL=HOLD
2026-04-22 12:25:56,372 | INFO     | [GBPUSD] TA=HOLD(B:3/S:1) | ML=HOLD(75%) | FINAL=HOLD
2026-04-22 12:25:56,373 | INFO     | [USDJPY] Position open — skipping.
2026-04-22 12:25:56,374 | INFO     | — scan complete — sleeping 60s —
2026-04-22 12:26:56,401 | INFO     | [EURUSD] TA=HOLD(B:3/S:2) | ML=HOLD(89%) | FINAL=HOLD
2026-04-22 12:26:56,431 | INFO     | [GBPUSD] TA=HOLD(B:3/S:1) | ML=HOLD(72%) | FINAL=HOLD
2026-04-22 12:26:56,431 | INFO     | [USDJPY] Position open — skipping.
2026-04-22 12:26:56,432 | INFO     | — scan complete — sleeping 60s —
2026-04-22 12:27:56,458 | INFO     | [EURUSD] TA=HOLD(B:3/S:2) | ML=HOLD(94%) | FINAL=HOLD
2026-04-22 12:27:56,487 | INFO     | [GBPUSD] TA=HOLD(B:3/S:1) | ML=HOLD(65%) | FINAL=HOLD
2026-04-22 12:27:56,488 | INFO     | [USDJPY] Position open — skipping.
2026-04-22 12:27:56,488 | INFO     | — scan complete — sleeping 60s —
2026-04-22 12:28:56,505 | INFO     | [EURUSD] TA=HOLD(B:3/S:2) | ML=HOLD(91%) | FINAL=HOLD
2026-04-22 12:28:56,521 | INFO     | [GBPUSD] TA=HOLD(B:3/S:1) | ML=HOLD(41%) | FINAL=HOLD
2026-04-22 12:28:56,521 | INFO     | [USDJPY] Position open — skipping.
2026-04-22 12:28:56,521 | INFO     | — scan complete — sleeping 60s —
2026-04-22 12:29:56,537 | INFO     | [EURUSD] TA=HOLD(B:3/S:1) | ML=HOLD(93%) | FINAL=HOLD
2026-04-22 12:29:56,554 | INFO     | [GBPUSD] TA=HOLD(B:3/S:1) | ML=HOLD(45%) | FINAL=HOLD
2026-04-22 12:29:56,557 | INFO     | [USDJPY] Position open — skipping.
2026-04-22 12:29:56,561 | INFO     | — scan complete — sleeping 60s —
2026-04-22 12:30:56,579 | INFO     | [EURUSD] TA=HOLD(B:4/S:1) | ML=HOLD(40%) | FINAL=HOLD
2026-04-22 12:30:56,595 | INFO     | [GBPUSD] TA=HOLD(B:4/S:1) | ML=HOLD(83%) | FINAL=HOLD
2026-04-22 12:30:56,595 | INFO     | [USDJPY] Position open — skipping.
2026-04-22 12:30:56,595 | INFO     | — scan complete — sleeping 60s —
2026-04-22 12:31:56,612 | INFO     | [EURUSD] TA=HOLD(B:4/S:1) | ML=HOLD(59%) | FINAL=HOLD
2026-04-22 12:31:56,627 | INFO     | [GBPUSD] TA=HOLD(B:4/S:0) | ML=HOLD(67%) | FINAL=HOLD
2026-04-22 12:31:56,628 | INFO     | [USDJPY] Position open — skipping.
2026-04-22 12:31:56,628 | INFO     | — scan complete — sleeping 60s —
2026-04-22 12:32:56,644 | INFO     | [EURUSD] TA=HOLD(B:4/S:1) | ML=HOLD(82%) | FINAL=HOLD
2026-04-22 12:32:56,659 | INFO     | [GBPUSD] TA=HOLD(B:4/S:0) | ML=HOLD(81%) | FINAL=HOLD
2026-04-22 12:32:56,660 | INFO     | [USDJPY] Position open — skipping.
2026-04-22 12:32:56,660 | INFO     | — scan complete — sleeping 60s —
2026-04-22 12:33:56,695 | INFO     | [EURUSD] TA=HOLD(B:4/S:1) | ML=HOLD(82%) | FINAL=HOLD
2026-04-22 12:33:56,730 | INFO     | [GBPUSD] TA=HOLD(B:4/S:1) | ML=HOLD(85%) | FINAL=HOLD
2026-04-22 12:33:56,730 | INFO     | [USDJPY] Position open — skipping.
2026-04-22 12:33:56,730 | INFO     | — scan complete — sleeping 60s —
2026-04-22 12:34:56,766 | INFO     | [EURUSD] TA=HOLD(B:4/S:1) | ML=HOLD(84%) | FINAL=HOLD
2026-04-22 12:34:56,801 | INFO     | [GBPUSD] TA=HOLD(B:4/S:1) | ML=HOLD(79%) | FINAL=HOLD
2026-04-22 12:34:56,801 | INFO     | [USDJPY] Position open — skipping.
2026-04-22 12:34:56,802 | INFO     | — scan complete — sleeping 60s —
2026-04-22 12:35:56,835 | INFO     | [EURUSD] TA=HOLD(B:4/S:1) | ML=HOLD(92%) | FINAL=HOLD
2026-04-22 12:35:56,868 | INFO     | [GBPUSD] TA=HOLD(B:4/S:1) | ML=HOLD(77%) | FINAL=HOLD
2026-04-22 12:35:56,869 | INFO     | [USDJPY] Position open — skipping.
2026-04-22 12:35:56,869 | INFO     | — scan complete — sleeping 60s —
2026-04-22 12:36:56,975 | INFO     | [EURUSD] TA=HOLD(B:4/S:0) | ML=HOLD(88%) | FINAL=HOLD
2026-04-22 12:36:57,008 | INFO     | [GBPUSD] TA=HOLD(B:4/S:0) | ML=HOLD(60%) | FINAL=HOLD
2026-04-22 12:36:57,008 | INFO     | [USDJPY] Position open — skipping.
2026-04-22 12:36:57,008 | INFO     | — scan complete — sleeping 60s —
2026-04-22 12:37:57,044 | INFO     | [EURUSD] TA=HOLD(B:4/S:1) | ML=HOLD(79%) | FINAL=HOLD
2026-04-22 12:37:57,076 | INFO     | [GBPUSD] TA=HOLD(B:4/S:0) | ML=HOLD(82%) | FINAL=HOLD
2026-04-22 12:37:57,076 | INFO     | [USDJPY] Position open — skipping.
2026-04-22 12:37:57,077 | INFO     | — scan complete — sleeping 60s —
2026-04-22 12:38:57,110 | INFO     | [EURUSD] TA=HOLD(B:4/S:1) | ML=HOLD(91%) | FINAL=HOLD
2026-04-22 12:38:57,351 | INFO     | [GBPUSD] TA=HOLD(B:4/S:0) | ML=HOLD(86%) | FINAL=HOLD
2026-04-22 12:38:57,352 | INFO     | [USDJPY] Position open — skipping.
2026-04-22 12:38:57,353 | INFO     | — scan complete — sleeping 60s —
2026-04-22 12:39:57,386 | INFO     | [EURUSD] TA=HOLD(B:4/S:1) | ML=HOLD(90%) | FINAL=HOLD
2026-04-22 12:39:57,422 | INFO     | [GBPUSD] TA=HOLD(B:4/S:0) | ML=HOLD(76%) | FINAL=HOLD
2026-04-22 12:39:57,422 | INFO     | [USDJPY] Position open — skipping.
2026-04-22 12:39:57,422 | INFO     | — scan complete — sleeping 60s —
2026-04-22 12:40:57,461 | INFO     | [EURUSD] TA=HOLD(B:4/S:1) | ML=HOLD(89%) | FINAL=HOLD
2026-04-22 12:40:57,494 | INFO     | [GBPUSD] TA=HOLD(B:1/S:3) | ML=HOLD(80%) | FINAL=HOLD
2026-04-22 12:40:57,494 | INFO     | [USDJPY] Position open — skipping.
2026-04-22 12:40:57,494 | INFO     | — scan complete — sleeping 60s —
2026-04-22 12:41:57,527 | INFO     | [EURUSD] TA=HOLD(B:4/S:1) | ML=HOLD(84%) | FINAL=HOLD
2026-04-22 12:41:57,562 | INFO     | [GBPUSD] TA=HOLD(B:3/S:1) | ML=HOLD(85%) | FINAL=HOLD
2026-04-22 12:41:57,562 | INFO     | [USDJPY] Position open — skipping.
2026-04-22 12:41:57,563 | INFO     | — scan complete — sleeping 60s —
2026-04-22 12:42:57,597 | INFO     | [EURUSD] TA=HOLD(B:4/S:1) | ML=HOLD(87%) | FINAL=HOLD
2026-04-22 12:42:57,631 | INFO     | [GBPUSD] TA=HOLD(B:3/S:1) | ML=HOLD(81%) | FINAL=HOLD
2026-04-22 12:42:57,631 | INFO     | [USDJPY] Position open — skipping.
2026-04-22 12:42:57,632 | INFO     | — scan complete — sleeping 60s —
2026-04-22 12:43:57,664 | INFO     | [EURUSD] TA=HOLD(B:4/S:1) | ML=HOLD(83%) | FINAL=HOLD
2026-04-22 12:43:57,698 | INFO     | [GBPUSD] TA=HOLD(B:3/S:1) | ML=HOLD(82%) | FINAL=HOLD
2026-04-22 12:43:57,699 | INFO     | [USDJPY] Position open — skipping.
2026-04-22 12:43:57,699 | INFO     | — scan complete — sleeping 60s —
2026-04-22 12:44:57,731 | INFO     | [EURUSD] TA=HOLD(B:4/S:1) | ML=HOLD(83%) | FINAL=HOLD
2026-04-22 12:44:57,763 | INFO     | [GBPUSD] TA=HOLD(B:3/S:1) | ML=HOLD(84%) | FINAL=HOLD
2026-04-22 12:44:57,764 | INFO     | [USDJPY] Position open — skipping.
2026-04-22 12:44:57,764 | INFO     | — scan complete — sleeping 60s —
2026-04-22 12:45:57,796 | INFO     | [EURUSD] TA=HOLD(B:3/S:2) | ML=SELL(49%) | FINAL=HOLD
2026-04-22 12:45:57,829 | INFO     | [GBPUSD] TA=HOLD(B:1/S:3) | ML=SELL(48%) | FINAL=HOLD
2026-04-22 12:45:57,829 | INFO     | [USDJPY] Position open — skipping.
2026-04-22 12:45:57,830 | INFO     | — scan complete — sleeping 60s —
2026-04-22 12:46:57,863 | INFO     | [EURUSD] TA=HOLD(B:3/S:2) | ML=HOLD(53%) | FINAL=HOLD
2026-04-22 12:46:57,895 | INFO     | [GBPUSD] TA=HOLD(B:1/S:3) | ML=HOLD(60%) | FINAL=HOLD
2026-04-22 12:46:57,895 | INFO     | [USDJPY] Position open — skipping.
2026-04-22 12:46:57,895 | INFO     | — scan complete — sleeping 60s —
2026-04-22 12:47:57,930 | INFO     | [EURUSD] TA=HOLD(B:2/S:1) | ML=HOLD(53%) | FINAL=HOLD
2026-04-22 12:47:57,962 | INFO     | [GBPUSD] TA=HOLD(B:2/S:3) | ML=HOLD(89%) | FINAL=HOLD
2026-04-22 12:47:57,963 | INFO     | [USDJPY] Position open — skipping.
2026-04-22 12:47:57,963 | INFO     | — scan complete — sleeping 60s —
2026-04-22 12:48:57,996 | INFO     | [EURUSD] TA=HOLD(B:3/S:1) | ML=HOLD(80%) | FINAL=HOLD
2026-04-22 12:48:58,027 | INFO     | [GBPUSD] TA=HOLD(B:2/S:3) | ML=HOLD(92%) | FINAL=HOLD
2026-04-22 12:48:58,028 | INFO     | [USDJPY] Position open — skipping.
2026-04-22 12:48:58,028 | INFO     | — scan complete — sleeping 60s —
2026-04-22 12:49:58,063 | INFO     | [EURUSD] TA=HOLD(B:3/S:1) | ML=HOLD(80%) | FINAL=HOLD
2026-04-22 12:49:58,097 | INFO     | [GBPUSD] TA=HOLD(B:2/S:3) | ML=HOLD(86%) | FINAL=HOLD
2026-04-22 12:49:58,097 | INFO     | [USDJPY] Position open — skipping.
2026-04-22 12:49:58,097 | INFO     | — scan complete — sleeping 60s —
2026-04-22 12:50:58,131 | INFO     | [EURUSD] TA=HOLD(B:2/S:1) | ML=HOLD(67%) | FINAL=HOLD
2026-04-22 12:50:58,163 | INFO     | [GBPUSD] TA=HOLD(B:2/S:3) | ML=HOLD(81%) | FINAL=HOLD
2026-04-22 12:50:58,163 | INFO     | [USDJPY] Position open — skipping.
2026-04-22 12:50:58,164 | INFO     | — scan complete — sleeping 60s —
2026-04-22 12:51:58,197 | INFO     | [EURUSD] TA=HOLD(B:3/S:1) | ML=HOLD(69%) | FINAL=HOLD
2026-04-22 12:51:58,231 | INFO     | [GBPUSD] TA=HOLD(B:2/S:3) | ML=HOLD(82%) | FINAL=HOLD
2026-04-22 12:51:58,231 | INFO     | [USDJPY] Position open — skipping.
2026-04-22 12:51:58,232 | INFO     | — scan complete — sleeping 60s —
2026-04-22 12:52:58,276 | INFO     | [EURUSD] TA=HOLD(B:3/S:1) | ML=HOLD(83%) | FINAL=HOLD
2026-04-22 12:52:58,315 | INFO     | [GBPUSD] TA=HOLD(B:2/S:3) | ML=HOLD(81%) | FINAL=HOLD
2026-04-22 12:52:58,315 | INFO     | [USDJPY] Position open — skipping.
2026-04-22 12:52:58,315 | INFO     | — scan complete — sleeping 60s —
2026-04-22 12:53:58,352 | INFO     | [EURUSD] TA=HOLD(B:2/S:1) | ML=HOLD(57%) | FINAL=HOLD
2026-04-22 12:53:58,390 | INFO     | [GBPUSD] TA=HOLD(B:2/S:3) | ML=BUY(44%) | FINAL=HOLD
2026-04-22 12:53:58,391 | INFO     | [USDJPY] Position open — skipping.
2026-04-22 12:53:58,391 | INFO     | — scan complete — sleeping 60s —
2026-04-22 12:54:58,429 | INFO     | [EURUSD] TA=HOLD(B:3/S:1) | ML=HOLD(69%) | FINAL=HOLD
2026-04-22 12:54:58,470 | INFO     | [GBPUSD] TA=HOLD(B:2/S:3) | ML=HOLD(49%) | FINAL=HOLD
2026-04-22 12:54:58,476 | INFO     | [USDJPY] Position open — skipping.
2026-04-22 12:54:58,476 | INFO     | — scan complete — sleeping 60s —
2026-04-22 12:55:58,513 | INFO     | [EURUSD] TA=HOLD(B:3/S:1) | ML=HOLD(71%) | FINAL=HOLD
2026-04-22 12:55:58,554 | INFO     | [GBPUSD] TA=HOLD(B:2/S:3) | ML=HOLD(79%) | FINAL=HOLD
2026-04-22 12:55:58,690 | INFO     | [USDJPY] Position open — skipping.
2026-04-22 12:55:58,699 | INFO     | — scan complete — sleeping 60s —
2026-04-22 12:56:58,736 | INFO     | [EURUSD] TA=HOLD(B:3/S:1) | ML=HOLD(72%) | FINAL=HOLD
2026-04-22 12:56:58,771 | INFO     | [GBPUSD] TA=HOLD(B:2/S:3) | ML=HOLD(87%) | FINAL=HOLD
2026-04-22 12:56:58,771 | INFO     | [USDJPY] Position open — skipping.
2026-04-22 12:56:58,771 | INFO     | — scan complete — sleeping 60s —
2026-04-22 12:57:58,808 | INFO     | [EURUSD] TA=HOLD(B:3/S:1) | ML=HOLD(68%) | FINAL=HOLD
2026-04-22 12:57:58,843 | INFO     | [GBPUSD] TA=HOLD(B:2/S:3) | ML=HOLD(86%) | FINAL=HOLD
2026-04-22 12:57:58,844 | INFO     | [USDJPY] Position open — skipping.
2026-04-22 12:57:58,844 | INFO     | — scan complete — sleeping 60s —
2026-04-22 13:00:34,312 | INFO     | [EURUSD] TA=HOLD(B:3/S:1) | ML=HOLD(80%) | FINAL=HOLD
2026-04-22 13:00:34,366 | INFO     | [GBPUSD] TA=HOLD(B:2/S:3) | ML=HOLD(46%) | FINAL=HOLD
2026-04-22 13:00:34,366 | INFO     | [USDJPY] Position open — skipping.
2026-04-22 13:00:34,367 | INFO     | — scan complete — sleeping 60s —
2026-04-22 13:01:34,402 | INFO     | [EURUSD] TA=HOLD(B:3/S:1) | ML=HOLD(74%) | FINAL=HOLD
2026-04-22 13:01:34,441 | INFO     | [GBPUSD] TA=HOLD(B:2/S:3) | ML=HOLD(42%) | FINAL=HOLD
2026-04-22 13:01:34,441 | INFO     | [USDJPY] Position open — skipping.
2026-04-22 13:01:34,441 | INFO     | — scan complete — sleeping 60s —
2026-04-22 13:02:34,490 | INFO     | [EURUSD] TA=HOLD(B:3/S:1) | ML=HOLD(53%) | FINAL=HOLD
2026-04-22 13:02:34,532 | INFO     | [GBPUSD] TA=HOLD(B:1/S:3) | ML=HOLD(72%) | FINAL=HOLD
2026-04-22 13:02:34,533 | INFO     | [USDJPY] Position open — skipping.
2026-04-22 13:02:34,533 | INFO     | — scan complete — sleeping 60s —
2026-04-22 13:03:34,878 | INFO     | [EURUSD] TA=HOLD(B:3/S:1) | ML=HOLD(69%) | FINAL=HOLD
2026-04-22 13:03:34,980 | INFO     | [GBPUSD] TA=HOLD(B:2/S:2) | ML=HOLD(76%) | FINAL=HOLD
2026-04-22 13:03:34,982 | INFO     | [USDJPY] Position open — skipping.
2026-04-22 13:03:34,983 | INFO     | — scan complete — sleeping 60s —
2026-04-22 13:04:35,015 | INFO     | [EURUSD] TA=HOLD(B:3/S:1) | ML=HOLD(89%) | FINAL=HOLD
2026-04-22 13:04:35,052 | INFO     | [GBPUSD] TA=HOLD(B:2/S:3) | ML=HOLD(72%) | FINAL=HOLD
2026-04-22 13:04:35,053 | INFO     | [USDJPY] Position open — skipping.
2026-04-22 13:04:35,053 | INFO     | — scan complete — sleeping 60s —
2026-04-22 13:05:35,089 | INFO     | [EURUSD] TA=HOLD(B:3/S:1) | ML=HOLD(94%) | FINAL=HOLD
2026-04-22 13:05:35,124 | INFO     | [GBPUSD] TA=HOLD(B:2/S:2) | ML=HOLD(79%) | FINAL=HOLD
2026-04-22 13:05:35,125 | INFO     | [USDJPY] Position open — skipping.
2026-04-22 13:05:35,125 | INFO     | — scan complete — sleeping 60s —
2026-04-22 13:06:35,143 | INFO     | [EURUSD] TA=HOLD(B:3/S:1) | ML=HOLD(94%) | FINAL=HOLD
2026-04-22 13:06:35,159 | INFO     | [GBPUSD] TA=HOLD(B:2/S:2) | ML=HOLD(76%) | FINAL=HOLD
2026-04-22 13:06:35,160 | INFO     | [USDJPY] Position open — skipping.
2026-04-22 13:06:35,160 | INFO     | — scan complete — sleeping 60s —
2026-04-22 13:07:35,186 | INFO     | [EURUSD] TA=HOLD(B:3/S:1) | ML=HOLD(85%) | FINAL=HOLD
2026-04-22 13:07:35,217 | INFO     | [GBPUSD] TA=HOLD(B:2/S:2) | ML=HOLD(70%) | FINAL=HOLD
2026-04-22 13:07:35,218 | INFO     | [USDJPY] Position open — skipping.
2026-04-22 13:07:35,218 | INFO     | — scan complete — sleeping 60s —
2026-04-22 13:08:35,236 | INFO     | [EURUSD] TA=HOLD(B:3/S:1) | ML=HOLD(88%) | FINAL=HOLD
2026-04-22 13:08:35,267 | INFO     | [GBPUSD] TA=HOLD(B:2/S:2) | ML=HOLD(72%) | FINAL=HOLD
2026-04-22 13:08:35,268 | INFO     | [USDJPY] Position open — skipping.
2026-04-22 13:08:35,268 | INFO     | — scan complete — sleeping 60s —
2026-04-22 13:09:35,327 | INFO     | [EURUSD] TA=HOLD(B:4/S:1) | ML=HOLD(93%) | FINAL=HOLD
2026-04-22 13:09:35,370 | INFO     | [GBPUSD] TA=HOLD(B:1/S:1) | ML=HOLD(91%) | FINAL=HOLD
2026-04-22 13:09:35,371 | INFO     | [USDJPY] Position open — skipping.
2026-04-22 13:09:35,371 | INFO     | — scan complete — sleeping 60s —
2026-04-22 13:10:35,388 | INFO     | [EURUSD] TA=HOLD(B:3/S:1) | ML=HOLD(85%) | FINAL=HOLD
2026-04-22 13:10:35,416 | INFO     | [GBPUSD] TA=HOLD(B:1/S:0) | ML=HOLD(90%) | FINAL=HOLD
2026-04-22 13:10:35,416 | INFO     | [USDJPY] Position open — skipping.
2026-04-22 13:10:35,416 | INFO     | — scan complete — sleeping 60s —
2026-04-22 13:11:35,435 | INFO     | [EURUSD] TA=HOLD(B:4/S:1) | ML=HOLD(87%) | FINAL=HOLD
2026-04-22 13:11:35,466 | INFO     | [GBPUSD] TA=HOLD(B:1/S:1) | ML=HOLD(90%) | FINAL=HOLD
2026-04-22 13:11:35,466 | INFO     | [USDJPY] Position open — skipping.
2026-04-22 13:11:35,467 | INFO     | — scan complete — sleeping 60s —
2026-04-22 13:12:35,486 | INFO     | [EURUSD] TA=HOLD(B:4/S:1) | ML=HOLD(74%) | FINAL=HOLD
2026-04-22 13:12:35,518 | INFO     | [GBPUSD] TA=HOLD(B:2/S:3) | ML=HOLD(67%) | FINAL=HOLD
2026-04-22 13:12:35,520 | INFO     | [USDJPY] Position open — skipping.
2026-04-22 13:12:35,520 | INFO     | — scan complete — sleeping 60s —
2026-04-22 13:13:35,559 | INFO     | [EURUSD] TA=HOLD(B:4/S:1) | ML=HOLD(71%) | FINAL=HOLD
2026-04-22 13:13:35,599 | INFO     | [GBPUSD] TA=HOLD(B:2/S:3) | ML=HOLD(61%) | FINAL=HOLD
2026-04-22 13:13:35,600 | INFO     | [USDJPY] Position open — skipping.
2026-04-22 13:13:35,600 | INFO     | — scan complete — sleeping 60s —
2026-04-22 13:14:35,620 | INFO     | [EURUSD] TA=HOLD(B:4/S:1) | ML=HOLD(70%) | FINAL=HOLD
2026-04-22 13:14:35,651 | INFO     | [GBPUSD] TA=HOLD(B:2/S:3) | ML=HOLD(57%) | FINAL=HOLD
2026-04-22 13:14:35,651 | INFO     | [USDJPY] Position open — skipping.
2026-04-22 13:14:35,652 | INFO     | — scan complete — sleeping 60s —
2026-04-22 13:15:35,683 | INFO     | [EURUSD] TA=HOLD(B:4/S:1) | ML=SELL(54%) | FINAL=HOLD
2026-04-22 13:15:35,713 | INFO     | [GBPUSD] TA=HOLD(B:1/S:1) | ML=HOLD(54%) | FINAL=HOLD
2026-04-22 13:15:35,714 | INFO     | [USDJPY] Position open — skipping.
2026-04-22 13:15:35,714 | INFO     | — scan complete — sleeping 60s —
2026-04-22 13:16:35,734 | INFO     | [EURUSD] TA=HOLD(B:3/S:1) | ML=BUY(39%) | FINAL=HOLD
2026-04-22 13:16:35,763 | INFO     | [GBPUSD] TA=HOLD(B:1/S:1) | ML=HOLD(73%) | FINAL=HOLD
2026-04-22 13:16:35,764 | INFO     | [USDJPY] Position open — skipping.
2026-04-22 13:16:35,764 | INFO     | — scan complete — sleeping 60s —
2026-04-22 13:17:35,803 | INFO     | [EURUSD] TA=HOLD(B:4/S:1) | ML=HOLD(51%) | FINAL=HOLD
2026-04-22 13:17:35,848 | INFO     | [GBPUSD] TA=HOLD(B:2/S:3) | ML=HOLD(70%) | FINAL=HOLD
2026-04-22 13:17:35,849 | INFO     | [USDJPY] Position open — skipping.
2026-04-22 13:17:35,849 | INFO     | — scan complete — sleeping 60s —
2026-04-22 13:18:35,882 | INFO     | [EURUSD] TA=HOLD(B:4/S:1) | ML=HOLD(72%) | FINAL=HOLD
2026-04-22 13:18:35,916 | INFO     | [GBPUSD] TA=HOLD(B:2/S:3) | ML=HOLD(72%) | FINAL=HOLD
2026-04-22 13:18:35,916 | INFO     | [USDJPY] Position open — skipping.
2026-04-22 13:18:35,917 | INFO     | — scan complete — sleeping 60s —
2026-04-22 13:19:35,948 | INFO     | [EURUSD] TA=HOLD(B:3/S:1) | ML=HOLD(71%) | FINAL=HOLD
2026-04-22 13:19:35,978 | INFO     | [GBPUSD] TA=HOLD(B:2/S:3) | ML=HOLD(83%) | FINAL=HOLD
2026-04-22 13:19:35,979 | INFO     | [USDJPY] Position open — skipping.
2026-04-22 13:19:35,979 | INFO     | — scan complete — sleeping 60s —
2026-04-22 13:20:36,035 | INFO     | [EURUSD] TA=HOLD(B:4/S:1) | ML=HOLD(82%) | FINAL=HOLD
2026-04-22 13:20:36,073 | INFO     | [GBPUSD] TA=HOLD(B:2/S:3) | ML=HOLD(83%) | FINAL=HOLD
2026-04-22 13:20:36,073 | INFO     | [USDJPY] Position open — skipping.
2026-04-22 13:20:36,073 | INFO     | — scan complete — sleeping 60s —
2026-04-22 13:21:36,120 | INFO     | [EURUSD] TA=HOLD(B:4/S:1) | ML=HOLD(80%) | FINAL=HOLD
2026-04-22 13:21:36,159 | INFO     | [GBPUSD] TA=HOLD(B:2/S:3) | ML=HOLD(78%) | FINAL=HOLD
2026-04-22 13:21:36,159 | INFO     | [USDJPY] Position open — skipping.
2026-04-22 13:21:36,160 | INFO     | — scan complete — sleeping 60s —
2026-04-22 13:22:36,206 | INFO     | [EURUSD] TA=HOLD(B:4/S:1) | ML=HOLD(57%) | FINAL=HOLD
2026-04-22 13:22:36,272 | INFO     | [GBPUSD] TA=HOLD(B:2/S:3) | ML=HOLD(65%) | FINAL=HOLD
2026-04-22 13:22:36,272 | INFO     | [USDJPY] Position open — skipping.
2026-04-22 13:22:36,273 | INFO     | — scan complete — sleeping 60s —
2026-04-22 13:23:36,290 | INFO     | [EURUSD] TA=HOLD(B:4/S:1) | ML=HOLD(68%) | FINAL=HOLD
2026-04-22 13:23:36,306 | INFO     | [GBPUSD] TA=HOLD(B:2/S:3) | ML=HOLD(69%) | FINAL=HOLD
2026-04-22 13:23:36,307 | INFO     | [USDJPY] Position open — skipping.
2026-04-22 13:23:36,307 | INFO     | — scan complete — sleeping 60s —
2026-04-22 13:24:36,326 | INFO     | [EURUSD] TA=HOLD(B:4/S:1) | ML=HOLD(58%) | FINAL=HOLD
2026-04-22 13:24:36,354 | INFO     | [GBPUSD] TA=HOLD(B:2/S:3) | ML=HOLD(66%) | FINAL=HOLD
2026-04-22 13:24:36,355 | INFO     | [USDJPY] Position open — skipping.
2026-04-22 13:24:36,355 | INFO     | — scan complete — sleeping 60s —
2026-04-22 13:25:36,390 | INFO     | [EURUSD] TA=HOLD(B:4/S:1) | ML=HOLD(65%) | FINAL=HOLD
2026-04-22 13:25:36,425 | INFO     | [GBPUSD] TA=HOLD(B:4/S:1) | ML=HOLD(58%) | FINAL=HOLD
2026-04-22 13:25:36,426 | INFO     | [USDJPY] Position open — skipping.
2026-04-22 13:25:36,426 | INFO     | — scan complete — sleeping 60s —
2026-04-22 13:26:36,554 | INFO     | [EURUSD] TA=HOLD(B:4/S:1) | ML=HOLD(84%) | FINAL=HOLD
2026-04-22 13:26:36,603 | INFO     | [GBPUSD] TA=HOLD(B:4/S:1) | ML=HOLD(73%) | FINAL=HOLD
2026-04-22 13:26:36,603 | INFO     | [USDJPY] Position open — skipping.
2026-04-22 13:26:36,603 | INFO     | — scan complete — sleeping 60s —
2026-04-22 13:27:36,635 | INFO     | [EURUSD] TA=HOLD(B:4/S:1) | ML=HOLD(57%) | FINAL=HOLD
2026-04-22 13:27:36,669 | INFO     | [GBPUSD] TA=HOLD(B:4/S:1) | ML=HOLD(60%) | FINAL=HOLD
2026-04-22 13:27:36,669 | INFO     | [USDJPY] Position open — skipping.
2026-04-22 13:27:36,669 | INFO     | — scan complete — sleeping 60s —
2026-04-22 13:28:36,698 | INFO     | [EURUSD] TA=HOLD(B:4/S:1) | ML=HOLD(56%) | FINAL=HOLD
2026-04-22 13:28:36,731 | INFO     | [GBPUSD] TA=HOLD(B:4/S:1) | ML=BUY(46%) | FINAL=HOLD
2026-04-22 13:28:36,732 | INFO     | [USDJPY] Position open — skipping.
2026-04-22 13:28:36,732 | INFO     | — scan complete — sleeping 60s —
2026-04-22 13:29:36,752 | INFO     | [EURUSD] TA=HOLD(B:4/S:1) | ML=HOLD(61%) | FINAL=HOLD
2026-04-22 13:29:36,770 | INFO     | [GBPUSD] TA=HOLD(B:4/S:1) | ML=BUY(52%) | FINAL=HOLD
2026-04-22 13:29:36,770 | INFO     | [USDJPY] Position open — skipping.
2026-04-22 13:29:36,770 | INFO     | — scan complete — sleeping 60s —
2026-04-22 13:30:36,889 | INFO     | [EURUSD] TA=HOLD(B:4/S:1) | ML=BUY(75%) | FINAL=HOLD
2026-04-22 13:30:36,919 | INFO     | [GBPUSD] TA=HOLD(B:4/S:1) | ML=HOLD(77%) | FINAL=HOLD
2026-04-22 13:30:36,920 | INFO     | [USDJPY] Position open — skipping.
2026-04-22 13:30:36,920 | INFO     | — scan complete — sleeping 60s —
2026-04-22 13:31:36,940 | INFO     | [EURUSD] TA=HOLD(B:4/S:1) | ML=BUY(52%) | FINAL=HOLD
2026-04-22 13:31:36,973 | INFO     | [GBPUSD] TA=HOLD(B:4/S:2) | ML=HOLD(85%) | FINAL=HOLD
2026-04-22 13:31:36,973 | INFO     | [USDJPY] Position open — skipping.
2026-04-22 13:31:36,973 | INFO     | — scan complete — sleeping 60s —
2026-04-22 13:32:37,008 | INFO     | [EURUSD] TA=HOLD(B:3/S:2) | ML=HOLD(71%) | FINAL=HOLD
2026-04-22 13:32:37,041 | INFO     | [GBPUSD] TA=HOLD(B:4/S:1) | ML=HOLD(84%) | FINAL=HOLD
2026-04-22 13:32:37,042 | INFO     | [USDJPY] Position open — skipping.
2026-04-22 13:32:37,042 | INFO     | — scan complete — sleeping 60s —
2026-04-22 13:33:37,073 | INFO     | [EURUSD] TA=HOLD(B:3/S:2) | ML=HOLD(67%) | FINAL=HOLD
2026-04-22 13:33:37,105 | INFO     | [GBPUSD] TA=HOLD(B:4/S:1) | ML=HOLD(90%) | FINAL=HOLD
2026-04-22 13:33:37,106 | INFO     | [USDJPY] Position open — skipping.
2026-04-22 13:33:37,106 | INFO     | — scan complete — sleeping 60s —
2026-04-22 13:34:37,129 | INFO     | [EURUSD] TA=HOLD(B:3/S:2) | ML=HOLD(72%) | FINAL=HOLD
2026-04-22 13:34:37,162 | INFO     | [GBPUSD] TA=HOLD(B:4/S:1) | ML=HOLD(81%) | FINAL=HOLD
2026-04-22 13:34:37,163 | INFO     | [USDJPY] Position open — skipping.
2026-04-22 13:34:37,163 | INFO     | — scan complete — sleeping 60s —
2026-04-22 13:35:37,183 | INFO     | [EURUSD] TA=HOLD(B:3/S:2) | ML=HOLD(69%) | FINAL=HOLD
2026-04-22 13:35:37,201 | INFO     | [GBPUSD] TA=HOLD(B:4/S:1) | ML=HOLD(94%) | FINAL=HOLD
2026-04-22 13:35:37,201 | INFO     | [USDJPY] Position open — skipping.
2026-04-22 13:35:37,201 | INFO     | — scan complete — sleeping 60s —
2026-04-22 13:36:37,223 | INFO     | [EURUSD] TA=HOLD(B:3/S:2) | ML=HOLD(75%) | FINAL=HOLD
2026-04-22 13:36:37,253 | INFO     | [GBPUSD] TA=HOLD(B:4/S:1) | ML=HOLD(93%) | FINAL=HOLD
2026-04-22 13:36:37,254 | INFO     | [USDJPY] Position open — skipping.
2026-04-22 13:36:37,254 | INFO     | — scan complete — sleeping 60s —
2026-04-22 13:37:37,287 | INFO     | [EURUSD] TA=HOLD(B:4/S:1) | ML=HOLD(82%) | FINAL=HOLD
2026-04-22 13:37:37,321 | INFO     | [GBPUSD] TA=HOLD(B:4/S:2) | ML=HOLD(95%) | FINAL=HOLD
2026-04-22 13:37:37,321 | INFO     | [USDJPY] Position open — skipping.
2026-04-22 13:37:37,322 | INFO     | — scan complete — sleeping 60s —
2026-04-22 13:38:37,377 | INFO     | [EURUSD] TA=HOLD(B:4/S:1) | ML=HOLD(85%) | FINAL=HOLD
2026-04-22 13:38:37,433 | INFO     | [GBPUSD] TA=HOLD(B:4/S:1) | ML=HOLD(90%) | FINAL=HOLD
2026-04-22 13:38:37,434 | INFO     | [USDJPY] Position open — skipping.
2026-04-22 13:38:37,434 | INFO     | — scan complete — sleeping 60s —
2026-04-22 13:39:37,467 | INFO     | [EURUSD] TA=HOLD(B:3/S:2) | ML=HOLD(73%) | FINAL=HOLD
2026-04-22 13:39:37,498 | INFO     | [GBPUSD] TA=HOLD(B:4/S:1) | ML=HOLD(89%) | FINAL=HOLD
2026-04-22 13:39:37,499 | INFO     | [USDJPY] Position open — skipping.
2026-04-22 13:39:37,499 | INFO     | — scan complete — sleeping 60s —
2026-04-22 13:40:37,534 | INFO     | [EURUSD] TA=HOLD(B:4/S:1) | ML=HOLD(63%) | FINAL=HOLD
2026-04-22 13:40:37,565 | INFO     | [GBPUSD] TA=HOLD(B:4/S:1) | ML=HOLD(86%) | FINAL=HOLD
2026-04-22 13:40:37,566 | INFO     | [USDJPY] Position open — skipping.
2026-04-22 13:40:37,566 | INFO     | — scan complete — sleeping 60s —
2026-04-22 13:41:37,600 | INFO     | [EURUSD] TA=HOLD(B:4/S:1) | ML=HOLD(62%) | FINAL=HOLD
2026-04-22 13:41:37,637 | INFO     | [GBPUSD] TA=HOLD(B:4/S:2) | ML=HOLD(81%) | FINAL=HOLD
2026-04-22 13:41:37,637 | INFO     | [USDJPY] Position open — skipping.
2026-04-22 13:41:37,638 | INFO     | — scan complete — sleeping 60s —
2026-04-22 13:42:37,669 | INFO     | [EURUSD] TA=HOLD(B:4/S:1) | ML=HOLD(64%) | FINAL=HOLD
2026-04-22 13:42:37,698 | INFO     | [GBPUSD] TA=HOLD(B:4/S:2) | ML=HOLD(83%) | FINAL=HOLD
2026-04-22 13:42:37,698 | INFO     | [USDJPY] Position open — skipping.
2026-04-22 13:42:37,698 | INFO     | — scan complete — sleeping 60s —
2026-04-22 13:43:37,717 | INFO     | [EURUSD] TA=HOLD(B:4/S:2) | ML=HOLD(61%) | FINAL=HOLD
2026-04-22 13:43:37,782 | INFO     | [GBPUSD] TA=HOLD(B:4/S:2) | ML=HOLD(72%) | FINAL=HOLD
2026-04-22 13:43:37,783 | INFO     | [USDJPY] Position open — skipping.
2026-04-22 13:43:37,783 | INFO     | — scan complete — sleeping 60s —
2026-04-22 13:44:37,810 | INFO     | [EURUSD] TA=HOLD(B:4/S:1) | ML=HOLD(59%) | FINAL=HOLD
2026-04-22 13:44:37,840 | INFO     | [GBPUSD] TA=HOLD(B:4/S:2) | ML=HOLD(67%) | FINAL=HOLD
2026-04-22 13:44:37,840 | INFO     | [USDJPY] Position open — skipping.
2026-04-22 13:44:37,841 | INFO     | — scan complete — sleeping 60s —
2026-04-22 13:45:37,872 | INFO     | [EURUSD] TA=HOLD(B:4/S:1) | ML=HOLD(67%) | FINAL=HOLD
2026-04-22 13:45:37,904 | INFO     | [GBPUSD] TA=HOLD(B:4/S:2) | ML=HOLD(81%) | FINAL=HOLD
2026-04-22 13:45:37,905 | INFO     | [USDJPY] Position open — skipping.
2026-04-22 13:45:37,906 | INFO     | — scan complete — sleeping 60s —
2026-04-22 13:46:37,923 | INFO     | [EURUSD] TA=HOLD(B:4/S:1) | ML=HOLD(65%) | FINAL=HOLD
2026-04-22 13:46:37,947 | INFO     | [GBPUSD] TA=HOLD(B:3/S:2) | ML=HOLD(65%) | FINAL=HOLD
2026-04-22 13:46:37,947 | INFO     | [USDJPY] Position open — skipping.
2026-04-22 13:46:37,947 | INFO     | — scan complete — sleeping 60s —
2026-04-22 13:47:37,989 | INFO     | [EURUSD] TA=HOLD(B:4/S:2) | ML=HOLD(62%) | FINAL=HOLD
2026-04-22 13:47:38,029 | INFO     | [GBPUSD] TA=HOLD(B:4/S:2) | ML=HOLD(84%) | FINAL=HOLD
2026-04-22 13:47:38,029 | INFO     | [USDJPY] Position open — skipping.
2026-04-22 13:47:38,030 | INFO     | — scan complete — sleeping 60s —
2026-04-22 13:48:38,078 | INFO     | [EURUSD] TA=HOLD(B:4/S:1) | ML=HOLD(73%) | FINAL=HOLD
2026-04-22 13:48:38,114 | INFO     | [GBPUSD] TA=HOLD(B:4/S:2) | ML=HOLD(83%) | FINAL=HOLD
2026-04-22 13:48:38,115 | INFO     | [USDJPY] Position open — skipping.
2026-04-22 13:48:38,115 | INFO     | — scan complete — sleeping 60s —
2026-04-22 13:49:38,139 | INFO     | [EURUSD] TA=HOLD(B:4/S:1) | ML=HOLD(78%) | FINAL=HOLD
2026-04-22 13:49:38,169 | INFO     | [GBPUSD] TA=HOLD(B:4/S:2) | ML=HOLD(87%) | FINAL=HOLD
2026-04-22 13:49:38,170 | INFO     | [USDJPY] Position open — skipping.
2026-04-22 13:49:38,171 | INFO     | — scan complete — sleeping 60s —
2026-04-22 13:50:38,220 | INFO     | [EURUSD] TA=HOLD(B:4/S:1) | ML=HOLD(89%) | FINAL=HOLD
2026-04-22 13:50:38,303 | INFO     | [GBPUSD] TA=HOLD(B:4/S:2) | ML=HOLD(88%) | FINAL=HOLD
2026-04-22 13:50:38,305 | INFO     | [USDJPY] Position open — skipping.
2026-04-22 13:50:38,306 | INFO     | — scan complete — sleeping 60s —
2026-04-22 13:51:38,362 | INFO     | [EURUSD] TA=HOLD(B:4/S:1) | ML=HOLD(81%) | FINAL=HOLD
2026-04-22 13:51:38,399 | INFO     | [GBPUSD] TA=HOLD(B:4/S:2) | ML=HOLD(88%) | FINAL=HOLD
2026-04-22 13:51:38,400 | INFO     | [USDJPY] Position open — skipping.
2026-04-22 13:51:38,400 | INFO     | — scan complete — sleeping 60s —
2026-04-22 13:52:38,433 | INFO     | [EURUSD] TA=HOLD(B:3/S:2) | ML=HOLD(85%) | FINAL=HOLD
2026-04-22 13:52:38,465 | INFO     | [GBPUSD] TA=HOLD(B:4/S:1) | ML=HOLD(78%) | FINAL=HOLD
2026-04-22 13:52:38,465 | INFO     | [USDJPY] Position open — skipping.
2026-04-22 13:52:38,465 | INFO     | — scan complete — sleeping 60s —
2026-04-22 13:53:38,491 | INFO     | [EURUSD] TA=HOLD(B:3/S:2) | ML=HOLD(76%) | FINAL=HOLD
2026-04-22 13:53:38,521 | INFO     | [GBPUSD] TA=HOLD(B:3/S:2) | ML=HOLD(74%) | FINAL=HOLD
2026-04-22 13:53:38,522 | INFO     | [USDJPY] Position open — skipping.
2026-04-22 13:53:38,522 | INFO     | — scan complete — sleeping 60s —
2026-04-22 13:54:38,557 | INFO     | [EURUSD] TA=HOLD(B:3/S:2) | ML=HOLD(76%) | FINAL=HOLD
2026-04-22 13:54:38,591 | INFO     | [GBPUSD] TA=HOLD(B:3/S:2) | ML=HOLD(85%) | FINAL=HOLD
2026-04-22 13:54:38,591 | INFO     | [USDJPY] Position open — skipping.
2026-04-22 13:54:38,591 | INFO     | — scan complete — sleeping 60s —
2026-04-22 13:55:38,627 | INFO     | [EURUSD] TA=HOLD(B:3/S:1) | ML=HOLD(64%) | FINAL=HOLD
2026-04-22 13:55:38,658 | INFO     | [GBPUSD] TA=HOLD(B:3/S:2) | ML=HOLD(79%) | FINAL=HOLD
2026-04-22 13:55:38,658 | INFO     | [USDJPY] Position open — skipping.
2026-04-22 13:55:38,658 | INFO     | — scan complete — sleeping 60s —
2026-04-22 13:56:38,675 | INFO     | [EURUSD] TA=HOLD(B:3/S:2) | ML=HOLD(67%) | FINAL=HOLD
2026-04-22 13:56:38,709 | INFO     | [GBPUSD] TA=HOLD(B:3/S:2) | ML=HOLD(69%) | FINAL=HOLD
2026-04-22 13:56:38,710 | INFO     | [USDJPY] Position open — skipping.
2026-04-22 13:56:38,710 | INFO     | — scan complete — sleeping 60s —
2026-04-22 13:57:38,742 | INFO     | [EURUSD] TA=HOLD(B:3/S:2) | ML=HOLD(69%) | FINAL=HOLD
2026-04-22 13:57:38,773 | INFO     | [GBPUSD] TA=HOLD(B:3/S:2) | ML=HOLD(55%) | FINAL=HOLD
2026-04-22 13:57:38,775 | INFO     | [USDJPY] Position open — skipping.
2026-04-22 13:57:38,775 | INFO     | — scan complete — sleeping 60s —
2026-04-22 13:58:38,963 | INFO     | [EURUSD] TA=HOLD(B:3/S:2) | ML=HOLD(69%) | FINAL=HOLD
2026-04-22 13:58:38,995 | INFO     | [GBPUSD] TA=HOLD(B:3/S:2) | ML=HOLD(54%) | FINAL=HOLD
2026-04-22 13:58:38,996 | INFO     | [USDJPY] Position open — skipping.
2026-04-22 13:58:38,996 | INFO     | — scan complete — sleeping 60s —
2026-04-22 13:59:39,013 | INFO     | [EURUSD] TA=HOLD(B:3/S:2) | ML=HOLD(64%) | FINAL=HOLD
2026-04-22 13:59:39,046 | INFO     | [GBPUSD] TA=HOLD(B:3/S:2) | ML=HOLD(58%) | FINAL=HOLD
2026-04-22 13:59:39,047 | INFO     | [USDJPY] Position open — skipping.
2026-04-22 13:59:39,048 | INFO     | — scan complete — sleeping 60s —
2026-04-22 14:00:39,086 | INFO     | [EURUSD] TA=HOLD(B:3/S:2) | ML=HOLD(84%) | FINAL=HOLD
2026-04-22 14:00:39,117 | INFO     | [GBPUSD] TA=HOLD(B:4/S:1) | ML=HOLD(81%) | FINAL=HOLD
2026-04-22 14:00:39,118 | INFO     | [USDJPY] Position open — skipping.
2026-04-22 14:00:39,118 | INFO     | — scan complete — sleeping 60s —
2026-04-22 14:01:39,156 | INFO     | [EURUSD] TA=HOLD(B:3/S:1) | ML=HOLD(67%) | FINAL=HOLD
2026-04-22 14:01:39,209 | INFO     | [GBPUSD] TA=HOLD(B:3/S:2) | ML=HOLD(80%) | FINAL=HOLD
2026-04-22 14:01:39,211 | INFO     | [USDJPY] Position open — skipping.
2026-04-22 14:01:39,212 | INFO     | — scan complete — sleeping 60s —
2026-04-22 14:02:39,244 | INFO     | [EURUSD] TA=HOLD(B:3/S:1) | ML=HOLD(88%) | FINAL=HOLD
2026-04-22 14:02:39,275 | INFO     | [GBPUSD] TA=HOLD(B:3/S:2) | ML=HOLD(80%) | FINAL=HOLD
2026-04-22 14:02:39,275 | INFO     | [USDJPY] Position open — skipping.
2026-04-22 14:02:39,276 | INFO     | — scan complete — sleeping 60s —
2026-04-22 14:03:39,527 | INFO     | [EURUSD] TA=HOLD(B:3/S:1) | ML=HOLD(80%) | FINAL=HOLD
2026-04-22 14:03:39,753 | INFO     | [GBPUSD] TA=HOLD(B:3/S:2) | ML=HOLD(66%) | FINAL=HOLD
2026-04-22 14:03:39,765 | INFO     | [USDJPY] Position open — skipping.
2026-04-22 14:03:39,769 | INFO     | — scan complete — sleeping 60s —
2026-04-22 14:04:39,788 | INFO     | [EURUSD] TA=HOLD(B:4/S:1) | ML=HOLD(72%) | FINAL=HOLD
2026-04-22 14:04:39,818 | INFO     | [GBPUSD] TA=HOLD(B:3/S:2) | ML=HOLD(66%) | FINAL=HOLD
2026-04-22 14:04:39,819 | INFO     | [USDJPY] Position open — skipping.
2026-04-22 14:04:39,819 | INFO     | — scan complete — sleeping 60s —
2026-04-22 14:05:39,838 | INFO     | [EURUSD] TA=HOLD(B:3/S:1) | ML=HOLD(81%) | FINAL=HOLD
2026-04-22 14:05:39,870 | INFO     | [GBPUSD] TA=HOLD(B:3/S:2) | ML=HOLD(76%) | FINAL=HOLD
2026-04-22 14:05:39,870 | INFO     | [USDJPY] Position open — skipping.
2026-04-22 14:05:39,871 | INFO     | — scan complete — sleeping 60s —
2026-04-22 14:06:39,911 | INFO     | [EURUSD] TA=HOLD(B:3/S:1) | ML=HOLD(79%) | FINAL=HOLD
2026-04-22 14:06:39,942 | INFO     | [GBPUSD] TA=HOLD(B:3/S:2) | ML=HOLD(46%) | FINAL=HOLD
2026-04-22 14:06:39,943 | INFO     | [USDJPY] Position open — skipping.
2026-04-22 14:06:39,944 | INFO     | — scan complete — sleeping 60s —
2026-04-22 14:07:39,979 | INFO     | [EURUSD] TA=HOLD(B:4/S:1) | ML=HOLD(81%) | FINAL=HOLD
2026-04-22 14:07:40,016 | INFO     | [GBPUSD] TA=HOLD(B:3/S:1) | ML=BUY(45%) | FINAL=HOLD
2026-04-22 14:07:40,016 | INFO     | [USDJPY] Position open — skipping.
2026-04-22 14:07:40,017 | INFO     | — scan complete — sleeping 60s —
2026-04-22 14:08:40,068 | INFO     | [EURUSD] TA=HOLD(B:3/S:1) | ML=HOLD(85%) | FINAL=HOLD
2026-04-22 14:08:40,108 | INFO     | [GBPUSD] TA=HOLD(B:3/S:1) | ML=HOLD(75%) | FINAL=HOLD
2026-04-22 14:08:40,108 | INFO     | [USDJPY] Position open — skipping.
2026-04-22 14:08:40,109 | INFO     | — scan complete — sleeping 60s —
2026-04-22 14:09:40,166 | INFO     | [EURUSD] TA=HOLD(B:3/S:1) | ML=HOLD(81%) | FINAL=HOLD
2026-04-22 14:09:40,208 | INFO     | [GBPUSD] TA=HOLD(B:3/S:2) | ML=HOLD(83%) | FINAL=HOLD
2026-04-22 14:09:40,209 | INFO     | [USDJPY] Position open — skipping.
2026-04-22 14:09:40,209 | INFO     | — scan complete — sleeping 60s —
2026-04-22 14:10:40,241 | INFO     | [EURUSD] TA=HOLD(B:4/S:1) | ML=HOLD(69%) | FINAL=HOLD
2026-04-22 14:10:40,274 | INFO     | [GBPUSD] TA=HOLD(B:3/S:2) | ML=HOLD(84%) | FINAL=HOLD
2026-04-22 14:10:40,275 | INFO     | [USDJPY] Position open — skipping.
2026-04-22 14:10:40,276 | INFO     | — scan complete — sleeping 60s —
2026-04-22 14:11:40,333 | INFO     | [EURUSD] TA=HOLD(B:4/S:1) | ML=HOLD(77%) | FINAL=HOLD
2026-04-22 14:11:40,382 | INFO     | [GBPUSD] TA=HOLD(B:3/S:2) | ML=HOLD(73%) | FINAL=HOLD
2026-04-22 14:11:40,383 | INFO     | [USDJPY] Position open — skipping.
2026-04-22 14:11:40,384 | INFO     | — scan complete — sleeping 60s —
2026-04-22 14:12:40,417 | INFO     | [EURUSD] TA=HOLD(B:3/S:1) | ML=HOLD(75%) | FINAL=HOLD
2026-04-22 14:12:40,450 | INFO     | [GBPUSD] TA=HOLD(B:3/S:2) | ML=HOLD(65%) | FINAL=HOLD
2026-04-22 14:12:40,451 | INFO     | [USDJPY] Position open — skipping.
2026-04-22 14:12:40,451 | INFO     | — scan complete — sleeping 60s —
2026-04-22 14:13:40,470 | INFO     | [EURUSD] TA=HOLD(B:3/S:1) | ML=HOLD(75%) | FINAL=HOLD
2026-04-22 14:13:40,498 | INFO     | [GBPUSD] TA=HOLD(B:3/S:2) | ML=HOLD(74%) | FINAL=HOLD
2026-04-22 14:13:40,499 | INFO     | [USDJPY] Position open — skipping.
2026-04-22 14:13:40,500 | INFO     | — scan complete — sleeping 60s —
2026-04-22 14:14:40,518 | INFO     | [EURUSD] TA=HOLD(B:3/S:1) | ML=HOLD(62%) | FINAL=HOLD
2026-04-22 14:14:40,545 | INFO     | [GBPUSD] TA=HOLD(B:3/S:2) | ML=HOLD(68%) | FINAL=HOLD
2026-04-22 14:14:40,546 | INFO     | [USDJPY] Position open — skipping.
2026-04-22 14:14:40,547 | INFO     | — scan complete — sleeping 60s —
2026-04-22 14:15:40,588 | INFO     | [EURUSD] TA=HOLD(B:4/S:0) | ML=HOLD(44%) | FINAL=HOLD
2026-04-22 14:15:40,620 | INFO     | [GBPUSD] TA=HOLD(B:4/S:1) | ML=HOLD(83%) | FINAL=HOLD
2026-04-22 14:15:40,621 | INFO     | [USDJPY] Position open — skipping.
2026-04-22 14:15:40,622 | INFO     | — scan complete — sleeping 60s —
2026-04-22 14:16:40,653 | INFO     | [EURUSD] TA=HOLD(B:4/S:1) | ML=HOLD(51%) | FINAL=HOLD
2026-04-22 14:16:40,688 | INFO     | [GBPUSD] TA=HOLD(B:4/S:1) | ML=HOLD(80%) | FINAL=HOLD
2026-04-22 14:16:40,689 | INFO     | [USDJPY] Position open — skipping.
2026-04-22 14:16:40,690 | INFO     | — scan complete — sleeping 60s —
2026-04-22 14:17:40,720 | INFO     | [EURUSD] TA=HOLD(B:3/S:1) | ML=HOLD(69%) | FINAL=HOLD
2026-04-22 14:17:40,750 | INFO     | [GBPUSD] TA=HOLD(B:4/S:1) | ML=HOLD(79%) | FINAL=HOLD
2026-04-22 14:17:40,751 | INFO     | [USDJPY] Position open — skipping.
2026-04-22 14:17:40,752 | INFO     | — scan complete — sleeping 60s —
2026-04-22 14:18:40,772 | INFO     | [EURUSD] TA=HOLD(B:4/S:0) | ML=HOLD(71%) | FINAL=HOLD
2026-04-22 14:18:40,803 | INFO     | [GBPUSD] TA=HOLD(B:4/S:1) | ML=HOLD(86%) | FINAL=HOLD
2026-04-22 14:18:40,804 | INFO     | [USDJPY] Position open — skipping.
2026-04-22 14:18:40,804 | INFO     | — scan complete — sleeping 60s —
2026-04-22 14:19:40,836 | INFO     | [EURUSD] TA=HOLD(B:4/S:0) | ML=HOLD(75%) | FINAL=HOLD
2026-04-22 14:19:40,866 | INFO     | [GBPUSD] TA=HOLD(B:4/S:1) | ML=HOLD(79%) | FINAL=HOLD
2026-04-22 14:19:40,867 | INFO     | [USDJPY] Position open — skipping.
2026-04-22 14:19:40,867 | INFO     | — scan complete — sleeping 60s —
2026-04-22 14:20:40,902 | INFO     | [EURUSD] TA=HOLD(B:4/S:0) | ML=HOLD(78%) | FINAL=HOLD
2026-04-22 14:20:40,944 | INFO     | [GBPUSD] TA=HOLD(B:4/S:1) | ML=HOLD(84%) | FINAL=HOLD
2026-04-22 14:20:40,945 | INFO     | [USDJPY] Position open — skipping.
2026-04-22 14:20:40,945 | INFO     | — scan complete — sleeping 60s —
2026-04-22 14:21:40,969 | INFO     | [EURUSD] TA=HOLD(B:4/S:1) | ML=HOLD(84%) | FINAL=HOLD
2026-04-22 14:21:41,001 | INFO     | [GBPUSD] TA=HOLD(B:4/S:1) | ML=HOLD(85%) | FINAL=HOLD
2026-04-22 14:21:41,002 | INFO     | [USDJPY] Position open — skipping.
2026-04-22 14:21:41,002 | INFO     | — scan complete — sleeping 60s —
2026-04-22 14:22:41,020 | INFO     | [EURUSD] TA=HOLD(B:4/S:1) | ML=HOLD(87%) | FINAL=HOLD
2026-04-22 14:22:41,036 | INFO     | [GBPUSD] TA=HOLD(B:4/S:1) | ML=HOLD(89%) | FINAL=HOLD
2026-04-22 14:22:41,037 | INFO     | [USDJPY] Position open — skipping.
2026-04-22 14:22:41,037 | INFO     | — scan complete — sleeping 60s —
2026-04-22 14:23:41,054 | INFO     | [EURUSD] TA=HOLD(B:4/S:1) | ML=HOLD(86%) | FINAL=HOLD
2026-04-22 14:23:41,081 | INFO     | [GBPUSD] TA=HOLD(B:4/S:1) | ML=HOLD(91%) | FINAL=HOLD
2026-04-22 14:23:41,082 | INFO     | [USDJPY] Position open — skipping.
2026-04-22 14:23:41,082 | INFO     | — scan complete — sleeping 60s —
2026-04-22 14:24:41,153 | INFO     | [EURUSD] TA=HOLD(B:4/S:1) | ML=HOLD(87%) | FINAL=HOLD
2026-04-22 14:24:41,183 | INFO     | [GBPUSD] TA=HOLD(B:4/S:1) | ML=HOLD(83%) | FINAL=HOLD
2026-04-22 14:24:41,184 | INFO     | [USDJPY] Position open — skipping.
2026-04-22 14:24:41,184 | INFO     | — scan complete — sleeping 60s —
2026-04-22 14:25:41,214 | INFO     | [EURUSD] TA=HOLD(B:4/S:1) | ML=HOLD(91%) | FINAL=HOLD
2026-04-22 14:25:41,249 | INFO     | [GBPUSD] TA=HOLD(B:4/S:1) | ML=HOLD(81%) | FINAL=HOLD
2026-04-22 14:25:41,250 | INFO     | [USDJPY] Position open — skipping.
2026-04-22 14:25:41,250 | INFO     | — scan complete — sleeping 60s —
2026-04-22 14:26:41,282 | INFO     | [EURUSD] TA=HOLD(B:4/S:1) | ML=HOLD(91%) | FINAL=HOLD
2026-04-22 14:26:41,312 | INFO     | [GBPUSD] TA=HOLD(B:4/S:1) | ML=HOLD(81%) | FINAL=HOLD
2026-04-22 14:26:41,312 | INFO     | [USDJPY] Position open — skipping.
2026-04-22 14:26:41,313 | INFO     | — scan complete — sleeping 60s —
2026-04-22 14:27:41,463 | INFO     | [EURUSD] TA=HOLD(B:4/S:0) | ML=HOLD(74%) | FINAL=HOLD
2026-04-22 14:27:41,514 | INFO     | [GBPUSD] TA=HOLD(B:4/S:1) | ML=HOLD(88%) | FINAL=HOLD
2026-04-22 14:27:41,515 | INFO     | [USDJPY] Position open — skipping.
2026-04-22 14:27:41,515 | INFO     | — scan complete — sleeping 60s —
2026-04-22 14:28:41,533 | INFO     | [EURUSD] TA=HOLD(B:4/S:1) | ML=HOLD(86%) | FINAL=HOLD
2026-04-22 14:28:41,569 | INFO     | [GBPUSD] TA=HOLD(B:4/S:1) | ML=HOLD(91%) | FINAL=HOLD
2026-04-22 14:28:41,570 | INFO     | [USDJPY] Position open — skipping.
2026-04-22 14:28:41,570 | INFO     | — scan complete — sleeping 60s —
2026-04-22 14:29:41,590 | INFO     | [EURUSD] TA=HOLD(B:4/S:1) | ML=HOLD(86%) | FINAL=HOLD
2026-04-22 14:29:41,612 | INFO     | [GBPUSD] TA=HOLD(B:4/S:1) | ML=HOLD(92%) | FINAL=HOLD
2026-04-22 14:29:41,612 | INFO     | [USDJPY] Position open — skipping.
2026-04-22 14:29:41,613 | INFO     | — scan complete — sleeping 60s —
2026-04-22 14:30:41,670 | INFO     | [EURUSD] TA=HOLD(B:4/S:1) | ML=HOLD(77%) | FINAL=HOLD
2026-04-22 14:30:41,720 | INFO     | [GBPUSD] TA=HOLD(B:4/S:1) | ML=HOLD(85%) | FINAL=HOLD
2026-04-22 14:30:41,721 | INFO     | [USDJPY] Position open — skipping.
2026-04-22 14:30:41,721 | INFO     | — scan complete — sleeping 60s —
2026-04-22 14:31:41,764 | INFO     | [EURUSD] TA=HOLD(B:4/S:0) | ML=HOLD(78%) | FINAL=HOLD
2026-04-22 14:31:41,800 | INFO     | [GBPUSD] TA=HOLD(B:4/S:2) | ML=HOLD(88%) | FINAL=HOLD
2026-04-22 14:31:41,801 | INFO     | [USDJPY] Position open — skipping.
2026-04-22 14:31:41,801 | INFO     | — scan complete — sleeping 60s —
2026-04-22 14:32:41,856 | INFO     | [EURUSD] TA=HOLD(B:4/S:0) | ML=HOLD(88%) | FINAL=HOLD
2026-04-22 14:32:41,898 | INFO     | [GBPUSD] TA=HOLD(B:4/S:2) | ML=HOLD(87%) | FINAL=HOLD
2026-04-22 14:32:41,899 | INFO     | [USDJPY] Position open — skipping.
2026-04-22 14:32:41,899 | INFO     | — scan complete — sleeping 60s —
2026-04-22 14:33:41,916 | INFO     | [EURUSD] TA=HOLD(B:3/S:1) | ML=HOLD(86%) | FINAL=HOLD
2026-04-22 14:33:41,933 | INFO     | [GBPUSD] TA=HOLD(B:4/S:1) | ML=HOLD(89%) | FINAL=HOLD
2026-04-22 14:33:41,933 | INFO     | [USDJPY] Position open — skipping.
2026-04-22 14:33:41,934 | INFO     | — scan complete — sleeping 60s —
2026-04-22 14:34:41,954 | INFO     | [EURUSD] TA=HOLD(B:4/S:0) | ML=HOLD(80%) | FINAL=HOLD
2026-04-22 14:34:41,979 | INFO     | [GBPUSD] TA=HOLD(B:4/S:2) | ML=HOLD(89%) | FINAL=HOLD
2026-04-22 14:34:41,980 | INFO     | [USDJPY] Position open — skipping.
2026-04-22 14:34:41,980 | INFO     | — scan complete — sleeping 60s —
2026-04-22 14:35:42,022 | INFO     | [EURUSD] TA=HOLD(B:3/S:1) | ML=HOLD(84%) | FINAL=HOLD
2026-04-22 14:35:42,068 | INFO     | [GBPUSD] TA=HOLD(B:4/S:1) | ML=HOLD(82%) | FINAL=HOLD
2026-04-22 14:35:42,070 | INFO     | [USDJPY] Position open — skipping.
2026-04-22 14:35:42,073 | INFO     | — scan complete — sleeping 60s —
2026-04-22 14:36:42,122 | INFO     | [EURUSD] TA=HOLD(B:4/S:1) | ML=HOLD(88%) | FINAL=HOLD
2026-04-22 14:36:42,154 | INFO     | [GBPUSD] TA=HOLD(B:3/S:3) | ML=HOLD(76%) | FINAL=HOLD
2026-04-22 14:36:42,154 | INFO     | [USDJPY] Position open — skipping.
2026-04-22 14:36:42,155 | INFO     | — scan complete — sleeping 60s —
2026-04-22 14:37:42,177 | INFO     | [EURUSD] TA=HOLD(B:4/S:1) | ML=HOLD(94%) | FINAL=HOLD
2026-04-22 14:37:42,207 | INFO     | [GBPUSD] TA=HOLD(B:3/S:3) | ML=HOLD(73%) | FINAL=HOLD
2026-04-22 14:37:42,208 | INFO     | [USDJPY] Position open — skipping.
2026-04-22 14:37:42,208 | INFO     | — scan complete — sleeping 60s —
2026-04-22 14:38:42,250 | INFO     | [EURUSD] TA=HOLD(B:4/S:1) | ML=HOLD(85%) | FINAL=HOLD
2026-04-22 14:38:42,280 | INFO     | [GBPUSD] TA=HOLD(B:3/S:3) | ML=HOLD(75%) | FINAL=HOLD
2026-04-22 14:38:42,280 | INFO     | [USDJPY] Position open — skipping.
2026-04-22 14:38:42,281 | INFO     | — scan complete — sleeping 60s —
2026-04-22 14:39:42,335 | INFO     | [EURUSD] TA=HOLD(B:4/S:1) | ML=HOLD(77%) | FINAL=HOLD
2026-04-22 14:39:42,369 | INFO     | [GBPUSD] TA=HOLD(B:3/S:3) | ML=HOLD(84%) | FINAL=HOLD
2026-04-22 14:39:42,369 | INFO     | [USDJPY] Position open — skipping.
2026-04-22 14:39:42,369 | INFO     | — scan complete — sleeping 60s —
2026-04-22 14:40:42,434 | INFO     | [EURUSD] TA=HOLD(B:4/S:1) | ML=HOLD(62%) | FINAL=HOLD
2026-04-22 14:40:42,473 | INFO     | [GBPUSD] TA=HOLD(B:3/S:3) | ML=HOLD(83%) | FINAL=HOLD
2026-04-22 14:40:42,473 | INFO     | [USDJPY] Position open — skipping.
2026-04-22 14:40:42,474 | INFO     | — scan complete — sleeping 60s —
2026-04-22 14:41:42,511 | INFO     | [EURUSD] TA=HOLD(B:4/S:1) | ML=HOLD(57%) | FINAL=HOLD
2026-04-22 14:41:42,542 | INFO     | [GBPUSD] TA=HOLD(B:3/S:3) | ML=HOLD(76%) | FINAL=HOLD
2026-04-22 14:41:42,542 | INFO     | [USDJPY] Position open — skipping.
2026-04-22 14:41:42,542 | INFO     | — scan complete — sleeping 60s —
2026-04-22 14:42:42,563 | INFO     | [EURUSD] TA=HOLD(B:4/S:1) | ML=HOLD(68%) | FINAL=HOLD
2026-04-22 14:42:42,593 | INFO     | [GBPUSD] TA=HOLD(B:3/S:3) | ML=HOLD(82%) | FINAL=HOLD
2026-04-22 14:42:42,593 | INFO     | [USDJPY] Position open — skipping.
2026-04-22 14:42:42,593 | INFO     | — scan complete — sleeping 60s —
2026-04-22 14:43:42,614 | INFO     | [EURUSD] TA=HOLD(B:4/S:1) | ML=HOLD(68%) | FINAL=HOLD
2026-04-22 14:43:42,670 | INFO     | [GBPUSD] TA=HOLD(B:3/S:3) | ML=HOLD(79%) | FINAL=HOLD
2026-04-22 14:43:42,671 | INFO     | [USDJPY] Position open — skipping.
2026-04-22 14:43:42,671 | INFO     | — scan complete — sleeping 60s —
2026-04-22 14:44:42,702 | INFO     | [EURUSD] TA=HOLD(B:4/S:1) | ML=HOLD(58%) | FINAL=HOLD
2026-04-22 14:44:42,733 | INFO     | [GBPUSD] TA=HOLD(B:3/S:3) | ML=HOLD(57%) | FINAL=HOLD
2026-04-22 14:44:42,733 | INFO     | [USDJPY] Position open — skipping.
2026-04-22 14:44:42,734 | INFO     | — scan complete — sleeping 60s —
2026-04-22 14:45:42,768 | INFO     | [EURUSD] TA=HOLD(B:4/S:1) | ML=HOLD(44%) | FINAL=HOLD
2026-04-22 14:45:42,800 | INFO     | [GBPUSD] TA=HOLD(B:3/S:3) | ML=HOLD(55%) | FINAL=HOLD
2026-04-22 14:45:42,800 | INFO     | [USDJPY] Position open — skipping.
2026-04-22 14:45:42,801 | INFO     | — scan complete — sleeping 60s —
2026-04-22 14:46:42,842 | INFO     | [EURUSD] TA=HOLD(B:3/S:2) | ML=HOLD(64%) | FINAL=HOLD
2026-04-22 14:46:42,878 | INFO     | [GBPUSD] TA=HOLD(B:3/S:2) | ML=HOLD(59%) | FINAL=HOLD
2026-04-22 14:46:42,878 | INFO     | [USDJPY] Position open — skipping.
2026-04-22 14:46:42,878 | INFO     | — scan complete — sleeping 60s —
2026-04-22 14:47:42,940 | INFO     | [EURUSD] TA=HOLD(B:4/S:1) | ML=HOLD(55%) | FINAL=HOLD
2026-04-22 14:47:42,981 | INFO     | [GBPUSD] TA=HOLD(B:3/S:3) | ML=HOLD(93%) | FINAL=HOLD
2026-04-22 14:47:42,982 | INFO     | [USDJPY] Position open — skipping.
2026-04-22 14:47:42,982 | INFO     | — scan complete — sleeping 60s —
2026-04-22 14:48:43,019 | INFO     | [EURUSD] TA=HOLD(B:4/S:1) | ML=HOLD(80%) | FINAL=HOLD
2026-04-22 14:48:43,066 | INFO     | [GBPUSD] TA=HOLD(B:3/S:3) | ML=HOLD(97%) | FINAL=HOLD
2026-04-22 14:48:43,068 | INFO     | [USDJPY] Position open — skipping.
2026-04-22 14:48:43,068 | INFO     | — scan complete — sleeping 60s —
2026-04-22 14:49:43,097 | INFO     | [EURUSD] TA=HOLD(B:3/S:2) | ML=HOLD(75%) | FINAL=HOLD
2026-04-22 14:49:43,131 | INFO     | [GBPUSD] TA=HOLD(B:3/S:3) | ML=HOLD(97%) | FINAL=HOLD
2026-04-22 14:49:43,131 | INFO     | [USDJPY] Position open — skipping.
2026-04-22 14:49:43,131 | INFO     | — scan complete — sleeping 60s —
2026-04-22 14:50:43,156 | INFO     | [EURUSD] TA=HOLD(B:3/S:1) | ML=HOLD(83%) | FINAL=HOLD
2026-04-22 14:50:43,187 | INFO     | [GBPUSD] TA=HOLD(B:3/S:2) | ML=HOLD(75%) | FINAL=HOLD
2026-04-22 14:50:43,188 | INFO     | [USDJPY] Position open — skipping.
2026-04-22 14:50:43,188 | INFO     | — scan complete — sleeping 60s —
2026-04-22 14:51:43,218 | INFO     | [EURUSD] TA=HOLD(B:3/S:1) | ML=HOLD(76%) | FINAL=HOLD
2026-04-22 14:51:43,251 | INFO     | [GBPUSD] TA=HOLD(B:3/S:2) | ML=HOLD(82%) | FINAL=HOLD
2026-04-22 14:51:43,251 | INFO     | [USDJPY] Position open — skipping.
2026-04-22 14:51:43,252 | INFO     | — scan complete — sleeping 60s —
2026-04-22 14:52:43,274 | INFO     | [EURUSD] TA=HOLD(B:3/S:1) | ML=HOLD(75%) | FINAL=HOLD
2026-04-22 14:52:43,304 | INFO     | [GBPUSD] TA=HOLD(B:3/S:2) | ML=HOLD(80%) | FINAL=HOLD
2026-04-22 14:52:43,304 | INFO     | [USDJPY] Position open — skipping.
2026-04-22 14:52:43,305 | INFO     | — scan complete — sleeping 60s —
2026-04-22 14:53:43,321 | INFO     | [EURUSD] TA=HOLD(B:3/S:1) | ML=HOLD(75%) | FINAL=HOLD
2026-04-22 14:53:43,337 | INFO     | [GBPUSD] TA=HOLD(B:3/S:2) | ML=HOLD(87%) | FINAL=HOLD
2026-04-22 14:53:43,337 | INFO     | [USDJPY] Position open — skipping.
2026-04-22 14:53:43,338 | INFO     | — scan complete — sleeping 60s —
2026-04-22 14:54:43,354 | INFO     | [EURUSD] TA=HOLD(B:1/S:3) | ML=HOLD(74%) | FINAL=HOLD
2026-04-22 14:54:43,385 | INFO     | [GBPUSD] TA=HOLD(B:3/S:2) | ML=HOLD(83%) | FINAL=HOLD
2026-04-22 14:54:43,385 | INFO     | [USDJPY] Position open — skipping.
2026-04-22 14:54:43,386 | INFO     | — scan complete — sleeping 60s —
2026-04-22 14:55:43,418 | INFO     | [EURUSD] TA=HOLD(B:3/S:1) | ML=HOLD(91%) | FINAL=HOLD
2026-04-22 14:55:43,449 | INFO     | [GBPUSD] TA=HOLD(B:3/S:2) | ML=HOLD(75%) | FINAL=HOLD
2026-04-22 14:55:43,449 | INFO     | [USDJPY] Position open — skipping.
2026-04-22 14:55:43,449 | INFO     | — scan complete — sleeping 60s —
2026-04-22 14:56:43,481 | INFO     | [EURUSD] TA=HOLD(B:3/S:1) | ML=HOLD(89%) | FINAL=HOLD
2026-04-22 14:56:43,512 | INFO     | [GBPUSD] TA=HOLD(B:3/S:2) | ML=HOLD(83%) | FINAL=HOLD
2026-04-22 14:56:43,513 | INFO     | [USDJPY] Position open — skipping.
2026-04-22 14:56:43,513 | INFO     | — scan complete — sleeping 60s —
2026-04-22 14:57:43,548 | INFO     | [EURUSD] TA=HOLD(B:3/S:1) | ML=HOLD(91%) | FINAL=HOLD
2026-04-22 14:57:43,583 | INFO     | [GBPUSD] TA=HOLD(B:3/S:2) | ML=HOLD(89%) | FINAL=HOLD
2026-04-22 14:57:43,583 | INFO     | [USDJPY] Position open — skipping.
2026-04-22 14:57:43,584 | INFO     | — scan complete — sleeping 60s —
2026-04-22 14:58:43,602 | INFO     | [EURUSD] TA=HOLD(B:3/S:1) | ML=HOLD(90%) | FINAL=HOLD
2026-04-22 14:58:43,625 | INFO     | [GBPUSD] TA=HOLD(B:3/S:2) | ML=HOLD(90%) | FINAL=HOLD
2026-04-22 14:58:43,626 | INFO     | [USDJPY] Position open — skipping.
2026-04-22 14:58:43,626 | INFO     | — scan complete — sleeping 60s —
2026-04-22 14:59:43,660 | INFO     | [EURUSD] TA=HOLD(B:3/S:1) | ML=HOLD(90%) | FINAL=HOLD
2026-04-22 14:59:43,720 | INFO     | [GBPUSD] TA=HOLD(B:3/S:2) | ML=HOLD(92%) | FINAL=HOLD
2026-04-22 14:59:43,720 | INFO     | [USDJPY] Position open — skipping.
2026-04-22 14:59:43,722 | INFO     | — scan complete — sleeping 60s —
2026-04-22 15:00:43,739 | INFO     | [EURUSD] TA=HOLD(B:1/S:3) | ML=HOLD(83%) | FINAL=HOLD
2026-04-22 15:00:43,764 | INFO     | [GBPUSD] TA=BUY(B:5/S:2) | ML=HOLD(86%) | FINAL=HOLD
2026-04-22 15:00:43,765 | INFO     | [USDJPY] Position open — skipping.
2026-04-22 15:00:43,765 | INFO     | — scan complete — sleeping 60s —
2026-04-22 15:01:43,802 | INFO     | [EURUSD] TA=HOLD(B:1/S:3) | ML=HOLD(79%) | FINAL=HOLD
2026-04-22 15:01:43,846 | INFO     | [GBPUSD] TA=BUY(B:5/S:2) | ML=HOLD(85%) | FINAL=HOLD
2026-04-22 15:01:43,847 | INFO     | [USDJPY] Position open — skipping.
2026-04-22 15:01:43,847 | INFO     | — scan complete — sleeping 60s —
2026-04-22 15:02:43,878 | INFO     | [EURUSD] TA=HOLD(B:1/S:3) | ML=HOLD(70%) | FINAL=HOLD
2026-04-22 15:02:43,913 | INFO     | [GBPUSD] TA=BUY(B:5/S:2) | ML=HOLD(93%) | FINAL=HOLD
2026-04-22 15:02:43,913 | INFO     | [USDJPY] Position open — skipping.
2026-04-22 15:02:43,913 | INFO     | — scan complete — sleeping 60s —
2026-04-22 15:03:43,930 | INFO     | [EURUSD] TA=HOLD(B:1/S:3) | ML=HOLD(85%) | FINAL=HOLD
2026-04-22 15:03:43,947 | INFO     | [GBPUSD] TA=BUY(B:5/S:2) | ML=HOLD(91%) | FINAL=HOLD
2026-04-22 15:03:43,948 | INFO     | [USDJPY] Position open — skipping.
2026-04-22 15:03:43,948 | INFO     | — scan complete — sleeping 60s —
2026-04-22 15:04:43,965 | INFO     | [EURUSD] TA=HOLD(B:1/S:3) | ML=HOLD(86%) | FINAL=HOLD
2026-04-22 15:04:43,982 | INFO     | [GBPUSD] TA=BUY(B:5/S:2) | ML=HOLD(90%) | FINAL=HOLD
2026-04-22 15:04:43,983 | INFO     | [USDJPY] Position open — skipping.
2026-04-22 15:04:43,983 | INFO     | — scan complete — sleeping 60s —
2026-04-22 15:05:44,003 | INFO     | [EURUSD] TA=HOLD(B:1/S:3) | ML=HOLD(88%) | FINAL=HOLD
2026-04-22 15:05:44,020 | INFO     | [GBPUSD] TA=BUY(B:5/S:2) | ML=HOLD(75%) | FINAL=HOLD
2026-04-22 15:05:44,020 | INFO     | [USDJPY] Position open — skipping.
2026-04-22 15:05:44,020 | INFO     | — scan complete — sleeping 60s —
2026-04-22 15:06:44,082 | INFO     | [EURUSD] TA=HOLD(B:1/S:3) | ML=HOLD(88%) | FINAL=HOLD
2026-04-22 15:06:44,116 | INFO     | [GBPUSD] TA=BUY(B:5/S:2) | ML=HOLD(79%) | FINAL=HOLD
2026-04-22 15:06:44,117 | INFO     | [USDJPY] Position open — skipping.
2026-04-22 15:06:44,117 | INFO     | — scan complete — sleeping 60s —
2026-04-22 15:07:44,165 | INFO     | [EURUSD] TA=HOLD(B:1/S:3) | ML=HOLD(91%) | FINAL=HOLD
2026-04-22 15:07:44,205 | INFO     | [GBPUSD] TA=BUY(B:5/S:2) | ML=HOLD(88%) | FINAL=HOLD
2026-04-22 15:07:44,206 | INFO     | [USDJPY] Position open — skipping.
2026-04-22 15:07:44,206 | INFO     | — scan complete — sleeping 60s —
2026-04-22 15:08:44,225 | INFO     | [EURUSD] TA=HOLD(B:1/S:3) | ML=HOLD(89%) | FINAL=HOLD
2026-04-22 15:08:44,254 | INFO     | [GBPUSD] TA=BUY(B:5/S:2) | ML=HOLD(88%) | FINAL=HOLD
2026-04-22 15:08:44,255 | INFO     | [USDJPY] Position open — skipping.
2026-04-22 15:08:44,255 | INFO     | — scan complete — sleeping 60s —
2026-04-22 15:09:44,288 | INFO     | [EURUSD] TA=HOLD(B:1/S:3) | ML=HOLD(93%) | FINAL=HOLD
2026-04-22 15:09:44,336 | INFO     | [GBPUSD] TA=BUY(B:5/S:2) | ML=HOLD(92%) | FINAL=HOLD
2026-04-22 15:09:44,337 | INFO     | [USDJPY] Position open — skipping.
2026-04-22 15:09:44,338 | INFO     | — scan complete — sleeping 60s —
2026-04-22 15:10:44,355 | INFO     | [EURUSD] TA=HOLD(B:1/S:3) | ML=HOLD(93%) | FINAL=HOLD
2026-04-22 15:10:44,386 | INFO     | [GBPUSD] TA=BUY(B:5/S:2) | ML=HOLD(92%) | FINAL=HOLD
2026-04-22 15:10:44,387 | INFO     | [USDJPY] Position open — skipping.
2026-04-22 15:10:44,388 | INFO     | — scan complete — sleeping 60s —
2026-04-22 15:11:44,407 | INFO     | [EURUSD] TA=HOLD(B:1/S:3) | ML=HOLD(91%) | FINAL=HOLD
2026-04-22 15:11:44,437 | INFO     | [GBPUSD] TA=BUY(B:5/S:2) | ML=HOLD(94%) | FINAL=HOLD
2026-04-22 15:11:44,438 | INFO     | [USDJPY] Position open — skipping.
2026-04-22 15:11:44,439 | INFO     | — scan complete — sleeping 60s —
2026-04-22 15:12:44,460 | INFO     | [EURUSD] TA=HOLD(B:1/S:3) | ML=HOLD(93%) | FINAL=HOLD
2026-04-22 15:12:44,487 | INFO     | [GBPUSD] TA=BUY(B:5/S:2) | ML=HOLD(93%) | FINAL=HOLD
2026-04-22 15:12:44,487 | INFO     | [USDJPY] Position open — skipping.
2026-04-22 15:12:44,488 | INFO     | — scan complete — sleeping 60s —
2026-04-22 15:13:44,505 | INFO     | [EURUSD] TA=HOLD(B:1/S:3) | ML=HOLD(93%) | FINAL=HOLD
2026-04-22 15:13:44,529 | INFO     | [GBPUSD] TA=HOLD(B:3/S:1) | ML=HOLD(88%) | FINAL=HOLD
2026-04-22 15:13:44,530 | INFO     | [USDJPY] Position open — skipping.
2026-04-22 15:13:44,531 | INFO     | — scan complete — sleeping 60s —
2026-04-22 15:14:44,557 | INFO     | [EURUSD] TA=HOLD(B:1/S:3) | ML=HOLD(95%) | FINAL=HOLD
2026-04-22 15:14:44,594 | INFO     | [GBPUSD] TA=HOLD(B:3/S:1) | ML=HOLD(88%) | FINAL=HOLD
2026-04-22 15:14:44,595 | INFO     | [USDJPY] Position open — skipping.
2026-04-22 15:14:44,595 | INFO     | — scan complete — sleeping 60s —
2026-04-22 15:15:44,632 | INFO     | [EURUSD] TA=HOLD(B:1/S:3) | ML=HOLD(61%) | FINAL=HOLD
2026-04-22 15:15:44,663 | INFO     | [GBPUSD] TA=BUY(B:5/S:1) | ML=SELL(46%) | FINAL=BUY
2026-04-22 15:15:44,750 | INFO     | ORDER OK BUY GBPUSD | lot=0.01 | price=1.35274 | SL=1.34964 | TP=1.35874
2026-04-22 15:15:44,750 | INFO     | [USDJPY] Position open — skipping.
2026-04-22 15:15:44,750 | INFO     | — scan complete — sleeping 60s —
2026-04-22 15:16:44,785 | INFO     | [EURUSD] TA=HOLD(B:1/S:3) | ML=HOLD(64%) | FINAL=HOLD
2026-04-22 15:16:44,786 | INFO     | [GBPUSD] Position open — skipping.
2026-04-22 15:16:44,786 | INFO     | [USDJPY] Position open — skipping.
2026-04-22 15:16:44,787 | INFO     | — scan complete — sleeping 60s —
2026-04-22 15:17:44,840 | INFO     | [EURUSD] TA=HOLD(B:1/S:3) | ML=SELL(49%) | FINAL=HOLD
2026-04-22 15:17:44,840 | INFO     | [GBPUSD] Position open — skipping.
2026-04-22 15:17:44,840 | INFO     | [USDJPY] Position open — skipping.
2026-04-22 15:17:44,841 | INFO     | — scan complete — sleeping 60s —
2026-04-22 15:18:44,862 | INFO     | [EURUSD] TA=HOLD(B:1/S:3) | ML=SELL(46%) | FINAL=HOLD
2026-04-22 15:18:44,862 | INFO     | [GBPUSD] Position open — skipping.
2026-04-22 15:18:44,862 | INFO     | [USDJPY] Position open — skipping.
2026-04-22 15:18:44,862 | INFO     | — scan complete — sleeping 60s —
2026-04-22 15:19:44,909 | INFO     | [EURUSD] TA=HOLD(B:2/S:2) | ML=SELL(44%) | FINAL=HOLD
2026-04-22 15:19:44,910 | INFO     | [GBPUSD] Position open — skipping.
2026-04-22 15:19:44,910 | INFO     | [USDJPY] Position open — skipping.
2026-04-22 15:19:44,910 | INFO     | — scan complete — sleeping 60s —
2026-04-22 15:20:44,960 | INFO     | [EURUSD] TA=HOLD(B:2/S:2) | ML=HOLD(68%) | FINAL=HOLD
2026-04-22 15:20:44,961 | INFO     | [GBPUSD] Position open — skipping.
2026-04-22 15:20:44,962 | INFO     | [USDJPY] Position open — skipping.
2026-04-22 15:20:44,962 | INFO     | — scan complete — sleeping 60s —
2026-04-22 15:21:44,979 | INFO     | [EURUSD] TA=HOLD(B:1/S:3) | ML=HOLD(70%) | FINAL=HOLD
2026-04-22 15:21:44,980 | INFO     | [GBPUSD] Position open — skipping.
2026-04-22 15:21:44,980 | INFO     | [USDJPY] Position open — skipping.
2026-04-22 15:21:44,980 | INFO     | — scan complete — sleeping 60s —
2026-04-22 15:22:45,034 | INFO     | [EURUSD] TA=HOLD(B:1/S:3) | ML=HOLD(78%) | FINAL=HOLD
2026-04-22 15:22:45,037 | INFO     | [GBPUSD] Position open — skipping.
2026-04-22 15:22:45,038 | INFO     | [USDJPY] Position open — skipping.
2026-04-22 15:22:45,039 | INFO     | — scan complete — sleeping 60s —
2026-04-22 15:23:45,092 | INFO     | [EURUSD] TA=HOLD(B:1/S:3) | ML=HOLD(75%) | FINAL=HOLD
2026-04-22 15:23:45,094 | INFO     | [GBPUSD] Position open — skipping.
2026-04-22 15:23:45,094 | INFO     | [USDJPY] Position open — skipping.
2026-04-22 15:23:45,094 | INFO     | — scan complete — sleeping 60s —
2026-04-22 15:24:45,144 | INFO     | [EURUSD] TA=HOLD(B:1/S:3) | ML=HOLD(84%) | FINAL=HOLD
2026-04-22 15:24:45,144 | INFO     | [GBPUSD] Position open — skipping.
2026-04-22 15:24:45,144 | INFO     | [USDJPY] Position open — skipping.
2026-04-22 15:24:45,144 | INFO     | — scan complete — sleeping 60s —
2026-04-22 15:25:45,185 | INFO     | [EURUSD] TA=HOLD(B:1/S:3) | ML=HOLD(61%) | FINAL=HOLD
2026-04-22 15:25:45,188 | INFO     | [GBPUSD] Position open — skipping.
2026-04-22 15:25:45,189 | INFO     | [USDJPY] Position open — skipping.
2026-04-22 15:25:45,189 | INFO     | — scan complete — sleeping 60s —
2026-04-22 15:26:45,234 | INFO     | [EURUSD] TA=HOLD(B:2/S:3) | ML=HOLD(70%) | FINAL=HOLD
2026-04-22 15:26:45,235 | INFO     | [GBPUSD] Position open — skipping.
2026-04-22 15:26:45,235 | INFO     | [USDJPY] Position open — skipping.
2026-04-22 15:26:45,235 | INFO     | — scan complete — sleeping 60s —
2026-04-22 15:27:45,275 | INFO     | [EURUSD] TA=HOLD(B:2/S:3) | ML=HOLD(71%) | FINAL=HOLD
2026-04-22 15:27:45,278 | INFO     | [GBPUSD] Position open — skipping.
2026-04-22 15:27:45,279 | INFO     | [USDJPY] Position open — skipping.
2026-04-22 15:27:45,280 | INFO     | — scan complete — sleeping 60s —
2026-04-22 15:28:45,319 | INFO     | [EURUSD] TA=HOLD(B:2/S:3) | ML=HOLD(69%) | FINAL=HOLD
2026-04-22 15:28:45,322 | INFO     | [GBPUSD] Position open — skipping.
2026-04-22 15:28:45,322 | INFO     | [USDJPY] Position open — skipping.
2026-04-22 15:28:45,322 | INFO     | — scan complete — sleeping 60s —
2026-04-22 15:29:45,356 | INFO     | [EURUSD] TA=HOLD(B:1/S:3) | ML=HOLD(76%) | FINAL=HOLD
2026-04-22 15:29:45,357 | INFO     | [GBPUSD] Position open — skipping.
2026-04-22 15:29:45,358 | INFO     | [USDJPY] Position open — skipping.
2026-04-22 15:29:45,359 | INFO     | — scan complete — sleeping 60s —
2026-04-22 15:30:45,415 | INFO     | [EURUSD] TA=HOLD(B:2/S:3) | ML=HOLD(79%) | FINAL=HOLD
2026-04-22 15:30:45,418 | INFO     | [GBPUSD] Position open — skipping.
2026-04-22 15:30:45,419 | INFO     | [USDJPY] Position open — skipping.
2026-04-22 15:30:45,419 | INFO     | — scan complete — sleeping 60s —
2026-04-22 15:31:45,471 | INFO     | [EURUSD] TA=HOLD(B:2/S:3) | ML=HOLD(90%) | FINAL=HOLD
2026-04-22 15:31:45,472 | INFO     | [GBPUSD] Position open — skipping.
2026-04-22 15:31:45,473 | INFO     | [USDJPY] Position open — skipping.
2026-04-22 15:31:45,474 | INFO     | — scan complete — sleeping 60s —
2026-04-22 15:32:45,523 | INFO     | [EURUSD] TA=HOLD(B:3/S:2) | ML=HOLD(91%) | FINAL=HOLD
2026-04-22 15:32:45,526 | INFO     | [GBPUSD] Position open — skipping.
2026-04-22 15:32:45,526 | INFO     | [USDJPY] Position open — skipping.
2026-04-22 15:32:45,527 | INFO     | — scan complete — sleeping 60s —
2026-04-22 15:33:45,704 | INFO     | [EURUSD] TA=HOLD(B:3/S:3) | ML=HOLD(94%) | FINAL=HOLD
2026-04-22 15:33:45,717 | INFO     | [GBPUSD] Position open — skipping.
2026-04-22 15:33:45,723 | INFO     | [USDJPY] Position open — skipping.
2026-04-22 15:33:45,731 | INFO     | — scan complete — sleeping 60s —
2026-04-22 15:34:45,783 | INFO     | [EURUSD] TA=HOLD(B:2/S:3) | ML=HOLD(96%) | FINAL=HOLD
2026-04-22 15:34:45,784 | INFO     | [GBPUSD] Position open — skipping.
2026-04-22 15:34:45,784 | INFO     | [USDJPY] Position open — skipping.
2026-04-22 15:34:45,784 | INFO     | — scan complete — sleeping 60s —
2026-04-22 15:35:45,851 | INFO     | [EURUSD] TA=HOLD(B:2/S:3) | ML=HOLD(97%) | FINAL=HOLD
2026-04-22 15:35:45,854 | INFO     | [GBPUSD] Position open — skipping.
2026-04-22 15:35:45,855 | INFO     | [USDJPY] Position open — skipping.
2026-04-22 15:35:45,855 | INFO     | — scan complete — sleeping 60s —
2026-04-22 15:36:45,898 | INFO     | [EURUSD] TA=HOLD(B:2/S:3) | ML=HOLD(91%) | FINAL=HOLD
2026-04-22 15:36:45,899 | INFO     | [GBPUSD] Position open — skipping.
2026-04-22 15:36:45,899 | INFO     | [USDJPY] Position open — skipping.
2026-04-22 15:36:45,900 | INFO     | — scan complete — sleeping 60s —
2026-04-22 15:37:45,965 | INFO     | [EURUSD] TA=HOLD(B:2/S:2) | ML=HOLD(78%) | FINAL=HOLD
2026-04-22 15:37:45,966 | INFO     | [GBPUSD] Position open — skipping.
2026-04-22 15:37:45,967 | INFO     | [USDJPY] Position open — skipping.
2026-04-22 15:37:45,968 | INFO     | — scan complete — sleeping 60s —
2026-04-22 15:38:45,997 | INFO     | [EURUSD] TA=HOLD(B:2/S:2) | ML=HOLD(93%) | FINAL=HOLD
2026-04-22 15:38:45,999 | INFO     | [GBPUSD] Position open — skipping.
2026-04-22 15:38:45,999 | INFO     | [USDJPY] Position open — skipping.
2026-04-22 15:38:45,999 | INFO     | — scan complete — sleeping 60s —
2026-04-22 15:39:46,062 | INFO     | [EURUSD] TA=HOLD(B:3/S:2) | ML=HOLD(92%) | FINAL=HOLD
2026-04-22 15:39:46,063 | INFO     | [GBPUSD] Position open — skipping.
2026-04-22 15:39:46,063 | INFO     | [USDJPY] Position open — skipping.
2026-04-22 15:39:46,064 | INFO     | — scan complete — sleeping 60s —
2026-04-22 15:40:46,120 | INFO     | [EURUSD] TA=HOLD(B:2/S:3) | ML=HOLD(92%) | FINAL=HOLD
2026-04-22 15:40:46,120 | INFO     | [GBPUSD] Position open — skipping.
2026-04-22 15:40:46,121 | INFO     | [USDJPY] Position open — skipping.
2026-04-22 15:40:46,121 | INFO     | — scan complete — sleeping 60s —
2026-04-22 15:41:46,158 | INFO     | [EURUSD] TA=HOLD(B:2/S:3) | ML=HOLD(94%) | FINAL=HOLD
2026-04-22 15:41:46,159 | INFO     | [GBPUSD] Position open — skipping.
2026-04-22 15:41:46,159 | INFO     | [USDJPY] Position open — skipping.
2026-04-22 15:41:46,159 | INFO     | — scan complete — sleeping 60s —
2026-04-22 15:42:46,192 | INFO     | [EURUSD] TA=HOLD(B:2/S:3) | ML=HOLD(93%) | FINAL=HOLD
2026-04-22 15:42:46,193 | INFO     | [GBPUSD] Position open — skipping.
2026-04-22 15:42:46,193 | INFO     | [USDJPY] Position open — skipping.
2026-04-22 15:42:46,193 | INFO     | — scan complete — sleeping 60s —
2026-04-22 15:43:46,255 | INFO     | [EURUSD] TA=HOLD(B:2/S:3) | ML=HOLD(89%) | FINAL=HOLD
2026-04-22 15:43:46,256 | INFO     | [GBPUSD] Position open — skipping.
2026-04-22 15:43:46,257 | INFO     | [USDJPY] Position open — skipping.
2026-04-22 15:43:46,258 | INFO     | — scan complete — sleeping 60s —
2026-04-22 15:44:46,329 | INFO     | [EURUSD] TA=HOLD(B:2/S:3) | ML=HOLD(88%) | FINAL=HOLD
2026-04-22 15:44:46,330 | INFO     | [GBPUSD] Position open — skipping.
2026-04-22 15:44:46,331 | INFO     | [USDJPY] Position open — skipping.
2026-04-22 15:44:46,332 | INFO     | — scan complete — sleeping 60s —
2026-04-22 15:45:46,359 | INFO     | [EURUSD] TA=HOLD(B:3/S:2) | ML=HOLD(54%) | FINAL=HOLD
2026-04-22 15:45:46,360 | INFO     | [GBPUSD] Position open — skipping.
2026-04-22 15:45:46,361 | INFO     | [USDJPY] Position open — skipping.
2026-04-22 15:45:46,361 | INFO     | — scan complete — sleeping 60s —
2026-04-22 15:46:46,392 | INFO     | [EURUSD] TA=HOLD(B:2/S:2) | ML=HOLD(89%) | FINAL=HOLD
2026-04-22 15:46:46,392 | INFO     | [GBPUSD] Position open — skipping.
2026-04-22 15:46:46,392 | INFO     | [USDJPY] Position open — skipping.
2026-04-22 15:46:46,393 | INFO     | — scan complete — sleeping 60s —
2026-04-22 15:47:46,410 | INFO     | [EURUSD] TA=HOLD(B:2/S:2) | ML=HOLD(92%) | FINAL=HOLD
2026-04-22 15:47:46,410 | INFO     | [GBPUSD] Position open — skipping.
2026-04-22 15:47:46,410 | INFO     | [USDJPY] Position open — skipping.
2026-04-22 15:47:46,410 | INFO     | — scan complete — sleeping 60s —
2026-04-22 15:48:46,429 | INFO     | [EURUSD] TA=HOLD(B:2/S:2) | ML=HOLD(95%) | FINAL=HOLD
2026-04-22 15:48:46,429 | INFO     | [GBPUSD] Position open — skipping.
2026-04-22 15:48:46,430 | INFO     | [USDJPY] Position open — skipping.
2026-04-22 15:48:46,431 | INFO     | — scan complete — sleeping 60s —
2026-04-22 15:49:46,487 | INFO     | [EURUSD] TA=HOLD(B:2/S:2) | ML=HOLD(96%) | FINAL=HOLD
2026-04-22 15:49:46,488 | INFO     | [GBPUSD] Position open — skipping.
2026-04-22 15:49:46,489 | INFO     | [USDJPY] Position open — skipping.
2026-04-22 15:49:46,490 | INFO     | — scan complete — sleeping 60s —
2026-04-22 15:50:46,508 | INFO     | [EURUSD] TA=HOLD(B:2/S:2) | ML=HOLD(96%) | FINAL=HOLD
2026-04-22 15:50:46,509 | INFO     | [GBPUSD] Position open — skipping.
2026-04-22 15:50:46,509 | INFO     | [USDJPY] Position open — skipping.
2026-04-22 15:50:46,509 | INFO     | — scan complete — sleeping 60s —
2026-04-22 15:51:46,553 | INFO     | [EURUSD] TA=HOLD(B:2/S:2) | ML=HOLD(94%) | FINAL=HOLD
2026-04-22 15:51:46,554 | INFO     | [GBPUSD] Position open — skipping.
2026-04-22 15:51:46,555 | INFO     | [USDJPY] Position open — skipping.
2026-04-22 15:51:46,555 | INFO     | — scan complete — sleeping 60s —
2026-04-22 15:52:46,587 | INFO     | [EURUSD] TA=HOLD(B:2/S:2) | ML=HOLD(95%) | FINAL=HOLD
2026-04-22 15:52:46,588 | INFO     | [GBPUSD] Position open — skipping.
2026-04-22 15:52:46,594 | INFO     | [USDJPY] Position open — skipping.
2026-04-22 15:52:46,594 | INFO     | — scan complete — sleeping 60s —
2026-04-22 15:53:46,629 | INFO     | [EURUSD] TA=HOLD(B:2/S:2) | ML=HOLD(95%) | FINAL=HOLD
2026-04-22 15:53:46,631 | INFO     | [GBPUSD] Position open — skipping.
2026-04-22 15:53:46,631 | INFO     | [USDJPY] Position open — skipping.
2026-04-22 15:53:46,632 | INFO     | — scan complete — sleeping 60s —
2026-04-22 15:54:46,667 | INFO     | [EURUSD] TA=HOLD(B:3/S:2) | ML=HOLD(86%) | FINAL=HOLD
2026-04-22 15:54:46,668 | INFO     | [GBPUSD] Position open — skipping.
2026-04-22 15:54:46,668 | INFO     | [USDJPY] Position open — skipping.
2026-04-22 15:54:46,668 | INFO     | — scan complete — sleeping 60s —
2026-04-22 15:55:46,686 | INFO     | [EURUSD] TA=HOLD(B:3/S:2) | ML=HOLD(89%) | FINAL=HOLD
2026-04-22 15:55:46,687 | INFO     | [GBPUSD] Position open — skipping.
2026-04-22 15:55:46,688 | INFO     | [USDJPY] Position open — skipping.
2026-04-22 15:55:46,688 | INFO     | — scan complete — sleeping 60s —
2026-04-22 15:56:46,719 | INFO     | [EURUSD] TA=HOLD(B:3/S:2) | ML=HOLD(92%) | FINAL=HOLD
2026-04-22 15:56:46,720 | INFO     | [GBPUSD] Position open — skipping.
2026-04-22 15:56:46,720 | INFO     | [USDJPY] Position open — skipping.
2026-04-22 15:56:46,720 | INFO     | — scan complete — sleeping 60s —
2026-04-22 15:57:46,756 | INFO     | [EURUSD] TA=HOLD(B:2/S:2) | ML=HOLD(95%) | FINAL=HOLD
2026-04-22 15:57:46,756 | INFO     | [GBPUSD] Position open — skipping.
2026-04-22 15:57:46,757 | INFO     | [USDJPY] Position open — skipping.
2026-04-22 15:57:46,757 | INFO     | — scan complete — sleeping 60s —
2026-04-22 15:58:46,779 | INFO     | [EURUSD] TA=HOLD(B:2/S:2) | ML=HOLD(94%) | FINAL=HOLD
2026-04-22 15:58:46,780 | INFO     | [GBPUSD] Position open — skipping.
2026-04-22 15:58:46,782 | INFO     | [USDJPY] Position open — skipping.
2026-04-22 15:58:46,784 | INFO     | — scan complete — sleeping 60s —
2026-04-22 15:59:46,825 | INFO     | [EURUSD] TA=HOLD(B:2/S:2) | ML=HOLD(94%) | FINAL=HOLD
2026-04-22 15:59:46,826 | INFO     | [GBPUSD] Position open — skipping.
2026-04-22 15:59:46,827 | INFO     | [USDJPY] Position open — skipping.
2026-04-22 15:59:46,828 | INFO     | — scan complete — sleeping 60s —
2026-04-22 16:00:46,846 | INFO     | [EURUSD] TA=HOLD(B:2/S:2) | ML=HOLD(62%) | FINAL=HOLD
2026-04-22 16:00:46,846 | INFO     | [GBPUSD] Position open — skipping.
2026-04-22 16:00:46,847 | INFO     | [USDJPY] Position open — skipping.
2026-04-22 16:00:46,847 | INFO     | — scan complete — sleeping 60s —
2026-04-23 08:54:36,051 | INFO     | Daily counters reset.
2026-04-23 08:54:36,339 | INFO     | [EURUSD] TA=SELL(B:2/S:6) | ML=HOLD(85%) | FINAL=HOLD
2026-04-23 08:54:36,554 | INFO     | [GBPUSD] TA=BUY(B:5/S:2) | ML=SELL(69%) | FINAL=HOLD
2026-04-23 08:54:36,579 | INFO     | [USDJPY] Position open — skipping.
2026-04-23 08:54:36,625 | INFO     | — scan complete — sleeping 60s —
2026-04-23 08:55:36,866 | INFO     | [EURUSD] TA=SELL(B:2/S:6) | ML=HOLD(89%) | FINAL=HOLD
2026-04-23 08:55:36,906 | INFO     | [GBPUSD] TA=SELL(B:3/S:5) | ML=HOLD(90%) | FINAL=HOLD
2026-04-23 08:55:36,907 | INFO     | [USDJPY] Position open — skipping.
2026-04-23 08:55:36,907 | INFO     | — scan complete — sleeping 60s —
2026-04-23 08:56:36,953 | INFO     | [EURUSD] TA=SELL(B:2/S:6) | ML=HOLD(60%) | FINAL=HOLD
2026-04-23 08:56:36,987 | INFO     | [GBPUSD] TA=SELL(B:3/S:5) | ML=HOLD(90%) | FINAL=HOLD
2026-04-23 08:56:36,988 | INFO     | [USDJPY] Position open — skipping.
2026-04-23 08:56:36,989 | INFO     | — scan complete — sleeping 60s —
2026-04-23 08:57:37,020 | INFO     | [EURUSD] TA=SELL(B:2/S:6) | ML=HOLD(59%) | FINAL=HOLD
2026-04-23 08:57:37,052 | INFO     | [GBPUSD] TA=SELL(B:2/S:6) | ML=HOLD(92%) | FINAL=HOLD
2026-04-23 08:57:37,053 | INFO     | [USDJPY] Position open — skipping.
2026-04-23 08:57:37,054 | INFO     | — scan complete — sleeping 60s —
2026-04-23 08:58:37,090 | INFO     | [EURUSD] TA=SELL(B:3/S:5) | ML=HOLD(81%) | FINAL=HOLD
2026-04-23 08:58:37,129 | INFO     | [GBPUSD] TA=SELL(B:2/S:6) | ML=HOLD(87%) | FINAL=HOLD
2026-04-23 08:58:37,130 | INFO     | [USDJPY] Position open — skipping.
2026-04-23 08:58:37,130 | INFO     | — scan complete — sleeping 60s —
2026-04-23 08:59:37,162 | INFO     | [EURUSD] TA=SELL(B:3/S:5) | ML=HOLD(81%) | FINAL=HOLD
2026-04-23 08:59:37,194 | INFO     | [GBPUSD] TA=SELL(B:2/S:6) | ML=HOLD(91%) | FINAL=HOLD
2026-04-23 08:59:37,194 | INFO     | [USDJPY] Position open — skipping.
2026-04-23 08:59:37,195 | INFO     | — scan complete — sleeping 60s —
2026-04-23 09:00:37,230 | INFO     | [EURUSD] TA=SELL(B:3/S:5) | ML=HOLD(57%) | FINAL=HOLD
2026-04-23 09:00:37,262 | INFO     | [GBPUSD] TA=SELL(B:3/S:5) | ML=HOLD(50%) | FINAL=HOLD
2026-04-23 09:00:37,262 | INFO     | [USDJPY] Position open — skipping.
2026-04-23 09:00:37,263 | INFO     | — scan complete — sleeping 60s —
2026-04-23 09:01:37,294 | INFO     | [EURUSD] TA=SELL(B:2/S:6) | ML=HOLD(74%) | FINAL=HOLD
2026-04-23 09:01:37,324 | INFO     | [GBPUSD] TA=SELL(B:3/S:5) | ML=HOLD(77%) | FINAL=HOLD
2026-04-23 09:01:37,325 | INFO     | [USDJPY] Position open — skipping.
2026-04-23 09:01:37,326 | INFO     | — scan complete — sleeping 60s —
2026-04-23 09:02:37,526 | INFO     | [EURUSD] TA=SELL(B:2/S:5) | ML=HOLD(79%) | FINAL=HOLD
2026-04-23 09:02:37,573 | INFO     | [GBPUSD] TA=SELL(B:3/S:5) | ML=HOLD(92%) | FINAL=HOLD
2026-04-23 09:02:37,574 | INFO     | [USDJPY] Position open — skipping.
2026-04-23 09:02:37,574 | INFO     | — scan complete — sleeping 60s —
2026-04-23 09:03:37,593 | INFO     | [EURUSD] TA=SELL(B:3/S:5) | ML=HOLD(86%) | FINAL=HOLD
2026-04-23 09:03:37,625 | INFO     | [GBPUSD] TA=SELL(B:3/S:5) | ML=HOLD(77%) | FINAL=HOLD
2026-04-23 09:03:37,627 | INFO     | [USDJPY] Position open — skipping.
2026-04-23 09:03:37,627 | INFO     | — scan complete — sleeping 60s —
2026-04-23 09:04:37,861 | INFO     | [EURUSD] TA=SELL(B:2/S:5) | ML=HOLD(94%) | FINAL=HOLD
2026-04-23 09:04:37,903 | INFO     | [GBPUSD] TA=SELL(B:3/S:5) | ML=HOLD(92%) | FINAL=HOLD
2026-04-23 09:04:37,904 | INFO     | [USDJPY] Position open — skipping.
2026-04-23 09:04:37,904 | INFO     | — scan complete — sleeping 60s —
2026-04-23 09:05:37,936 | INFO     | [EURUSD] TA=SELL(B:2/S:5) | ML=HOLD(93%) | FINAL=HOLD
2026-04-23 09:05:37,967 | INFO     | [GBPUSD] TA=SELL(B:3/S:5) | ML=HOLD(92%) | FINAL=HOLD
2026-04-23 09:05:37,968 | INFO     | [USDJPY] Position open — skipping.
2026-04-23 09:05:37,968 | INFO     | — scan complete — sleeping 60s —
2026-04-23 09:06:37,987 | INFO     | [EURUSD] TA=SELL(B:2/S:5) | ML=HOLD(94%) | FINAL=HOLD
2026-04-23 09:06:38,021 | INFO     | [GBPUSD] TA=SELL(B:3/S:5) | ML=HOLD(87%) | FINAL=HOLD
2026-04-23 09:06:38,022 | INFO     | [USDJPY] Position open — skipping.
2026-04-23 09:06:38,022 | INFO     | — scan complete — sleeping 60s —
2026-04-23 09:07:38,046 | INFO     | [EURUSD] TA=SELL(B:2/S:5) | ML=HOLD(95%) | FINAL=HOLD
2026-04-23 09:07:38,077 | INFO     | [GBPUSD] TA=SELL(B:3/S:5) | ML=HOLD(90%) | FINAL=HOLD
2026-04-23 09:07:38,078 | INFO     | [USDJPY] Position open — skipping.
2026-04-23 09:07:38,079 | INFO     | — scan complete — sleeping 60s —
2026-04-23 09:08:38,116 | INFO     | [EURUSD] TA=SELL(B:2/S:5) | ML=HOLD(95%) | FINAL=HOLD
2026-04-23 09:08:38,152 | INFO     | [GBPUSD] TA=SELL(B:3/S:5) | ML=HOLD(91%) | FINAL=HOLD
2026-04-23 09:08:38,154 | INFO     | [USDJPY] Position open — skipping.
2026-04-23 09:08:38,155 | INFO     | — scan complete — sleeping 60s —
2026-04-23 09:09:38,194 | INFO     | [EURUSD] TA=SELL(B:2/S:5) | ML=HOLD(96%) | FINAL=HOLD
2026-04-23 09:09:38,309 | INFO     | [GBPUSD] TA=SELL(B:3/S:5) | ML=HOLD(93%) | FINAL=HOLD
2026-04-23 09:09:38,321 | INFO     | [USDJPY] Position open — skipping.
2026-04-23 09:09:38,327 | INFO     | — scan complete — sleeping 60s —
2026-04-23 09:10:38,385 | INFO     | [EURUSD] TA=SELL(B:2/S:5) | ML=HOLD(96%) | FINAL=HOLD
2026-04-23 09:10:38,440 | INFO     | [GBPUSD] TA=SELL(B:3/S:5) | ML=HOLD(93%) | FINAL=HOLD
2026-04-23 09:10:38,441 | INFO     | [USDJPY] Position open — skipping.
2026-04-23 09:10:38,441 | INFO     | — scan complete — sleeping 60s —
2026-04-23 09:11:38,473 | INFO     | [EURUSD] TA=SELL(B:2/S:5) | ML=HOLD(97%) | FINAL=HOLD
2026-04-23 09:11:38,503 | INFO     | [GBPUSD] TA=SELL(B:3/S:5) | ML=HOLD(93%) | FINAL=HOLD
2026-04-23 09:11:38,504 | INFO     | [USDJPY] Position open — skipping.
2026-04-23 09:11:38,505 | INFO     | — scan complete — sleeping 60s —
2026-04-23 09:12:38,719 | INFO     | [EURUSD] TA=SELL(B:2/S:5) | ML=HOLD(96%) | FINAL=HOLD
2026-04-23 09:12:38,751 | INFO     | [GBPUSD] TA=SELL(B:3/S:5) | ML=HOLD(93%) | FINAL=HOLD
2026-04-23 09:12:38,756 | INFO     | [USDJPY] Position open — skipping.
2026-04-23 09:12:38,756 | INFO     | — scan complete — sleeping 60s —
2026-04-23 09:13:38,790 | INFO     | [EURUSD] TA=SELL(B:2/S:6) | ML=HOLD(92%) | FINAL=HOLD
2026-04-23 09:13:38,823 | INFO     | [GBPUSD] TA=SELL(B:3/S:5) | ML=HOLD(81%) | FINAL=HOLD
2026-04-23 09:13:38,824 | INFO     | [USDJPY] Position open — skipping.
2026-04-23 09:13:38,824 | INFO     | — scan complete — sleeping 60s —
2026-04-23 09:14:38,841 | INFO     | [EURUSD] TA=SELL(B:3/S:5) | ML=HOLD(92%) | FINAL=HOLD
2026-04-23 09:14:38,872 | INFO     | [GBPUSD] TA=SELL(B:3/S:5) | ML=HOLD(88%) | FINAL=HOLD
2026-04-23 09:14:38,873 | INFO     | [USDJPY] Position open — skipping.
2026-04-23 09:14:38,874 | INFO     | — scan complete — sleeping 60s —
2026-04-23 09:14:54,007 | INFO     | Bot stopped by user (Ctrl+C).
2026-04-23 09:14:54,008 | INFO     | MT5 disconnected. Goodbye.
2026-04-23 09:14:58,588 | INFO     | ============================================================
2026-04-23 09:14:58,588 | INFO     |   FOREX BOT STARTING
2026-04-23 09:14:58,588 | INFO     |   Symbols   : ['EURUSD', 'GBPUSD', 'USDJPY']
2026-04-23 09:14:58,588 | INFO     |   Timeframe : M15
2026-04-23 09:14:58,588 | INFO     |   Risk/trade: 1.0%  |  Max DD: 10.0%
2026-04-23 09:14:58,588 | INFO     | ============================================================
2026-04-23 09:14:58,612 | INFO     | Mapped symbol EURUSD -> EURUSDm
2026-04-23 09:14:58,612 | INFO     | Mapped symbol GBPUSD -> GBPUSDm
2026-04-23 09:14:58,613 | INFO     | Mapped symbol USDJPY -> USDJPYm
2026-04-23 09:14:58,613 | INFO     | Connected | Account #413646889 | Balance: 96.90 | Equity: 98.10
2026-04-23 09:14:58,613 | INFO     | Training ML models (this may take a moment)...
2026-04-23 09:15:00,716 | INFO     | [EURUSD] ML trained | val accuracy: 70.4%
2026-04-23 09:15:03,717 | INFO     | [GBPUSD] ML trained | val accuracy: 65.8%
2026-04-23 09:15:07,475 | INFO     | [USDJPY] ML trained | val accuracy: 64.8%
2026-04-23 09:15:07,493 | INFO     | ML models ready.
2026-04-23 09:15:07,527 | INFO     | [EURUSD] TA=SELL(B:3/S:5) | ML=BUY(78%) | FINAL=HOLD
2026-04-23 09:15:07,557 | INFO     | [GBPUSD] TA=SELL(B:3/S:5) | ML=BUY(41%) | FINAL=SELL
2026-04-23 09:15:07,649 | INFO     | ORDER OK SELL GBPUSD | lot=0.01 | price=1.34832 | SL=1.35142 | TP=1.34232
2026-04-23 09:15:07,649 | INFO     | [USDJPY] Position open — skipping.
2026-04-23 09:15:07,650 | INFO     | — scan complete — sleeping 60s —
2026-04-23 09:16:07,698 | INFO     | [EURUSD] TA=SELL(B:3/S:5) | ML=HOLD(48%) | FINAL=SELL
2026-04-23 09:16:07,768 | INFO     | ORDER OK SELL EURUSD | lot=0.01 | price=1.16966 | SL=1.17274 | TP=1.16366
2026-04-23 09:16:07,769 | INFO     | [GBPUSD] Position open — skipping.
2026-04-23 09:16:07,772 | INFO     | [USDJPY] Position open — skipping.
2026-04-23 09:16:07,772 | INFO     | — scan complete — sleeping 60s —
2026-04-23 09:17:07,774 | INFO     | [EURUSD] Position open — skipping.
2026-04-23 09:17:07,873 | INFO     | [GBPUSD] Position open — skipping.
2026-04-23 09:17:07,884 | INFO     | [USDJPY] Position open — skipping.
2026-04-23 09:17:07,899 | INFO     | — scan complete — sleeping 60s —
2026-04-23 09:18:07,903 | INFO     | [EURUSD] Position open — skipping.
2026-04-23 09:18:07,903 | INFO     | [GBPUSD] Position open — skipping.
2026-04-23 09:18:07,903 | INFO     | [USDJPY] Position open — skipping.
2026-04-23 09:18:07,903 | INFO     | — scan complete — sleeping 60s —
2026-04-23 09:19:07,904 | INFO     | [EURUSD] Position open — skipping.
2026-04-23 09:19:07,904 | INFO     | [GBPUSD] Position open — skipping.
2026-04-23 09:19:07,904 | INFO     | [USDJPY] Position open — skipping.
2026-04-23 09:19:07,904 | INFO     | — scan complete — sleeping 60s —
2026-04-23 09:20:07,905 | INFO     | [EURUSD] Position open — skipping.
2026-04-23 09:20:07,906 | INFO     | [GBPUSD] Position open — skipping.
2026-04-23 09:20:07,907 | INFO     | [USDJPY] Position open — skipping.
2026-04-23 09:20:07,907 | INFO     | — scan complete — sleeping 60s —
2026-04-23 09:21:07,908 | INFO     | [EURUSD] Position open — skipping.
2026-04-23 09:21:07,908 | INFO     | [GBPUSD] Position open — skipping.
2026-04-23 09:21:07,908 | INFO     | [USDJPY] Position open — skipping.
2026-04-23 09:21:07,908 | INFO     | — scan complete — sleeping 60s —
2026-04-23 09:22:07,909 | INFO     | [EURUSD] Position open — skipping.
2026-04-23 09:22:07,930 | INFO     | [GBPUSD] Position open — skipping.
2026-04-23 09:22:07,934 | INFO     | [USDJPY] Position open — skipping.
2026-04-23 09:22:07,936 | INFO     | — scan complete — sleeping 60s —
2026-04-23 09:23:07,937 | INFO     | [EURUSD] Position open — skipping.
2026-04-23 09:23:07,937 | INFO     | [GBPUSD] Position open — skipping.
2026-04-23 09:23:07,937 | INFO     | [USDJPY] Position open — skipping.
2026-04-23 09:23:07,938 | INFO     | — scan complete — sleeping 60s —
2026-04-23 09:24:07,938 | INFO     | [EURUSD] Position open — skipping.
2026-04-23 09:24:07,938 | INFO     | [GBPUSD] Position open — skipping.
2026-04-23 09:24:07,938 | INFO     | [USDJPY] Position open — skipping.
2026-04-23 09:24:07,939 | INFO     | — scan complete — sleeping 60s —
2026-04-23 09:25:07,939 | INFO     | [EURUSD] Position open — skipping.
2026-04-23 09:25:07,939 | INFO     | [GBPUSD] Position open — skipping.
2026-04-23 09:25:07,939 | INFO     | [USDJPY] Position open — skipping.
2026-04-23 09:25:07,939 | INFO     | — scan complete — sleeping 60s —
2026-04-23 09:26:07,940 | INFO     | [EURUSD] Position open — skipping.
2026-04-23 09:26:07,940 | INFO     | [GBPUSD] Position open — skipping.
2026-04-23 09:26:07,940 | INFO     | [USDJPY] Position open — skipping.
2026-04-23 09:26:07,940 | INFO     | — scan complete — sleeping 60s —
2026-04-23 09:27:07,941 | INFO     | [EURUSD] Position open — skipping.
2026-04-23 09:27:07,941 | INFO     | [GBPUSD] Position open — skipping.
2026-04-23 09:27:07,942 | INFO     | [USDJPY] Position open — skipping.
2026-04-23 09:27:07,942 | INFO     | — scan complete — sleeping 60s —
2026-04-23 09:28:07,943 | INFO     | [EURUSD] Position open — skipping.
2026-04-23 09:28:08,031 | INFO     | [GBPUSD] Position open — skipping.
2026-04-23 09:28:08,046 | INFO     | [USDJPY] Position open — skipping.
2026-04-23 09:28:08,058 | INFO     | — scan complete — sleeping 60s —
2026-04-23 09:29:08,059 | INFO     | [EURUSD] Position open — skipping.
2026-04-23 09:29:08,059 | INFO     | [GBPUSD] Position open — skipping.
2026-04-23 09:29:08,060 | INFO     | [USDJPY] Position open — skipping.
2026-04-23 09:29:08,060 | INFO     | — scan complete — sleeping 60s —
2026-04-23 09:30:08,061 | INFO     | [EURUSD] Position open — skipping.
2026-04-23 09:30:08,061 | INFO     | [GBPUSD] Position open — skipping.
2026-04-23 09:30:08,062 | INFO     | [USDJPY] Position open — skipping.
2026-04-23 09:30:08,062 | INFO     | — scan complete — sleeping 60s —
2026-04-23 09:31:08,063 | INFO     | [EURUSD] Position open — skipping.
2026-04-23 09:31:08,064 | INFO     | [GBPUSD] Position open — skipping.
2026-04-23 09:31:08,064 | INFO     | [USDJPY] Position open — skipping.
2026-04-23 09:31:08,065 | INFO     | — scan complete — sleeping 60s —
2026-04-23 09:32:08,071 | INFO     | [EURUSD] Position open — skipping.
2026-04-23 09:32:08,073 | INFO     | [GBPUSD] Position open — skipping.
2026-04-23 09:32:08,073 | INFO     | [USDJPY] Position open — skipping.
2026-04-23 09:32:08,075 | INFO     | — scan complete — sleeping 60s —
2026-04-23 09:33:08,076 | INFO     | [EURUSD] Position open — skipping.
2026-04-23 09:33:08,078 | INFO     | [GBPUSD] Position open — skipping.
2026-04-23 09:33:08,078 | INFO     | [USDJPY] Position open — skipping.
2026-04-23 09:33:08,080 | INFO     | — scan complete — sleeping 60s —
2026-04-23 09:34:08,083 | INFO     | [EURUSD] Position open — skipping.
2026-04-23 09:34:08,084 | INFO     | [GBPUSD] Position open — skipping.
2026-04-23 09:34:08,085 | INFO     | [USDJPY] Position open — skipping.
2026-04-23 09:34:08,085 | INFO     | — scan complete — sleeping 60s —
2026-04-23 09:35:08,086 | INFO     | [EURUSD] Position open — skipping.
2026-04-23 09:35:08,086 | INFO     | [GBPUSD] Position open — skipping.
2026-04-23 09:35:08,086 | INFO     | [USDJPY] Position open — skipping.
2026-04-23 09:35:08,086 | INFO     | — scan complete — sleeping 60s —
2026-04-23 09:36:08,087 | INFO     | [EURUSD] Position open — skipping.
2026-04-23 09:36:08,119 | INFO     | [GBPUSD] Position open — skipping.
2026-04-23 09:36:08,119 | INFO     | [USDJPY] Position open — skipping.
2026-04-23 09:36:08,120 | INFO     | — scan complete — sleeping 60s —
2026-04-23 09:37:08,121 | INFO     | [EURUSD] Position open — skipping.
2026-04-23 09:37:08,131 | INFO     | [GBPUSD] Position open — skipping.
2026-04-23 09:37:08,136 | INFO     | [USDJPY] Position open — skipping.
2026-04-23 09:37:08,137 | INFO     | — scan complete — sleeping 60s —
2026-04-23 09:38:08,139 | INFO     | [EURUSD] Position open — skipping.
2026-04-23 09:38:08,140 | INFO     | [GBPUSD] Position open — skipping.
2026-04-23 09:38:08,140 | INFO     | [USDJPY] Position open — skipping.
2026-04-23 09:38:08,140 | INFO     | — scan complete — sleeping 60s —
2026-04-23 09:39:08,164 | INFO     | [EURUSD] Position open — skipping.
2026-04-23 09:39:08,165 | INFO     | [GBPUSD] Position open — skipping.
2026-04-23 09:39:08,175 | INFO     | [USDJPY] Position open — skipping.
2026-04-23 09:39:08,176 | INFO     | — scan complete — sleeping 60s —
2026-04-23 09:40:08,177 | INFO     | [EURUSD] Position open — skipping.
2026-04-23 09:40:08,178 | INFO     | [GBPUSD] Position open — skipping.
2026-04-23 09:40:08,178 | INFO     | [USDJPY] Position open — skipping.
2026-04-23 09:40:08,179 | INFO     | — scan complete — sleeping 60s —
2026-04-23 09:41:08,180 | INFO     | [EURUSD] Position open — skipping.
2026-04-23 09:41:08,180 | INFO     | [GBPUSD] Position open — skipping.
2026-04-23 09:41:08,181 | INFO     | [USDJPY] Position open — skipping.
2026-04-23 09:41:08,181 | INFO     | — scan complete — sleeping 60s —
2026-04-23 09:42:08,181 | INFO     | [EURUSD] Position open — skipping.
2026-04-23 09:42:08,181 | INFO     | [GBPUSD] Position open — skipping.
2026-04-23 09:42:08,181 | INFO     | [USDJPY] Position open — skipping.
2026-04-23 09:42:08,182 | INFO     | — scan complete — sleeping 60s —
2026-04-23 09:43:08,182 | INFO     | [EURUSD] Position open — skipping.
2026-04-23 09:43:08,182 | INFO     | [GBPUSD] Position open — skipping.
2026-04-23 09:43:08,183 | INFO     | [USDJPY] Position open — skipping.
2026-04-23 09:43:08,183 | INFO     | — scan complete — sleeping 60s —
2026-04-23 09:44:08,183 | INFO     | [EURUSD] Position open — skipping.
2026-04-23 09:44:08,184 | INFO     | [GBPUSD] Position open — skipping.
2026-04-23 09:44:08,184 | INFO     | [USDJPY] Position open — skipping.
2026-04-23 09:44:08,185 | INFO     | — scan complete — sleeping 60s —
2026-04-23 09:45:08,186 | INFO     | [EURUSD] Position open — skipping.
2026-04-23 09:45:08,186 | INFO     | [GBPUSD] Position open — skipping.
2026-04-23 09:45:08,187 | INFO     | [USDJPY] Position open — skipping.
2026-04-23 09:45:08,187 | INFO     | — scan complete — sleeping 60s —
2026-04-23 09:46:08,187 | INFO     | [EURUSD] Position open — skipping.
2026-04-23 09:46:08,188 | INFO     | [GBPUSD] Position open — skipping.
2026-04-23 09:46:08,188 | INFO     | [USDJPY] Position open — skipping.
2026-04-23 09:46:08,188 | INFO     | — scan complete — sleeping 60s —
2026-04-23 09:47:08,188 | INFO     | [EURUSD] Position open — skipping.
2026-04-23 09:47:08,189 | INFO     | [GBPUSD] Position open — skipping.
2026-04-23 09:47:08,189 | INFO     | [USDJPY] Position open — skipping.
2026-04-23 09:47:08,189 | INFO     | — scan complete — sleeping 60s —
2026-04-23 09:48:08,189 | INFO     | [EURUSD] Position open — skipping.
2026-04-23 09:48:08,190 | INFO     | [GBPUSD] Position open — skipping.
2026-04-23 09:48:08,190 | INFO     | [USDJPY] Position open — skipping.
2026-04-23 09:48:08,190 | INFO     | — scan complete — sleeping 60s —
2026-04-23 09:49:08,190 | INFO     | [EURUSD] Position open — skipping.
2026-04-23 09:49:08,191 | INFO     | [GBPUSD] Position open — skipping.
2026-04-23 09:49:08,191 | INFO     | [USDJPY] Position open — skipping.
2026-04-23 09:49:08,191 | INFO     | — scan complete — sleeping 60s —
2026-04-23 09:50:08,192 | INFO     | [EURUSD] Position open — skipping.
2026-04-23 09:50:08,195 | INFO     | [GBPUSD] Position open — skipping.
2026-04-23 09:50:08,195 | INFO     | [USDJPY] Position open — skipping.
2026-04-23 09:50:08,195 | INFO     | — scan complete — sleeping 60s —
2026-04-23 09:51:08,196 | INFO     | [EURUSD] Position open — skipping.
2026-04-23 09:51:08,196 | INFO     | [GBPUSD] Position open — skipping.
2026-04-23 09:51:08,196 | INFO     | [USDJPY] Position open — skipping.
2026-04-23 09:51:08,196 | INFO     | — scan complete — sleeping 60s —
2026-04-23 09:52:08,197 | INFO     | [EURUSD] Position open — skipping.
2026-04-23 09:52:08,197 | INFO     | [GBPUSD] Position open — skipping.
2026-04-23 09:52:08,197 | INFO     | [USDJPY] Position open — skipping.
2026-04-23 09:52:08,198 | INFO     | — scan complete — sleeping 60s —
2026-04-23 09:53:08,198 | INFO     | [EURUSD] Position open — skipping.
2026-04-23 09:53:08,198 | INFO     | [GBPUSD] Position open — skipping.
2026-04-23 09:53:08,200 | INFO     | [USDJPY] Position open — skipping.
2026-04-23 09:53:08,201 | INFO     | — scan complete — sleeping 60s —
2026-04-23 09:54:08,201 | INFO     | [EURUSD] Position open — skipping.
2026-04-23 09:54:08,202 | INFO     | [GBPUSD] Position open — skipping.
2026-04-23 09:54:08,203 | INFO     | [USDJPY] Position open — skipping.
2026-04-23 09:54:08,204 | INFO     | — scan complete — sleeping 60s —
2026-04-23 09:55:08,205 | INFO     | [EURUSD] Position open — skipping.
2026-04-23 09:55:08,205 | INFO     | [GBPUSD] Position open — skipping.
2026-04-23 09:55:08,205 | INFO     | [USDJPY] Position open — skipping.
2026-04-23 09:55:08,205 | INFO     | — scan complete — sleeping 60s —
2026-04-23 09:56:08,206 | INFO     | [EURUSD] Position open — skipping.
2026-04-23 09:56:08,208 | INFO     | [GBPUSD] Position open — skipping.
2026-04-23 09:56:08,212 | INFO     | [USDJPY] Position open — skipping.
2026-04-23 09:56:08,212 | INFO     | — scan complete — sleeping 60s —
2026-04-23 09:57:08,214 | INFO     | [EURUSD] Position open — skipping.
2026-04-23 09:57:08,214 | INFO     | [GBPUSD] Position open — skipping.
2026-04-23 09:57:08,215 | INFO     | [USDJPY] Position open — skipping.
2026-04-23 09:57:08,215 | INFO     | — scan complete — sleeping 60s —
2026-04-23 09:58:08,216 | INFO     | [EURUSD] Position open — skipping.
2026-04-23 09:58:08,217 | INFO     | [GBPUSD] Position open — skipping.
2026-04-23 09:58:08,217 | INFO     | [USDJPY] Position open — skipping.
2026-04-23 09:58:08,217 | INFO     | — scan complete — sleeping 60s —
2026-04-23 09:59:08,217 | INFO     | [EURUSD] Position open — skipping.
2026-04-23 09:59:08,218 | INFO     | [GBPUSD] Position open — skipping.
2026-04-23 09:59:08,218 | INFO     | [USDJPY] Position open — skipping.
2026-04-23 09:59:08,219 | INFO     | — scan complete — sleeping 60s —
2026-04-23 10:00:08,220 | INFO     | [EURUSD] Position open — skipping.
2026-04-23 10:00:08,220 | INFO     | [GBPUSD] Position open — skipping.
2026-04-23 10:00:08,220 | INFO     | [USDJPY] Position open — skipping.
2026-04-23 10:00:08,220 | INFO     | — scan complete — sleeping 60s —
2026-04-23 10:01:08,221 | INFO     | [EURUSD] Position open — skipping.
2026-04-23 10:01:08,221 | INFO     | [GBPUSD] Position open — skipping.
2026-04-23 10:01:08,221 | INFO     | [USDJPY] Position open — skipping.
2026-04-23 10:01:08,222 | INFO     | — scan complete — sleeping 60s —
2026-04-23 10:02:08,223 | INFO     | [EURUSD] Position open — skipping.
2026-04-23 10:02:08,223 | INFO     | [GBPUSD] Position open — skipping.
2026-04-23 10:02:08,223 | INFO     | [USDJPY] Position open — skipping.
2026-04-23 10:02:08,223 | INFO     | — scan complete — sleeping 60s —
2026-04-23 10:03:08,225 | INFO     | [EURUSD] Position open — skipping.
2026-04-23 10:03:08,225 | INFO     | [GBPUSD] Position open — skipping.
2026-04-23 10:03:08,225 | INFO     | [USDJPY] Position open — skipping.
2026-04-23 10:03:08,225 | INFO     | — scan complete — sleeping 60s —
2026-04-23 10:04:08,226 | INFO     | [EURUSD] Position open — skipping.
2026-04-23 10:04:08,226 | INFO     | [GBPUSD] Position open — skipping.
2026-04-23 10:04:08,227 | INFO     | [USDJPY] Position open — skipping.
2026-04-23 10:04:08,227 | INFO     | — scan complete — sleeping 60s —
2026-04-23 10:05:08,227 | INFO     | [EURUSD] Position open — skipping.
2026-04-23 10:05:08,230 | INFO     | [GBPUSD] Position open — skipping.
2026-04-23 10:05:08,230 | INFO     | [USDJPY] Position open — skipping.
2026-04-23 10:05:08,230 | INFO     | — scan complete — sleeping 60s —
2026-04-23 10:06:08,231 | INFO     | [EURUSD] Position open — skipping.
2026-04-23 10:06:08,232 | INFO     | [GBPUSD] Position open — skipping.
2026-04-23 10:06:08,232 | INFO     | [USDJPY] Position open — skipping.
2026-04-23 10:06:08,232 | INFO     | — scan complete — sleeping 60s —
2026-04-23 10:07:08,233 | INFO     | [EURUSD] Position open — skipping.
2026-04-23 10:07:08,234 | INFO     | [GBPUSD] Position open — skipping.
2026-04-23 10:07:08,234 | INFO     | [USDJPY] Position open — skipping.
2026-04-23 10:07:08,234 | INFO     | — scan complete — sleeping 60s —
2026-04-23 10:08:08,235 | INFO     | [EURUSD] Position open — skipping.
2026-04-23 10:08:08,235 | INFO     | [GBPUSD] Position open — skipping.
2026-04-23 10:08:08,236 | INFO     | [USDJPY] Position open — skipping.
2026-04-23 10:08:08,236 | INFO     | — scan complete — sleeping 60s —
2026-04-23 10:09:08,238 | INFO     | [EURUSD] Position open — skipping.
2026-04-23 10:09:08,238 | INFO     | [GBPUSD] Position open — skipping.
2026-04-23 10:09:08,238 | INFO     | [USDJPY] Position open — skipping.
2026-04-23 10:09:08,238 | INFO     | — scan complete — sleeping 60s —
2026-04-23 10:10:08,239 | INFO     | [EURUSD] Position open — skipping.
2026-04-23 10:10:08,239 | INFO     | [GBPUSD] Position open — skipping.
2026-04-23 10:10:08,239 | INFO     | [USDJPY] Position open — skipping.
2026-04-23 10:10:08,240 | INFO     | — scan complete — sleeping 60s —
2026-04-23 10:11:08,242 | INFO     | [EURUSD] Position open — skipping.
2026-04-23 10:11:08,276 | INFO     | [GBPUSD] Position open — skipping.
2026-04-23 10:11:08,277 | INFO     | [USDJPY] Position open — skipping.
2026-04-23 10:11:08,277 | INFO     | — scan complete — sleeping 60s —
2026-04-23 10:12:08,354 | INFO     | [EURUSD] Position open — skipping.
2026-04-23 10:12:08,355 | INFO     | [GBPUSD] Position open — skipping.
2026-04-23 10:12:08,355 | INFO     | [USDJPY] Position open — skipping.
2026-04-23 10:12:08,356 | INFO     | — scan complete — sleeping 60s —
2026-04-23 10:13:08,357 | INFO     | [EURUSD] Position open — skipping.
2026-04-23 10:13:08,357 | INFO     | [GBPUSD] Position open — skipping.
2026-04-23 10:13:08,358 | INFO     | [USDJPY] Position open — skipping.
2026-04-23 10:13:08,358 | INFO     | — scan complete — sleeping 60s —
2026-04-23 10:14:08,417 | INFO     | [EURUSD] Position open — skipping.
2026-04-23 10:14:08,418 | INFO     | [GBPUSD] Position open — skipping.
2026-04-23 10:14:08,418 | INFO     | [USDJPY] Position open — skipping.
2026-04-23 10:14:08,419 | INFO     | — scan complete — sleeping 60s —
2026-04-23 10:15:08,419 | INFO     | [EURUSD] Position open — skipping.
2026-04-23 10:15:08,420 | INFO     | [GBPUSD] Position open — skipping.
2026-04-23 10:15:08,420 | INFO     | [USDJPY] Position open — skipping.
2026-04-23 10:15:08,420 | INFO     | — scan complete — sleeping 60s —
2026-04-23 10:16:08,422 | INFO     | [EURUSD] Position open — skipping.
2026-04-23 10:16:08,423 | INFO     | [GBPUSD] Position open — skipping.
2026-04-23 10:16:08,423 | INFO     | [USDJPY] Position open — skipping.
2026-04-23 10:16:08,423 | INFO     | — scan complete — sleeping 60s —
2026-04-23 10:17:08,425 | INFO     | [EURUSD] Position open — skipping.
2026-04-23 10:17:08,425 | INFO     | [GBPUSD] Position open — skipping.
2026-04-23 10:17:08,426 | INFO     | [USDJPY] Position open — skipping.
2026-04-23 10:17:08,426 | INFO     | — scan complete — sleeping 60s —
2026-04-23 10:18:08,428 | INFO     | [EURUSD] Position open — skipping.
2026-04-23 10:18:08,428 | INFO     | [GBPUSD] Position open — skipping.
2026-04-23 10:18:08,429 | INFO     | [USDJPY] Position open — skipping.
2026-04-23 10:18:08,429 | INFO     | — scan complete — sleeping 60s —
2026-04-23 10:19:08,429 | INFO     | [EURUSD] Position open — skipping.
2026-04-23 10:19:08,430 | INFO     | [GBPUSD] Position open — skipping.
2026-04-23 10:19:08,430 | INFO     | [USDJPY] Position open — skipping.
2026-04-23 10:19:08,430 | INFO     | — scan complete — sleeping 60s —
2026-04-23 10:20:08,431 | INFO     | [EURUSD] Position open — skipping.
2026-04-23 10:20:08,431 | INFO     | [GBPUSD] Position open — skipping.
2026-04-23 10:20:08,431 | INFO     | [USDJPY] Position open — skipping.
2026-04-23 10:20:08,431 | INFO     | — scan complete — sleeping 60s —
2026-04-23 10:21:08,432 | INFO     | [EURUSD] Position open — skipping.
2026-04-23 10:21:08,432 | INFO     | [GBPUSD] Position open — skipping.
2026-04-23 10:21:08,433 | INFO     | [USDJPY] Position open — skipping.
2026-04-23 10:21:08,433 | INFO     | — scan complete — sleeping 60s —
2026-04-23 10:22:08,435 | INFO     | [EURUSD] Position open — skipping.
2026-04-23 10:22:08,435 | INFO     | [GBPUSD] Position open — skipping.
2026-04-23 10:22:08,436 | INFO     | [USDJPY] Position open — skipping.
2026-04-23 10:22:08,436 | INFO     | — scan complete — sleeping 60s —
2026-04-23 10:23:08,437 | INFO     | [EURUSD] Position open — skipping.
2026-04-23 10:23:08,438 | INFO     | [GBPUSD] Position open — skipping.
2026-04-23 10:23:08,439 | INFO     | [USDJPY] Position open — skipping.
2026-04-23 10:23:08,439 | INFO     | — scan complete — sleeping 60s —
2026-04-23 10:24:08,440 | INFO     | [EURUSD] Position open — skipping.
2026-04-23 10:24:08,442 | INFO     | [GBPUSD] Position open — skipping.
2026-04-23 10:24:08,444 | INFO     | [USDJPY] Position open — skipping.
2026-04-23 10:24:08,444 | INFO     | — scan complete — sleeping 60s —
2026-04-23 10:25:08,445 | INFO     | [EURUSD] Position open — skipping.
2026-04-23 10:25:08,446 | INFO     | [GBPUSD] Position open — skipping.
2026-04-23 10:25:08,446 | INFO     | [USDJPY] Position open — skipping.
2026-04-23 10:25:08,447 | INFO     | — scan complete — sleeping 60s —
2026-04-23 10:26:08,449 | INFO     | [EURUSD] Position open — skipping.
2026-04-23 10:26:08,450 | INFO     | [GBPUSD] Position open — skipping.
2026-04-23 10:26:08,450 | INFO     | [USDJPY] Position open — skipping.
2026-04-23 10:26:08,450 | INFO     | — scan complete — sleeping 60s —
2026-04-23 10:27:08,450 | INFO     | [EURUSD] Position open — skipping.
2026-04-23 10:27:08,451 | INFO     | [GBPUSD] Position open — skipping.
2026-04-23 10:27:08,452 | INFO     | [USDJPY] Position open — skipping.
2026-04-23 10:27:08,452 | INFO     | — scan complete — sleeping 60s —
2026-04-23 10:28:08,452 | INFO     | [EURUSD] Position open — skipping.
2026-04-23 10:28:08,453 | INFO     | [GBPUSD] Position open — skipping.
2026-04-23 10:28:08,453 | INFO     | [USDJPY] Position open — skipping.
2026-04-23 10:28:08,453 | INFO     | — scan complete — sleeping 60s —
2026-04-23 10:29:08,453 | INFO     | [EURUSD] Position open — skipping.
2026-04-23 10:29:08,453 | INFO     | [GBPUSD] Position open — skipping.
2026-04-23 10:29:08,454 | INFO     | [USDJPY] Position open — skipping.
2026-04-23 10:29:08,454 | INFO     | — scan complete — sleeping 60s —
2026-04-23 10:30:08,454 | INFO     | [EURUSD] Position open — skipping.
2026-04-23 10:30:08,455 | INFO     | [GBPUSD] Position open — skipping.
2026-04-23 10:30:08,456 | INFO     | [USDJPY] Position open — skipping.
2026-04-23 10:30:08,457 | INFO     | — scan complete — sleeping 60s —
2026-04-23 10:31:08,458 | INFO     | [EURUSD] Position open — skipping.
2026-04-23 10:31:08,458 | INFO     | [GBPUSD] Position open — skipping.
2026-04-23 10:31:08,458 | INFO     | [USDJPY] Position open — skipping.
2026-04-23 10:31:08,458 | INFO     | — scan complete — sleeping 60s —
2026-04-23 10:32:08,459 | INFO     | [EURUSD] Position open — skipping.
2026-04-23 10:32:08,495 | INFO     | [GBPUSD] Position open — skipping.
2026-04-23 10:32:08,496 | INFO     | [USDJPY] Position open — skipping.
2026-04-23 10:32:08,496 | INFO     | — scan complete — sleeping 60s —
2026-04-23 10:33:08,520 | INFO     | [EURUSD] Position open — skipping.
2026-04-23 10:33:08,523 | INFO     | [GBPUSD] Position open — skipping.
2026-04-23 10:33:08,523 | INFO     | [USDJPY] Position open — skipping.
2026-04-23 10:33:08,523 | INFO     | — scan complete — sleeping 60s —
2026-04-23 10:34:08,524 | INFO     | [EURUSD] Position open — skipping.
2026-04-23 10:34:08,524 | INFO     | [GBPUSD] Position open — skipping.
2026-04-23 10:34:08,525 | INFO     | [USDJPY] Position open — skipping.
2026-04-23 10:34:08,525 | INFO     | — scan complete — sleeping 60s —
2026-04-23 10:35:08,525 | INFO     | [EURUSD] Position open — skipping.
2026-04-23 10:35:08,526 | INFO     | [GBPUSD] Position open — skipping.
2026-04-23 10:35:08,526 | INFO     | [USDJPY] Position open — skipping.
2026-04-23 10:35:08,527 | INFO     | — scan complete — sleeping 60s —
2026-04-23 10:36:08,532 | INFO     | [EURUSD] Position open — skipping.
2026-04-23 10:36:08,539 | INFO     | [GBPUSD] Position open — skipping.
2026-04-23 10:36:08,542 | INFO     | [USDJPY] Position open — skipping.
2026-04-23 10:36:08,547 | INFO     | — scan complete — sleeping 60s —
2026-04-23 10:37:08,550 | INFO     | [EURUSD] Position open — skipping.
2026-04-23 10:37:08,551 | INFO     | [GBPUSD] Position open — skipping.
2026-04-23 10:37:08,551 | INFO     | [USDJPY] Position open — skipping.
2026-04-23 10:37:08,551 | INFO     | — scan complete — sleeping 60s —
2026-04-23 10:38:08,552 | INFO     | [EURUSD] Position open — skipping.
2026-04-23 10:38:08,552 | INFO     | [GBPUSD] Position open — skipping.
2026-04-23 10:38:08,552 | INFO     | [USDJPY] Position open — skipping.
2026-04-23 10:38:08,552 | INFO     | — scan complete — sleeping 60s —
2026-04-23 10:39:08,553 | INFO     | [EURUSD] Position open — skipping.
2026-04-23 10:39:08,553 | INFO     | [GBPUSD] Position open — skipping.
2026-04-23 10:39:08,554 | INFO     | [USDJPY] Position open — skipping.
2026-04-23 10:39:08,554 | INFO     | — scan complete — sleeping 60s —
2026-04-23 10:40:08,556 | INFO     | [EURUSD] Position open — skipping.
2026-04-23 10:40:08,557 | INFO     | [GBPUSD] Position open — skipping.
2026-04-23 10:40:08,557 | INFO     | [USDJPY] Position open — skipping.
2026-04-23 10:40:08,558 | INFO     | — scan complete — sleeping 60s —
2026-04-23 10:41:08,561 | INFO     | [EURUSD] Position open — skipping.
2026-04-23 10:41:08,564 | INFO     | [GBPUSD] Position open — skipping.
2026-04-23 10:41:08,565 | INFO     | [USDJPY] Position open — skipping.
2026-04-23 10:41:08,565 | INFO     | — scan complete — sleeping 60s —
2026-04-23 10:42:08,574 | INFO     | [EURUSD] Position open — skipping.
2026-04-23 10:42:08,575 | INFO     | [GBPUSD] Position open — skipping.
2026-04-23 10:42:08,577 | INFO     | [USDJPY] Position open — skipping.
2026-04-23 10:42:08,579 | INFO     | — scan complete — sleeping 60s —
2026-04-23 10:43:08,586 | INFO     | [EURUSD] Position open — skipping.
2026-04-23 10:43:08,587 | INFO     | [GBPUSD] Position open — skipping.
2026-04-23 10:43:08,589 | INFO     | [USDJPY] Position open — skipping.
2026-04-23 10:43:08,589 | INFO     | — scan complete — sleeping 60s —
2026-04-23 10:44:08,591 | INFO     | [EURUSD] Position open — skipping.
2026-04-23 10:44:08,591 | INFO     | [GBPUSD] Position open — skipping.
2026-04-23 10:44:08,591 | INFO     | [USDJPY] Position open — skipping.
2026-04-23 10:44:08,591 | INFO     | — scan complete — sleeping 60s —
2026-04-23 10:45:08,592 | INFO     | [EURUSD] Position open — skipping.
2026-04-23 10:45:08,592 | INFO     | [GBPUSD] Position open — skipping.
2026-04-23 10:45:08,592 | INFO     | [USDJPY] Position open — skipping.
2026-04-23 10:45:08,593 | INFO     | — scan complete — sleeping 60s —
2026-04-23 10:46:08,593 | INFO     | [EURUSD] Position open — skipping.
2026-04-23 10:46:08,594 | INFO     | [GBPUSD] Position open — skipping.
2026-04-23 10:46:08,594 | INFO     | [USDJPY] Position open — skipping.
2026-04-23 10:46:08,595 | INFO     | — scan complete — sleeping 60s —
2026-04-23 10:47:08,596 | INFO     | [EURUSD] Position open — skipping.
2026-04-23 10:47:08,596 | INFO     | [GBPUSD] Position open — skipping.
2026-04-23 10:47:08,597 | INFO     | [USDJPY] Position open — skipping.
2026-04-23 10:47:08,597 | INFO     | — scan complete — sleeping 60s —
2026-04-23 10:48:08,601 | INFO     | [EURUSD] Position open — skipping.
2026-04-23 10:48:08,601 | INFO     | [GBPUSD] Position open — skipping.
2026-04-23 10:48:08,602 | INFO     | [USDJPY] Position open — skipping.
2026-04-23 10:48:08,602 | INFO     | — scan complete — sleeping 60s —
2026-04-23 10:49:08,603 | INFO     | [EURUSD] Position open — skipping.
2026-04-23 10:49:08,603 | INFO     | [GBPUSD] Position open — skipping.
2026-04-23 10:49:08,604 | INFO     | [USDJPY] Position open — skipping.
2026-04-23 10:49:08,605 | INFO     | — scan complete — sleeping 60s —
2026-04-23 10:50:08,606 | INFO     | [EURUSD] Position open — skipping.
2026-04-23 10:50:08,607 | INFO     | [GBPUSD] Position open — skipping.
2026-04-23 10:50:08,608 | INFO     | [USDJPY] Position open — skipping.
2026-04-23 10:50:08,609 | INFO     | — scan complete — sleeping 60s —
2026-04-23 10:51:08,610 | INFO     | [EURUSD] Position open — skipping.
2026-04-23 10:51:08,610 | INFO     | [GBPUSD] Position open — skipping.
2026-04-23 10:51:08,611 | INFO     | [USDJPY] Position open — skipping.
2026-04-23 10:51:08,611 | INFO     | — scan complete — sleeping 60s —
2026-04-23 10:52:08,613 | INFO     | [EURUSD] Position open — skipping.
2026-04-23 10:52:08,613 | INFO     | [GBPUSD] Position open — skipping.
2026-04-23 10:52:08,614 | INFO     | [USDJPY] Position open — skipping.
2026-04-23 10:52:08,614 | INFO     | — scan complete — sleeping 60s —
2026-04-23 10:53:08,622 | INFO     | [EURUSD] Position open — skipping.
2026-04-23 10:53:08,622 | INFO     | [GBPUSD] Position open — skipping.
2026-04-23 10:53:08,622 | INFO     | [USDJPY] Position open — skipping.
2026-04-23 10:53:08,622 | INFO     | — scan complete — sleeping 60s —
2026-04-23 10:54:08,623 | INFO     | [EURUSD] Position open — skipping.
2026-04-23 10:54:08,623 | INFO     | [GBPUSD] Position open — skipping.
2026-04-23 10:54:08,624 | INFO     | [USDJPY] Position open — skipping.
2026-04-23 10:54:08,624 | INFO     | — scan complete — sleeping 60s —
2026-04-23 10:55:08,625 | INFO     | [EURUSD] Position open — skipping.
2026-04-23 10:55:08,633 | INFO     | [GBPUSD] Position open — skipping.
2026-04-23 10:55:08,634 | INFO     | [USDJPY] Position open — skipping.
2026-04-23 10:55:08,634 | INFO     | — scan complete — sleeping 60s —
2026-04-23 10:56:08,635 | INFO     | [EURUSD] Position open — skipping.
2026-04-23 10:56:08,636 | INFO     | [GBPUSD] Position open — skipping.
2026-04-23 10:56:08,636 | INFO     | [USDJPY] Position open — skipping.
2026-04-23 10:56:08,637 | INFO     | — scan complete — sleeping 60s —
2026-04-23 10:57:08,637 | INFO     | [EURUSD] Position open — skipping.
2026-04-23 10:57:08,638 | INFO     | [GBPUSD] Position open — skipping.
2026-04-23 10:57:08,640 | INFO     | [USDJPY] Position open — skipping.
2026-04-23 10:57:08,642 | INFO     | — scan complete — sleeping 60s —
2026-04-23 10:58:08,644 | INFO     | [EURUSD] Position open — skipping.
2026-04-23 10:58:08,647 | INFO     | [GBPUSD] Position open — skipping.
2026-04-23 10:58:08,648 | INFO     | [USDJPY] Position open — skipping.
2026-04-23 10:58:08,648 | INFO     | — scan complete — sleeping 60s —
2026-04-23 10:59:08,655 | INFO     | [EURUSD] Position open — skipping.
2026-04-23 10:59:08,656 | INFO     | [GBPUSD] Position open — skipping.
2026-04-23 10:59:08,657 | INFO     | [USDJPY] Position open — skipping.
2026-04-23 10:59:08,657 | INFO     | — scan complete — sleeping 60s —
2026-04-23 11:00:08,658 | INFO     | [EURUSD] Position open — skipping.
2026-04-23 11:00:08,659 | INFO     | [GBPUSD] Position open — skipping.
2026-04-23 11:00:08,659 | INFO     | [USDJPY] Position open — skipping.
2026-04-23 11:00:08,659 | INFO     | — scan complete — sleeping 60s —
2026-04-23 11:01:08,660 | INFO     | [EURUSD] Position open — skipping.
2026-04-23 11:01:08,661 | INFO     | [GBPUSD] Position open — skipping.
2026-04-23 11:01:08,661 | INFO     | [USDJPY] Position open — skipping.
2026-04-23 11:01:08,662 | INFO     | — scan complete — sleeping 60s —
2026-04-23 11:02:08,662 | INFO     | [EURUSD] Position open — skipping.
2026-04-23 11:02:08,662 | INFO     | [GBPUSD] Position open — skipping.
2026-04-23 11:02:08,663 | INFO     | [USDJPY] Position open — skipping.
2026-04-23 11:02:08,663 | INFO     | — scan complete — sleeping 60s —
2026-04-23 11:03:08,664 | INFO     | [EURUSD] Position open — skipping.
2026-04-23 11:03:08,669 | INFO     | [GBPUSD] Position open — skipping.
2026-04-23 11:03:08,673 | INFO     | [USDJPY] Position open — skipping.
2026-04-23 11:03:08,673 | INFO     | — scan complete — sleeping 60s —
2026-04-23 11:04:08,674 | INFO     | [EURUSD] Position open — skipping.
2026-04-23 11:04:08,675 | INFO     | [GBPUSD] Position open — skipping.
2026-04-23 11:04:08,675 | INFO     | [USDJPY] Position open — skipping.
2026-04-23 11:04:08,675 | INFO     | — scan complete — sleeping 60s —
2026-04-23 11:05:08,675 | INFO     | [EURUSD] Position open — skipping.
2026-04-23 11:05:08,676 | INFO     | [GBPUSD] Position open — skipping.
2026-04-23 11:05:08,676 | INFO     | [USDJPY] Position open — skipping.
2026-04-23 11:05:08,676 | INFO     | — scan complete — sleeping 60s —
2026-04-23 11:06:08,676 | INFO     | [EURUSD] Position open — skipping.
2026-04-23 11:06:08,677 | INFO     | [GBPUSD] Position open — skipping.
2026-04-23 11:06:08,677 | INFO     | [USDJPY] Position open — skipping.
2026-04-23 11:06:08,677 | INFO     | — scan complete — sleeping 60s —
2026-04-23 11:07:08,679 | INFO     | [EURUSD] Position open — skipping.
2026-04-23 11:07:08,679 | INFO     | [GBPUSD] Position open — skipping.
2026-04-23 11:07:08,679 | INFO     | [USDJPY] Position open — skipping.
2026-04-23 11:07:08,679 | INFO     | — scan complete — sleeping 60s —
2026-04-23 11:08:08,680 | INFO     | [EURUSD] Position open — skipping.
2026-04-23 11:08:08,681 | INFO     | [GBPUSD] Position open — skipping.
2026-04-23 11:08:08,681 | INFO     | [USDJPY] Position open — skipping.
2026-04-23 11:08:08,682 | INFO     | — scan complete — sleeping 60s —
2026-04-23 11:09:08,682 | INFO     | [EURUSD] Position open — skipping.
2026-04-23 11:09:08,683 | INFO     | [GBPUSD] Position open — skipping.
2026-04-23 11:09:08,683 | INFO     | [USDJPY] Position open — skipping.
2026-04-23 11:09:08,683 | INFO     | — scan complete — sleeping 60s —
2026-04-23 11:10:08,684 | INFO     | [EURUSD] Position open — skipping.
2026-04-23 11:10:08,685 | INFO     | [GBPUSD] Position open — skipping.
2026-04-23 11:10:08,687 | INFO     | [USDJPY] Position open — skipping.
2026-04-23 11:10:08,688 | INFO     | — scan complete — sleeping 60s —
2026-04-23 11:11:08,693 | INFO     | [EURUSD] Position open — skipping.
2026-04-23 11:11:08,707 | INFO     | [GBPUSD] Position open — skipping.
2026-04-23 11:11:08,711 | INFO     | [USDJPY] Position open — skipping.
2026-04-23 11:11:08,711 | INFO     | — scan complete — sleeping 60s —
2026-04-23 11:12:08,712 | INFO     | [EURUSD] Position open — skipping.
2026-04-23 11:12:08,712 | INFO     | [GBPUSD] Position open — skipping.
2026-04-23 11:12:08,712 | INFO     | [USDJPY] Position open — skipping.
2026-04-23 11:12:08,712 | INFO     | — scan complete — sleeping 60s —
2026-04-23 11:13:08,713 | INFO     | [EURUSD] Position open — skipping.
2026-04-23 11:13:08,713 | INFO     | [GBPUSD] Position open — skipping.
2026-04-23 11:13:08,714 | INFO     | [USDJPY] Position open — skipping.
2026-04-23 11:13:08,714 | INFO     | — scan complete — sleeping 60s —
2026-04-23 11:14:08,715 | INFO     | [EURUSD] Position open — skipping.
2026-04-23 11:14:08,715 | INFO     | [GBPUSD] Position open — skipping.
2026-04-23 11:14:08,715 | INFO     | [USDJPY] Position open — skipping.
2026-04-23 11:14:08,715 | INFO     | — scan complete — sleeping 60s —
2026-04-23 11:15:08,716 | INFO     | [EURUSD] Position open — skipping.
2026-04-23 11:15:08,716 | INFO     | [GBPUSD] Position open — skipping.
2026-04-23 11:15:08,717 | INFO     | [USDJPY] Position open — skipping.
2026-04-23 11:15:08,717 | INFO     | — scan complete — sleeping 60s —
2026-04-23 11:16:08,717 | INFO     | [EURUSD] Position open — skipping.
2026-04-23 11:16:08,718 | INFO     | [GBPUSD] Position open — skipping.
2026-04-23 11:16:08,718 | INFO     | [USDJPY] Position open — skipping.
2026-04-23 11:16:08,719 | INFO     | — scan complete — sleeping 60s —
2026-04-23 11:17:08,719 | INFO     | [EURUSD] Position open — skipping.
2026-04-23 11:17:08,719 | INFO     | [GBPUSD] Position open — skipping.
2026-04-23 11:17:08,719 | INFO     | [USDJPY] Position open — skipping.
2026-04-23 11:17:08,720 | INFO     | — scan complete — sleeping 60s —
2026-04-23 11:18:08,720 | INFO     | [EURUSD] Position open — skipping.
2026-04-23 11:18:08,720 | INFO     | [GBPUSD] Position open — skipping.
2026-04-23 11:18:08,721 | INFO     | [USDJPY] Position open — skipping.
2026-04-23 11:18:08,721 | INFO     | — scan complete — sleeping 60s —
2026-04-23 11:19:08,721 | INFO     | [EURUSD] Position open — skipping.
2026-04-23 11:19:08,722 | INFO     | [GBPUSD] Position open — skipping.
2026-04-23 11:19:08,723 | INFO     | [USDJPY] Position open — skipping.
2026-04-23 11:19:08,723 | INFO     | — scan complete — sleeping 60s —
2026-04-23 11:20:08,725 | INFO     | [EURUSD] Position open — skipping.
2026-04-23 11:20:08,726 | INFO     | [GBPUSD] Position open — skipping.
2026-04-23 11:20:08,727 | INFO     | [USDJPY] Position open — skipping.
2026-04-23 11:20:08,727 | INFO     | — scan complete — sleeping 60s —
2026-04-23 11:21:08,729 | INFO     | [EURUSD] Position open — skipping.
2026-04-23 11:21:08,729 | INFO     | [GBPUSD] Position open — skipping.
2026-04-23 11:21:08,729 | INFO     | [USDJPY] Position open — skipping.
2026-04-23 11:21:08,729 | INFO     | — scan complete — sleeping 60s —
2026-04-23 11:22:08,730 | INFO     | [EURUSD] Position open — skipping.
2026-04-23 11:22:08,731 | INFO     | [GBPUSD] Position open — skipping.
2026-04-23 11:22:08,731 | INFO     | [USDJPY] Position open — skipping.
2026-04-23 11:22:08,732 | INFO     | — scan complete — sleeping 60s —
2026-04-23 11:23:08,732 | INFO     | [EURUSD] Position open — skipping.
2026-04-23 11:23:08,733 | INFO     | [GBPUSD] Position open — skipping.
2026-04-23 11:23:08,733 | INFO     | [USDJPY] Position open — skipping.
2026-04-23 11:23:08,733 | INFO     | — scan complete — sleeping 60s —
2026-04-23 11:24:08,734 | INFO     | [EURUSD] Position open — skipping.
2026-04-23 11:24:08,734 | INFO     | [GBPUSD] Position open — skipping.
2026-04-23 11:24:08,734 | INFO     | [USDJPY] Position open — skipping.
2026-04-23 11:24:08,735 | INFO     | — scan complete — sleeping 60s —
2026-04-23 11:25:08,736 | INFO     | [EURUSD] Position open — skipping.
2026-04-23 11:25:08,737 | INFO     | [GBPUSD] Position open — skipping.
2026-04-23 11:25:08,737 | INFO     | [USDJPY] Position open — skipping.
2026-04-23 11:25:08,738 | INFO     | — scan complete — sleeping 60s —
2026-04-23 11:26:08,739 | INFO     | [EURUSD] Position open — skipping.
2026-04-23 11:26:08,739 | INFO     | [GBPUSD] Position open — skipping.
2026-04-23 11:26:08,740 | INFO     | [USDJPY] Position open — skipping.
2026-04-23 11:26:08,740 | INFO     | — scan complete — sleeping 60s —
2026-04-23 11:27:08,742 | INFO     | [EURUSD] Position open — skipping.
2026-04-23 11:27:08,742 | INFO     | [GBPUSD] Position open — skipping.
2026-04-23 11:27:08,742 | INFO     | [USDJPY] Position open — skipping.
2026-04-23 11:27:08,743 | INFO     | — scan complete — sleeping 60s —
2026-04-23 11:28:08,743 | INFO     | [EURUSD] Position open — skipping.
2026-04-23 11:28:08,744 | INFO     | [GBPUSD] Position open — skipping.
2026-04-23 11:28:08,744 | INFO     | [USDJPY] Position open — skipping.
2026-04-23 11:28:08,745 | INFO     | — scan complete — sleeping 60s —
2026-04-23 11:29:08,746 | INFO     | [EURUSD] Position open — skipping.
2026-04-23 11:29:08,747 | INFO     | [GBPUSD] Position open — skipping.
2026-04-23 11:29:08,747 | INFO     | [USDJPY] Position open — skipping.
2026-04-23 11:29:08,748 | INFO     | — scan complete — sleeping 60s —
2026-04-23 11:30:08,749 | INFO     | [EURUSD] Position open — skipping.
2026-04-23 11:30:08,754 | INFO     | [GBPUSD] Position open — skipping.
2026-04-23 11:30:08,758 | INFO     | [USDJPY] Position open — skipping.
2026-04-23 11:30:08,762 | INFO     | — scan complete — sleeping 60s —
2026-04-23 11:31:08,764 | INFO     | [EURUSD] Position open — skipping.
2026-04-23 11:31:08,764 | INFO     | [GBPUSD] Position open — skipping.
2026-04-23 11:31:08,764 | INFO     | [USDJPY] Position open — skipping.
2026-04-23 11:31:08,764 | INFO     | — scan complete — sleeping 60s —
2026-04-23 11:32:08,765 | INFO     | [EURUSD] Position open — skipping.
2026-04-23 11:32:08,766 | INFO     | [GBPUSD] Position open — skipping.
2026-04-23 11:32:08,766 | INFO     | [USDJPY] Position open — skipping.
2026-04-23 11:32:08,767 | INFO     | — scan complete — sleeping 60s —
2026-04-23 11:33:08,768 | INFO     | [EURUSD] Position open — skipping.
2026-04-23 11:33:08,768 | INFO     | [GBPUSD] Position open — skipping.
2026-04-23 11:33:08,769 | INFO     | [USDJPY] Position open — skipping.
2026-04-23 11:33:08,769 | INFO     | — scan complete — sleeping 60s —
2026-04-23 11:34:08,769 | INFO     | [EURUSD] Position open — skipping.
2026-04-23 11:34:08,769 | INFO     | [GBPUSD] Position open — skipping.
2026-04-23 11:34:08,769 | INFO     | [USDJPY] Position open — skipping.
2026-04-23 11:34:08,769 | INFO     | — scan complete — sleeping 60s —
2026-04-23 11:35:08,770 | INFO     | [EURUSD] Position open — skipping.
2026-04-23 11:35:08,770 | INFO     | [GBPUSD] Position open — skipping.
2026-04-23 11:35:08,770 | INFO     | [USDJPY] Position open — skipping.
2026-04-23 11:35:08,770 | INFO     | — scan complete — sleeping 60s —
2026-04-23 11:36:08,771 | INFO     | [EURUSD] Position open — skipping.
2026-04-23 11:36:08,772 | INFO     | [GBPUSD] Position open — skipping.
2026-04-23 11:36:08,772 | INFO     | [USDJPY] Position open — skipping.
2026-04-23 11:36:08,772 | INFO     | — scan complete — sleeping 60s —
2026-04-23 11:37:08,774 | INFO     | [EURUSD] Position open — skipping.
2026-04-23 11:37:08,774 | INFO     | [GBPUSD] Position open — skipping.
2026-04-23 11:37:08,774 | INFO     | [USDJPY] Position open — skipping.
2026-04-23 11:37:08,775 | INFO     | — scan complete — sleeping 60s —
2026-04-23 11:38:08,775 | INFO     | [EURUSD] Position open — skipping.
2026-04-23 11:38:08,776 | INFO     | [GBPUSD] Position open — skipping.
2026-04-23 11:38:08,776 | INFO     | [USDJPY] Position open — skipping.
2026-04-23 11:38:08,776 | INFO     | — scan complete — sleeping 60s —
2026-04-23 11:39:08,777 | INFO     | [EURUSD] Position open — skipping.
2026-04-23 11:39:08,778 | INFO     | [GBPUSD] Position open — skipping.
2026-04-23 11:39:08,778 | INFO     | [USDJPY] Position open — skipping.
2026-04-23 11:39:08,778 | INFO     | — scan complete — sleeping 60s —
2026-04-23 11:40:08,779 | INFO     | [EURUSD] Position open — skipping.
2026-04-23 11:40:08,780 | INFO     | [GBPUSD] Position open — skipping.
2026-04-23 11:40:08,780 | INFO     | [USDJPY] Position open — skipping.
2026-04-23 11:40:08,781 | INFO     | — scan complete — sleeping 60s —
2026-04-23 11:41:08,783 | INFO     | [EURUSD] Position open — skipping.
2026-04-23 11:41:08,783 | INFO     | [GBPUSD] Position open — skipping.
2026-04-23 11:41:08,784 | INFO     | [USDJPY] Position open — skipping.
2026-04-23 11:41:08,784 | INFO     | — scan complete — sleeping 60s —
2026-04-23 11:42:08,786 | INFO     | [EURUSD] Position open — skipping.
2026-04-23 11:42:08,813 | INFO     | [GBPUSD] Position open — skipping.
2026-04-23 11:42:08,816 | INFO     | [USDJPY] Position open — skipping.
2026-04-23 11:42:08,831 | INFO     | — scan complete — sleeping 60s —
2026-04-23 11:43:08,841 | INFO     | [EURUSD] Position open — skipping.
2026-04-23 11:43:08,841 | INFO     | [GBPUSD] Position open — skipping.
2026-04-23 11:43:08,841 | INFO     | [USDJPY] Position open — skipping.
2026-04-23 11:43:08,841 | INFO     | — scan complete — sleeping 60s —
2026-04-23 11:44:08,842 | INFO     | [EURUSD] Position open — skipping.
2026-04-23 11:44:08,844 | INFO     | [GBPUSD] Position open — skipping.
2026-04-23 11:44:08,847 | INFO     | [USDJPY] Position open — skipping.
2026-04-23 11:44:08,847 | INFO     | — scan complete — sleeping 60s —
2026-04-23 11:45:08,848 | INFO     | [EURUSD] Position open — skipping.
2026-04-23 11:45:08,848 | INFO     | [GBPUSD] Position open — skipping.
2026-04-23 11:45:08,849 | INFO     | [USDJPY] Position open — skipping.
2026-04-23 11:45:08,849 | INFO     | — scan complete — sleeping 60s —
2026-04-23 11:55:06,088 | INFO     | [EURUSD] Position open — skipping.
2026-04-23 11:55:06,138 | INFO     | [GBPUSD] Position open — skipping.
2026-04-23 11:55:06,161 | INFO     | [USDJPY] Position open — skipping.
2026-04-23 11:55:06,169 | INFO     | — scan complete — sleeping 60s —
2026-04-23 11:56:03,222 | INFO     | [EURUSD] Position open — skipping.
2026-04-23 11:56:03,223 | INFO     | [GBPUSD] Position open — skipping.
2026-04-23 11:56:03,223 | INFO     | [USDJPY] Position open — skipping.
2026-04-23 11:56:03,223 | INFO     | — scan complete — sleeping 60s —
2026-04-23 11:57:03,224 | INFO     | [EURUSD] Position open — skipping.
2026-04-23 11:57:03,224 | INFO     | [GBPUSD] Position open — skipping.
2026-04-23 11:57:03,225 | INFO     | [USDJPY] Position open — skipping.
2026-04-23 11:57:03,226 | INFO     | — scan complete — sleeping 60s —
2026-04-23 11:58:03,227 | INFO     | [EURUSD] Position open — skipping.
2026-04-23 11:58:03,228 | INFO     | [GBPUSD] Position open — skipping.
2026-04-23 11:58:03,229 | INFO     | [USDJPY] Position open — skipping.
2026-04-23 11:58:03,229 | INFO     | — scan complete — sleeping 60s —
2026-04-23 11:59:03,231 | INFO     | [EURUSD] Position open — skipping.
2026-04-23 11:59:03,263 | INFO     | [GBPUSD] Position open — skipping.
2026-04-23 11:59:03,276 | INFO     | [USDJPY] Position open — skipping.
2026-04-23 11:59:03,284 | INFO     | — scan complete — sleeping 60s —
2026-04-23 12:00:03,292 | INFO     | [EURUSD] Position open — skipping.
2026-04-23 12:00:03,292 | INFO     | [GBPUSD] Position open — skipping.
2026-04-23 12:00:03,293 | INFO     | [USDJPY] Position open — skipping.
2026-04-23 12:00:03,293 | INFO     | — scan complete — sleeping 60s —
2026-04-23 12:01:03,294 | INFO     | [EURUSD] Position open — skipping.
2026-04-23 12:01:03,295 | INFO     | [GBPUSD] Position open — skipping.
2026-04-23 12:01:03,296 | INFO     | [USDJPY] Position open — skipping.
2026-04-23 12:01:03,296 | INFO     | — scan complete — sleeping 60s —
2026-04-23 12:02:03,299 | INFO     | [EURUSD] Position open — skipping.
2026-04-23 12:02:03,300 | INFO     | [GBPUSD] Position open — skipping.
2026-04-23 12:02:03,303 | INFO     | [USDJPY] Position open — skipping.
2026-04-23 12:02:03,304 | INFO     | — scan complete — sleeping 60s —
2026-04-23 12:03:03,305 | INFO     | [EURUSD] Position open — skipping.
2026-04-23 12:03:03,305 | INFO     | [GBPUSD] Position open — skipping.
2026-04-23 12:03:03,307 | INFO     | [USDJPY] Position open — skipping.
2026-04-23 12:03:03,307 | INFO     | — scan complete — sleeping 60s —
2026-04-23 12:04:03,307 | INFO     | [EURUSD] Position open — skipping.
2026-04-23 12:04:03,308 | INFO     | [GBPUSD] Position open — skipping.
2026-04-23 12:04:03,309 | INFO     | [USDJPY] Position open — skipping.
2026-04-23 12:04:03,309 | INFO     | — scan complete — sleeping 60s —
2026-04-23 12:05:03,310 | INFO     | [EURUSD] Position open — skipping.
2026-04-23 12:05:03,310 | INFO     | [GBPUSD] Position open — skipping.
2026-04-23 12:05:03,311 | INFO     | [USDJPY] Position open — skipping.
2026-04-23 12:05:03,311 | INFO     | — scan complete — sleeping 60s —
2026-04-23 12:06:03,312 | INFO     | [EURUSD] Position open — skipping.
2026-04-23 12:06:03,313 | INFO     | [GBPUSD] Position open — skipping.
2026-04-23 12:06:03,313 | INFO     | [USDJPY] Position open — skipping.
2026-04-23 12:06:03,314 | INFO     | — scan complete — sleeping 60s —
2026-04-23 12:07:03,315 | INFO     | [EURUSD] Position open — skipping.
2026-04-23 12:07:03,316 | INFO     | [GBPUSD] Position open — skipping.
2026-04-23 12:07:03,316 | INFO     | [USDJPY] Position open — skipping.
2026-04-23 12:07:03,317 | INFO     | — scan complete — sleeping 60s —
2026-04-23 12:08:03,318 | INFO     | [EURUSD] Position open — skipping.
2026-04-23 12:08:03,318 | INFO     | [GBPUSD] Position open — skipping.
2026-04-23 12:08:03,318 | INFO     | [USDJPY] Position open — skipping.
2026-04-23 12:08:03,318 | INFO     | — scan complete — sleeping 60s —
2026-04-23 12:09:03,319 | INFO     | [EURUSD] Position open — skipping.
2026-04-23 12:09:03,319 | INFO     | [GBPUSD] Position open — skipping.
2026-04-23 12:09:03,319 | INFO     | [USDJPY] Position open — skipping.
2026-04-23 12:09:03,319 | INFO     | — scan complete — sleeping 60s —
2026-04-23 12:10:03,320 | INFO     | [EURUSD] Position open — skipping.
2026-04-23 12:10:03,327 | INFO     | [GBPUSD] Position open — skipping.
2026-04-23 12:10:03,332 | INFO     | [USDJPY] Position open — skipping.
2026-04-23 12:10:03,338 | INFO     | — scan complete — sleeping 60s —
2026-04-23 12:11:03,340 | INFO     | [EURUSD] Position open — skipping.
2026-04-23 12:11:03,340 | INFO     | [GBPUSD] Position open — skipping.
2026-04-23 12:11:03,340 | INFO     | [USDJPY] Position open — skipping.
2026-04-23 12:11:03,340 | INFO     | — scan complete — sleeping 60s —
2026-04-23 12:12:03,341 | INFO     | [EURUSD] Position open — skipping.
2026-04-23 12:12:03,342 | INFO     | [GBPUSD] Position open — skipping.
2026-04-23 12:12:03,342 | INFO     | [USDJPY] Position open — skipping.
2026-04-23 12:12:03,342 | INFO     | — scan complete — sleeping 60s —
2026-04-23 12:13:03,343 | INFO     | [EURUSD] Position open — skipping.
2026-04-23 12:13:03,344 | INFO     | [GBPUSD] Position open — skipping.
2026-04-23 12:13:03,344 | INFO     | [USDJPY] Position open — skipping.
2026-04-23 12:13:03,344 | INFO     | — scan complete — sleeping 60s —
2026-04-23 12:14:03,344 | INFO     | [EURUSD] Position open — skipping.
2026-04-23 12:14:03,347 | INFO     | [GBPUSD] Position open — skipping.
2026-04-23 12:14:03,347 | INFO     | [USDJPY] Position open — skipping.
2026-04-23 12:14:03,348 | INFO     | — scan complete — sleeping 60s —
2026-04-23 12:15:03,352 | INFO     | [EURUSD] Position open — skipping.
2026-04-23 12:15:03,354 | INFO     | [GBPUSD] Position open — skipping.
2026-04-23 12:15:03,360 | INFO     | [USDJPY] Position open — skipping.
2026-04-23 12:15:03,360 | INFO     | — scan complete — sleeping 60s —
2026-04-23 12:16:03,363 | INFO     | [EURUSD] Position open — skipping.
2026-04-23 12:16:03,364 | INFO     | [GBPUSD] Position open — skipping.
2026-04-23 12:16:03,365 | INFO     | [USDJPY] Position open — skipping.
2026-04-23 12:16:03,365 | INFO     | — scan complete — sleeping 60s —
2026-04-23 12:17:03,367 | INFO     | [EURUSD] Position open — skipping.
2026-04-23 12:17:03,370 | INFO     | [GBPUSD] Position open — skipping.
2026-04-23 12:17:03,375 | INFO     | [USDJPY] Position open — skipping.
2026-04-23 12:17:03,378 | INFO     | — scan complete — sleeping 60s —
2026-04-23 12:18:03,379 | INFO     | [EURUSD] Position open — skipping.
2026-04-23 12:18:03,379 | INFO     | [GBPUSD] Position open — skipping.
2026-04-23 12:18:03,379 | INFO     | [USDJPY] Position open — skipping.
2026-04-23 12:18:03,379 | INFO     | — scan complete — sleeping 60s —
2026-04-23 12:19:03,380 | INFO     | [EURUSD] Position open — skipping.
2026-04-23 12:19:03,382 | INFO     | [GBPUSD] Position open — skipping.
2026-04-23 12:19:03,382 | INFO     | [USDJPY] Position open — skipping.
2026-04-23 12:19:03,383 | INFO     | — scan complete — sleeping 60s —
2026-04-23 12:20:03,385 | INFO     | [EURUSD] Position open — skipping.
2026-04-23 12:20:03,385 | INFO     | [GBPUSD] Position open — skipping.
2026-04-23 12:20:03,385 | INFO     | [USDJPY] Position open — skipping.
2026-04-23 12:20:03,385 | INFO     | — scan complete — sleeping 60s —
2026-04-23 12:21:03,386 | INFO     | [EURUSD] Position open — skipping.
2026-04-23 12:21:03,422 | INFO     | [GBPUSD] Position open — skipping.
2026-04-23 12:21:03,433 | INFO     | [USDJPY] Position open — skipping.
2026-04-23 12:21:03,442 | INFO     | — scan complete — sleeping 60s —
2026-04-23 12:22:03,447 | INFO     | [EURUSD] Position open — skipping.
2026-04-23 12:22:03,448 | INFO     | [GBPUSD] Position open — skipping.
2026-04-23 12:22:03,449 | INFO     | [USDJPY] Position open — skipping.
2026-04-23 12:22:03,449 | INFO     | — scan complete — sleeping 60s —
2026-04-23 12:23:03,450 | INFO     | [EURUSD] Position open — skipping.
2026-04-23 12:23:03,451 | INFO     | [GBPUSD] Position open — skipping.
2026-04-23 12:23:03,451 | INFO     | [USDJPY] Position open — skipping.
2026-04-23 12:23:03,451 | INFO     | — scan complete — sleeping 60s —
2026-04-23 12:24:03,452 | INFO     | [EURUSD] Position open — skipping.
2026-04-23 12:24:03,454 | INFO     | [GBPUSD] Position open — skipping.
2026-04-23 12:24:03,454 | INFO     | [USDJPY] Position open — skipping.
2026-04-23 12:24:03,455 | INFO     | — scan complete — sleeping 60s —
2026-04-23 12:25:03,457 | INFO     | [EURUSD] Position open — skipping.
2026-04-23 12:25:03,512 | INFO     | [GBPUSD] Position open — skipping.
2026-04-23 12:25:03,573 | INFO     | [USDJPY] Position open — skipping.
2026-04-23 12:25:03,581 | INFO     | — scan complete — sleeping 60s —
2026-04-23 12:26:03,587 | INFO     | [EURUSD] Position open — skipping.
2026-04-23 12:26:03,588 | INFO     | [GBPUSD] Position open — skipping.
2026-04-23 12:26:03,588 | INFO     | [USDJPY] Position open — skipping.
2026-04-23 12:26:03,588 | INFO     | — scan complete — sleeping 60s —
2026-04-23 12:27:03,589 | INFO     | [EURUSD] Position open — skipping.
2026-04-23 12:27:03,649 | INFO     | [GBPUSD] Position open — skipping.
2026-04-23 12:27:03,678 | INFO     | [USDJPY] Position open — skipping.
2026-04-23 12:27:03,688 | INFO     | — scan complete — sleeping 60s —
2026-04-23 12:28:03,701 | INFO     | [EURUSD] Position open — skipping.
2026-04-23 12:28:03,703 | INFO     | [GBPUSD] Position open — skipping.
2026-04-23 12:28:03,703 | INFO     | [USDJPY] Position open — skipping.
2026-04-23 12:28:03,704 | INFO     | — scan complete — sleeping 60s —
2026-04-23 12:29:03,706 | INFO     | [EURUSD] Position open — skipping.
2026-04-23 12:29:03,707 | INFO     | [GBPUSD] Position open — skipping.
2026-04-23 12:29:03,708 | INFO     | [USDJPY] Position open — skipping.
2026-04-23 12:29:03,708 | INFO     | — scan complete — sleeping 60s —
2026-04-23 12:30:03,709 | INFO     | [EURUSD] Position open — skipping.
2026-04-23 12:30:03,709 | INFO     | [GBPUSD] Position open — skipping.
2026-04-23 12:30:03,710 | INFO     | [USDJPY] Position open — skipping.
2026-04-23 12:30:03,713 | INFO     | — scan complete — sleeping 60s —
2026-04-23 12:31:03,714 | INFO     | [EURUSD] Position open — skipping.
2026-04-23 12:31:03,716 | INFO     | [GBPUSD] Position open — skipping.
2026-04-23 12:31:03,717 | INFO     | [USDJPY] Position open — skipping.
2026-04-23 12:31:03,717 | INFO     | — scan complete — sleeping 60s —
2026-04-23 12:32:03,720 | INFO     | [EURUSD] Position open — skipping.
2026-04-23 12:32:03,724 | INFO     | [GBPUSD] Position open — skipping.
2026-04-23 12:32:03,729 | INFO     | [USDJPY] Position open — skipping.
2026-04-23 12:32:03,733 | INFO     | — scan complete — sleeping 60s —
2026-04-23 12:33:03,739 | INFO     | [EURUSD] Position open — skipping.
2026-04-23 12:33:03,740 | INFO     | [GBPUSD] Position open — skipping.
2026-04-23 12:33:03,740 | INFO     | [USDJPY] Position open — skipping.
2026-04-23 12:33:03,740 | INFO     | — scan complete — sleeping 60s —
2026-04-23 12:34:03,742 | INFO     | [EURUSD] Position open — skipping.
2026-04-23 12:34:03,842 | INFO     | [GBPUSD] Position open — skipping.
2026-04-23 12:34:03,852 | INFO     | [USDJPY] Position open — skipping.
2026-04-23 12:34:03,860 | INFO     | — scan complete — sleeping 60s —
2026-04-23 12:35:03,871 | INFO     | [EURUSD] Position open — skipping.
2026-04-23 12:35:03,872 | INFO     | [GBPUSD] Position open — skipping.
2026-04-23 12:35:03,872 | INFO     | [USDJPY] Position open — skipping.
2026-04-23 12:35:03,872 | INFO     | — scan complete — sleeping 60s —
2026-04-23 12:36:03,873 | INFO     | [EURUSD] Position open — skipping.
2026-04-23 12:36:03,931 | INFO     | [GBPUSD] Position open — skipping.
2026-04-23 12:36:04,000 | INFO     | [USDJPY] Position open — skipping.
2026-04-23 12:36:04,008 | INFO     | — scan complete — sleeping 60s —
2026-04-23 12:37:04,022 | INFO     | [EURUSD] Position open — skipping.
2026-04-23 12:37:04,022 | INFO     | [GBPUSD] Position open — skipping.
2026-04-23 12:37:04,022 | INFO     | [USDJPY] Position open — skipping.
2026-04-23 12:37:04,023 | INFO     | — scan complete — sleeping 60s —
2026-04-23 12:38:04,023 | INFO     | [EURUSD] Position open — skipping.
2026-04-23 12:38:04,024 | INFO     | [GBPUSD] Position open — skipping.
2026-04-23 12:38:04,024 | INFO     | [USDJPY] Position open — skipping.
2026-04-23 12:38:04,025 | INFO     | — scan complete — sleeping 60s —
2026-04-23 12:39:04,027 | INFO     | [EURUSD] Position open — skipping.
2026-04-23 12:39:04,029 | INFO     | [GBPUSD] Position open — skipping.
2026-04-23 12:39:04,030 | INFO     | [USDJPY] Position open — skipping.
2026-04-23 12:39:04,030 | INFO     | — scan complete — sleeping 60s —
2026-04-23 12:40:04,031 | INFO     | [EURUSD] Position open — skipping.
2026-04-23 12:40:04,032 | INFO     | [GBPUSD] Position open — skipping.
2026-04-23 12:40:04,033 | INFO     | [USDJPY] Position open — skipping.
2026-04-23 12:40:04,033 | INFO     | — scan complete — sleeping 60s —
2026-04-23 12:41:04,035 | INFO     | [EURUSD] Position open — skipping.
2026-04-23 12:41:04,036 | INFO     | [GBPUSD] Position open — skipping.
2026-04-23 12:41:04,036 | INFO     | [USDJPY] Position open — skipping.
2026-04-23 12:41:04,036 | INFO     | — scan complete — sleeping 60s —
2026-04-23 12:42:04,037 | INFO     | [EURUSD] Position open — skipping.
2026-04-23 12:42:04,041 | INFO     | [GBPUSD] Position open — skipping.
2026-04-23 12:42:04,041 | INFO     | [USDJPY] Position open — skipping.
2026-04-23 12:42:04,042 | INFO     | — scan complete — sleeping 60s —
2026-04-23 12:43:04,043 | INFO     | [EURUSD] Position open — skipping.
2026-04-23 12:43:04,044 | INFO     | [GBPUSD] Position open — skipping.
2026-04-23 12:43:04,044 | INFO     | [USDJPY] Position open — skipping.
2026-04-23 12:43:04,044 | INFO     | — scan complete — sleeping 60s —
2026-04-23 12:44:04,045 | INFO     | [EURUSD] Position open — skipping.
2026-04-23 12:44:04,046 | INFO     | [GBPUSD] Position open — skipping.
2026-04-23 12:44:04,047 | INFO     | [USDJPY] Position open — skipping.
2026-04-23 12:44:04,047 | INFO     | — scan complete — sleeping 60s —
2026-04-23 12:45:04,048 | INFO     | [EURUSD] Position open — skipping.
2026-04-23 12:45:04,049 | INFO     | [GBPUSD] Position open — skipping.
2026-04-23 12:45:04,049 | INFO     | [USDJPY] Position open — skipping.
2026-04-23 12:45:04,050 | INFO     | — scan complete — sleeping 60s —
2026-04-23 12:46:04,050 | INFO     | [EURUSD] Position open — skipping.
2026-04-23 12:46:04,053 | INFO     | [GBPUSD] Position open — skipping.
2026-04-23 12:46:04,054 | INFO     | [USDJPY] Position open — skipping.
2026-04-23 12:46:04,054 | INFO     | — scan complete — sleeping 60s —
2026-04-23 12:47:04,056 | INFO     | [EURUSD] Position open — skipping.
2026-04-23 12:47:04,061 | INFO     | [GBPUSD] Position open — skipping.
2026-04-23 12:47:04,065 | INFO     | [USDJPY] Position open — skipping.
2026-04-23 12:47:04,069 | INFO     | — scan complete — sleeping 60s —
2026-04-23 12:48:04,076 | INFO     | [EURUSD] Position open — skipping.
2026-04-23 12:48:04,086 | INFO     | [GBPUSD] Position open — skipping.
2026-04-23 12:48:04,089 | INFO     | [USDJPY] Position open — skipping.
2026-04-23 12:48:04,090 | INFO     | — scan complete — sleeping 60s —
2026-04-23 12:49:04,091 | INFO     | [EURUSD] Position open — skipping.
2026-04-23 12:49:04,091 | INFO     | [GBPUSD] Position open — skipping.
2026-04-23 12:49:04,091 | INFO     | [USDJPY] Position open — skipping.
2026-04-23 12:49:04,091 | INFO     | — scan complete — sleeping 60s —
2026-04-23 12:50:04,092 | INFO     | [EURUSD] Position open — skipping.
2026-04-23 12:50:04,092 | INFO     | [GBPUSD] Position open — skipping.
2026-04-23 12:50:04,093 | INFO     | [USDJPY] Position open — skipping.
2026-04-23 12:50:04,093 | INFO     | — scan complete — sleeping 60s —
2026-04-23 12:51:04,094 | INFO     | [EURUSD] Position open — skipping.
2026-04-23 12:51:04,094 | INFO     | [GBPUSD] Position open — skipping.
2026-04-23 12:51:04,095 | INFO     | [USDJPY] Position open — skipping.
2026-04-23 12:51:04,095 | INFO     | — scan complete — sleeping 60s —
2026-04-23 12:52:04,096 | INFO     | [EURUSD] Position open — skipping.
2026-04-23 12:52:04,097 | INFO     | [GBPUSD] Position open — skipping.
2026-04-23 12:52:04,097 | INFO     | [USDJPY] Position open — skipping.
2026-04-23 12:52:04,097 | INFO     | — scan complete — sleeping 60s —
2026-04-23 12:53:04,098 | INFO     | [EURUSD] Position open — skipping.
2026-04-23 12:53:04,101 | INFO     | [GBPUSD] Position open — skipping.
2026-04-23 12:53:04,101 | INFO     | [USDJPY] Position open — skipping.
2026-04-23 12:53:04,102 | INFO     | — scan complete — sleeping 60s —
2026-04-23 12:54:04,103 | INFO     | [EURUSD] Position open — skipping.
2026-04-23 12:54:04,106 | INFO     | [GBPUSD] Position open — skipping.
2026-04-23 12:54:04,109 | INFO     | [USDJPY] Position open — skipping.
2026-04-23 12:54:04,109 | INFO     | — scan complete — sleeping 60s —
2026-04-23 12:55:04,110 | INFO     | [EURUSD] Position open — skipping.
2026-04-23 12:55:04,110 | INFO     | [GBPUSD] Position open — skipping.
2026-04-23 12:55:04,111 | INFO     | [USDJPY] Position open — skipping.
2026-04-23 12:55:04,111 | INFO     | — scan complete — sleeping 60s —
2026-04-23 12:56:04,113 | INFO     | [EURUSD] Position open — skipping.
2026-04-23 12:56:04,119 | INFO     | [GBPUSD] Position open — skipping.
2026-04-23 12:56:04,119 | INFO     | [USDJPY] Position open — skipping.
2026-04-23 12:56:04,119 | INFO     | — scan complete — sleeping 60s —
2026-04-23 12:57:04,120 | INFO     | [EURUSD] Position open — skipping.
2026-04-23 12:57:04,121 | INFO     | [GBPUSD] Position open — skipping.
2026-04-23 12:57:04,122 | INFO     | [USDJPY] Position open — skipping.
2026-04-23 12:57:04,122 | INFO     | — scan complete — sleeping 60s —
2026-04-23 12:58:04,124 | INFO     | [EURUSD] Position open — skipping.
2026-04-23 12:58:04,133 | INFO     | [GBPUSD] Position open — skipping.
2026-04-23 12:58:04,134 | INFO     | [USDJPY] Position open — skipping.
2026-04-23 12:58:04,135 | INFO     | — scan complete — sleeping 60s —
2026-04-23 12:59:04,136 | INFO     | [EURUSD] Position open — skipping.
2026-04-23 12:59:04,137 | INFO     | [GBPUSD] Position open — skipping.
2026-04-23 12:59:04,137 | INFO     | [USDJPY] Position open — skipping.
2026-04-23 12:59:04,138 | INFO     | — scan complete — sleeping 60s —
2026-04-23 13:00:04,140 | INFO     | [EURUSD] Position open — skipping.
2026-04-23 13:00:04,183 | INFO     | [GBPUSD] Position open — skipping.
2026-04-23 13:00:04,186 | INFO     | [USDJPY] Position open — skipping.
2026-04-23 13:00:04,186 | INFO     | — scan complete — sleeping 60s —
2026-04-23 13:01:04,187 | INFO     | [EURUSD] Position open — skipping.
2026-04-23 13:01:04,188 | INFO     | [GBPUSD] Position open — skipping.
2026-04-23 13:01:04,188 | INFO     | [USDJPY] Position open — skipping.
2026-04-23 13:01:04,188 | INFO     | — scan complete — sleeping 60s —
2026-04-23 13:02:04,189 | INFO     | [EURUSD] Position open — skipping.
2026-04-23 13:02:04,190 | INFO     | [GBPUSD] Position open — skipping.
2026-04-23 13:02:04,192 | INFO     | [USDJPY] Position open — skipping.
2026-04-23 13:02:04,193 | INFO     | — scan complete — sleeping 60s —
2026-04-23 13:03:04,197 | INFO     | [EURUSD] Position open — skipping.
2026-04-23 13:03:04,198 | INFO     | [GBPUSD] Position open — skipping.
2026-04-23 13:03:04,198 | INFO     | [USDJPY] Position open — skipping.
2026-04-23 13:03:04,199 | INFO     | — scan complete — sleeping 60s —
2026-04-23 13:04:04,200 | INFO     | [EURUSD] Position open — skipping.
2026-04-23 13:04:04,200 | INFO     | [GBPUSD] Position open — skipping.
2026-04-23 13:04:04,201 | INFO     | [USDJPY] Position open — skipping.
2026-04-23 13:04:04,201 | INFO     | — scan complete — sleeping 60s —
2026-04-23 13:05:04,202 | INFO     | [EURUSD] Position open — skipping.
2026-04-23 13:05:04,203 | INFO     | [GBPUSD] Position open — skipping.
2026-04-23 13:05:04,203 | INFO     | [USDJPY] Position open — skipping.
2026-04-23 13:05:04,203 | INFO     | — scan complete — sleeping 60s —
2026-04-23 13:06:04,204 | INFO     | [EURUSD] Position open — skipping.
2026-04-23 13:06:04,205 | INFO     | [GBPUSD] Position open — skipping.
2026-04-23 13:06:04,205 | INFO     | [USDJPY] Position open — skipping.
2026-04-23 13:06:04,206 | INFO     | — scan complete — sleeping 60s —
2026-04-23 13:07:04,207 | INFO     | [EURUSD] Position open — skipping.
2026-04-23 13:07:04,208 | INFO     | [GBPUSD] Position open — skipping.
2026-04-23 13:07:04,209 | INFO     | [USDJPY] Position open — skipping.
2026-04-23 13:07:04,209 | INFO     | — scan complete — sleeping 60s —
2026-04-23 13:08:04,210 | INFO     | [EURUSD] Position open — skipping.
2026-04-23 13:08:04,234 | INFO     | [GBPUSD] Position open — skipping.
2026-04-23 13:08:04,234 | INFO     | [USDJPY] Position open — skipping.
2026-04-23 13:08:04,234 | INFO     | — scan complete — sleeping 60s —
2026-04-23 13:09:04,236 | INFO     | [EURUSD] Position open — skipping.
2026-04-23 13:09:04,237 | INFO     | [GBPUSD] Position open — skipping.
2026-04-23 13:09:04,238 | INFO     | [USDJPY] Position open — skipping.
2026-04-23 13:09:04,238 | INFO     | — scan complete — sleeping 60s —
2026-04-23 13:10:04,240 | INFO     | [EURUSD] Position open — skipping.
2026-04-23 13:10:04,259 | INFO     | [GBPUSD] Position open — skipping.
2026-04-23 13:10:04,259 | INFO     | [USDJPY] Position open — skipping.
2026-04-23 13:10:04,260 | INFO     | — scan complete — sleeping 60s —
2026-04-23 13:11:04,261 | INFO     | [EURUSD] Position open — skipping.
2026-04-23 13:11:04,261 | INFO     | [GBPUSD] Position open — skipping.
2026-04-23 13:11:04,261 | INFO     | [USDJPY] Position open — skipping.
2026-04-23 13:11:04,261 | INFO     | — scan complete — sleeping 60s —
2026-04-23 13:12:04,261 | INFO     | [EURUSD] Position open — skipping.
2026-04-23 13:12:04,262 | INFO     | [GBPUSD] Position open — skipping.
2026-04-23 13:12:04,262 | INFO     | [USDJPY] Position open — skipping.
2026-04-23 13:12:04,263 | INFO     | — scan complete — sleeping 60s —
2026-04-23 13:13:04,267 | INFO     | [EURUSD] Position open — skipping.
2026-04-23 13:13:04,268 | INFO     | [GBPUSD] Position open — skipping.
2026-04-23 13:13:04,268 | INFO     | [USDJPY] Position open — skipping.
2026-04-23 13:13:04,269 | INFO     | — scan complete — sleeping 60s —
2026-04-23 13:14:04,270 | INFO     | [EURUSD] Position open — skipping.
2026-04-23 13:14:04,356 | INFO     | [GBPUSD] Position open — skipping.
2026-04-23 13:14:04,357 | INFO     | [USDJPY] Position open — skipping.
2026-04-23 13:14:04,357 | INFO     | — scan complete — sleeping 60s —
2026-04-23 13:15:04,359 | INFO     | [EURUSD] Position open — skipping.
2026-04-23 13:15:04,359 | INFO     | [GBPUSD] Position open — skipping.
2026-04-23 13:15:04,359 | INFO     | [USDJPY] Position open — skipping.
2026-04-23 13:15:04,359 | INFO     | — scan complete — sleeping 60s —
2026-04-23 13:16:04,361 | INFO     | [EURUSD] Position open — skipping.
2026-04-23 13:16:04,363 | INFO     | [GBPUSD] Position open — skipping.
2026-04-23 13:16:04,364 | INFO     | [USDJPY] Position open — skipping.
2026-04-23 13:16:04,365 | INFO     | — scan complete — sleeping 60s —
2026-04-23 13:17:04,365 | INFO     | [EURUSD] Position open — skipping.
2026-04-23 13:17:04,366 | INFO     | [GBPUSD] Position open — skipping.
2026-04-23 13:17:04,366 | INFO     | [USDJPY] Position open — skipping.
2026-04-23 13:17:04,366 | INFO     | — scan complete — sleeping 60s —
2026-04-23 13:18:04,367 | INFO     | [EURUSD] Position open — skipping.
2026-04-23 13:18:04,367 | INFO     | [GBPUSD] Position open — skipping.
2026-04-23 13:18:04,368 | INFO     | [USDJPY] Position open — skipping.
2026-04-23 13:18:04,369 | INFO     | — scan complete — sleeping 60s —
2026-04-23 13:19:04,370 | INFO     | [EURUSD] Position open — skipping.
2026-04-23 13:19:04,370 | INFO     | [GBPUSD] Position open — skipping.
2026-04-23 13:19:04,370 | INFO     | [USDJPY] Position open — skipping.
2026-04-23 13:19:04,370 | INFO     | — scan complete — sleeping 60s —
2026-04-23 13:20:04,370 | INFO     | [EURUSD] Position open — skipping.
2026-04-23 13:20:04,371 | INFO     | [GBPUSD] Position open — skipping.
2026-04-23 13:20:04,371 | INFO     | [USDJPY] Position open — skipping.
2026-04-23 13:20:04,372 | INFO     | — scan complete — sleeping 60s —
2026-04-23 13:21:04,373 | INFO     | [EURUSD] Position open — skipping.
2026-04-23 13:21:04,374 | INFO     | [GBPUSD] Position open — skipping.
2026-04-23 13:21:04,375 | INFO     | [USDJPY] Position open — skipping.
2026-04-23 13:21:04,375 | INFO     | — scan complete — sleeping 60s —
2026-04-23 13:22:04,376 | INFO     | [EURUSD] Position open — skipping.
2026-04-23 13:22:04,377 | INFO     | [GBPUSD] Position open — skipping.
2026-04-23 13:22:04,378 | INFO     | [USDJPY] Position open — skipping.
2026-04-23 13:22:04,378 | INFO     | — scan complete — sleeping 60s —
2026-04-23 13:23:04,379 | INFO     | [EURUSD] Position open — skipping.
2026-04-23 13:23:04,380 | INFO     | [GBPUSD] Position open — skipping.
2026-04-23 13:23:04,381 | INFO     | [USDJPY] Position open — skipping.
2026-04-23 13:23:04,381 | INFO     | — scan complete — sleeping 60s —
2026-04-23 13:24:04,383 | INFO     | [EURUSD] Position open — skipping.
2026-04-23 13:24:04,384 | INFO     | [GBPUSD] Position open — skipping.
2026-04-23 13:24:04,384 | INFO     | [USDJPY] Position open — skipping.
2026-04-23 13:24:04,384 | INFO     | — scan complete — sleeping 60s —
2026-04-23 13:25:04,386 | INFO     | [EURUSD] Position open — skipping.
2026-04-23 13:25:04,438 | INFO     | [GBPUSD] Position open — skipping.
2026-04-23 13:25:04,439 | INFO     | [USDJPY] Position open — skipping.
2026-04-23 13:25:04,440 | INFO     | — scan complete — sleeping 60s —
2026-04-23 13:26:04,441 | INFO     | [EURUSD] Position open — skipping.
2026-04-23 13:26:04,441 | INFO     | [GBPUSD] Position open — skipping.
2026-04-23 13:26:04,441 | INFO     | [USDJPY] Position open — skipping.
2026-04-23 13:26:04,441 | INFO     | — scan complete — sleeping 60s —
2026-04-23 13:27:04,442 | INFO     | [EURUSD] Position open — skipping.
2026-04-23 13:27:04,443 | INFO     | [GBPUSD] Position open — skipping.
2026-04-23 13:27:04,443 | INFO     | [USDJPY] Position open — skipping.
2026-04-23 13:27:04,443 | INFO     | — scan complete — sleeping 60s —
2026-04-23 13:28:04,444 | INFO     | [EURUSD] Position open — skipping.
2026-04-23 13:28:04,445 | INFO     | [GBPUSD] Position open — skipping.
2026-04-23 13:28:04,446 | INFO     | [USDJPY] Position open — skipping.
2026-04-23 13:28:04,446 | INFO     | — scan complete — sleeping 60s —
2026-04-23 13:29:04,447 | INFO     | [EURUSD] Position open — skipping.
2026-04-23 13:29:04,448 | INFO     | [GBPUSD] Position open — skipping.
2026-04-23 13:29:04,448 | INFO     | [USDJPY] Position open — skipping.
2026-04-23 13:29:04,448 | INFO     | — scan complete — sleeping 60s —
2026-04-23 13:30:04,448 | INFO     | [EURUSD] Position open — skipping.
2026-04-23 13:30:04,449 | INFO     | [GBPUSD] Position open — skipping.
2026-04-23 13:30:04,449 | INFO     | [USDJPY] Position open — skipping.
2026-04-23 13:30:04,449 | INFO     | — scan complete — sleeping 60s —
2026-04-23 13:31:04,450 | INFO     | [EURUSD] Position open — skipping.
2026-04-23 13:31:04,450 | INFO     | [GBPUSD] Position open — skipping.
2026-04-23 13:31:04,450 | INFO     | [USDJPY] Position open — skipping.
2026-04-23 13:31:04,450 | INFO     | — scan complete — sleeping 60s —
2026-04-23 13:32:04,451 | INFO     | [EURUSD] Position open — skipping.
2026-04-23 13:32:04,451 | INFO     | [GBPUSD] Position open — skipping.
2026-04-23 13:32:04,453 | INFO     | [USDJPY] Position open — skipping.
2026-04-23 13:32:04,454 | INFO     | — scan complete — sleeping 60s —
2026-04-23 13:33:04,455 | INFO     | [EURUSD] Position open — skipping.
2026-04-23 13:33:04,456 | INFO     | [GBPUSD] Position open — skipping.
2026-04-23 13:33:04,456 | INFO     | [USDJPY] Position open — skipping.
2026-04-23 13:33:04,456 | INFO     | — scan complete — sleeping 60s —
2026-04-23 13:34:04,457 | INFO     | [EURUSD] Position open — skipping.
2026-04-23 13:34:04,473 | INFO     | [GBPUSD] Position open — skipping.
2026-04-23 13:34:04,496 | INFO     | [USDJPY] Position open — skipping.
2026-04-23 13:34:04,608 | INFO     | — scan complete — sleeping 60s —
2026-04-23 13:35:04,609 | INFO     | [EURUSD] Position open — skipping.
2026-04-23 13:35:04,610 | INFO     | [GBPUSD] Position open — skipping.
2026-04-23 13:35:04,610 | INFO     | [USDJPY] Position open — skipping.
2026-04-23 13:35:04,610 | INFO     | — scan complete — sleeping 60s —
2026-04-23 13:36:04,612 | INFO     | [EURUSD] Position open — skipping.
2026-04-23 13:36:04,612 | INFO     | [GBPUSD] Position open — skipping.
2026-04-23 13:36:04,612 | INFO     | [USDJPY] Position open — skipping.
2026-04-23 13:36:04,612 | INFO     | — scan complete — sleeping 60s —
2026-04-23 13:37:04,613 | INFO     | [EURUSD] Position open — skipping.
2026-04-23 13:37:04,613 | INFO     | [GBPUSD] Position open — skipping.
2026-04-23 13:37:04,613 | INFO     | [USDJPY] Position open — skipping.
2026-04-23 13:37:04,613 | INFO     | — scan complete — sleeping 60s —
2026-04-23 13:38:04,615 | INFO     | [EURUSD] Position open — skipping.
2026-04-23 13:38:04,651 | INFO     | [GBPUSD] Position open — skipping.
2026-04-23 13:38:04,694 | INFO     | [USDJPY] Position open — skipping.
2026-04-23 13:38:04,694 | INFO     | — scan complete — sleeping 60s —
2026-04-23 13:39:04,695 | INFO     | [EURUSD] Position open — skipping.
2026-04-23 13:39:04,696 | INFO     | [GBPUSD] Position open — skipping.
2026-04-23 13:39:04,697 | INFO     | [USDJPY] Position open — skipping.
2026-04-23 13:39:04,698 | INFO     | — scan complete — sleeping 60s —
2026-04-23 13:40:04,701 | INFO     | [EURUSD] Position open — skipping.
2026-04-23 13:40:04,701 | INFO     | [GBPUSD] Position open — skipping.
2026-04-23 13:40:04,702 | INFO     | [USDJPY] Position open — skipping.
2026-04-23 13:40:04,702 | INFO     | — scan complete — sleeping 60s —
2026-04-23 13:41:04,703 | INFO     | [EURUSD] Position open — skipping.
2026-04-23 13:41:04,704 | INFO     | [GBPUSD] Position open — skipping.
2026-04-23 13:41:04,704 | INFO     | [USDJPY] Position open — skipping.
2026-04-23 13:41:04,704 | INFO     | — scan complete — sleeping 60s —
2026-04-23 13:42:04,705 | INFO     | [EURUSD] Position open — skipping.
2026-04-23 13:42:04,706 | INFO     | [GBPUSD] Position open — skipping.
2026-04-23 13:42:04,706 | INFO     | [USDJPY] Position open — skipping.
2026-04-23 13:42:04,707 | INFO     | — scan complete — sleeping 60s —
2026-04-23 13:43:04,707 | INFO     | [EURUSD] Position open — skipping.
2026-04-23 13:43:04,708 | INFO     | [GBPUSD] Position open — skipping.
2026-04-23 13:43:04,709 | INFO     | [USDJPY] Position open — skipping.
2026-04-23 13:43:04,709 | INFO     | — scan complete — sleeping 60s —
2026-04-23 13:44:04,714 | INFO     | [EURUSD] Position open — skipping.
2026-04-23 13:44:04,786 | INFO     | [GBPUSD] Position open — skipping.
2026-04-23 13:44:04,788 | INFO     | [USDJPY] Position open — skipping.
2026-04-23 13:44:04,789 | INFO     | — scan complete — sleeping 60s —
2026-04-23 13:45:04,790 | INFO     | [EURUSD] Position open — skipping.
2026-04-23 13:45:04,790 | INFO     | [GBPUSD] Position open — skipping.
2026-04-23 13:45:04,790 | INFO     | [USDJPY] Position open — skipping.
2026-04-23 13:45:04,790 | INFO     | — scan complete — sleeping 60s —
2026-04-23 13:46:04,790 | INFO     | [EURUSD] Position open — skipping.
2026-04-23 13:46:04,792 | INFO     | [GBPUSD] Position open — skipping.
2026-04-23 13:46:04,793 | INFO     | [USDJPY] Position open — skipping.
2026-04-23 13:46:04,793 | INFO     | — scan complete — sleeping 60s —
2026-04-23 13:47:04,796 | INFO     | [EURUSD] Position open — skipping.
2026-04-23 13:47:04,812 | INFO     | [GBPUSD] Position open — skipping.
2026-04-23 13:47:04,814 | INFO     | [USDJPY] Position open — skipping.
2026-04-23 13:47:04,814 | INFO     | — scan complete — sleeping 60s —
2026-04-23 13:48:04,814 | INFO     | [EURUSD] Position open — skipping.
2026-04-23 13:48:04,815 | INFO     | [GBPUSD] Position open — skipping.
2026-04-23 13:48:04,816 | INFO     | [USDJPY] Position open — skipping.
2026-04-23 13:48:04,817 | INFO     | — scan complete — sleeping 60s —
2026-04-23 13:49:04,820 | INFO     | [EURUSD] Position open — skipping.
2026-04-23 13:49:04,854 | INFO     | [GBPUSD] Position open — skipping.
2026-04-23 13:49:04,855 | INFO     | [USDJPY] Position open — skipping.
2026-04-23 13:49:04,855 | INFO     | — scan complete — sleeping 60s —
2026-04-23 13:50:04,913 | INFO     | [EURUSD] Position open — skipping.
2026-04-23 13:50:04,982 | INFO     | [GBPUSD] Position open — skipping.
2026-04-23 13:50:05,027 | INFO     | [USDJPY] Position open — skipping.
2026-04-23 13:50:05,040 | INFO     | — scan complete — sleeping 60s —
2026-04-23 13:51:05,047 | INFO     | [EURUSD] Position open — skipping.
2026-04-23 13:51:05,047 | INFO     | [GBPUSD] Position open — skipping.
2026-04-23 13:51:05,047 | INFO     | [USDJPY] Position open — skipping.
2026-04-23 13:51:05,047 | INFO     | — scan complete — sleeping 60s —
2026-04-23 13:52:05,048 | INFO     | [EURUSD] Position open — skipping.
2026-04-23 13:52:05,048 | INFO     | [GBPUSD] Position open — skipping.
2026-04-23 13:52:05,049 | INFO     | [USDJPY] Position open — skipping.
2026-04-23 13:52:05,049 | INFO     | — scan complete — sleeping 60s —
2026-04-23 13:53:05,052 | INFO     | [EURUSD] Position open — skipping.
2026-04-23 13:53:05,088 | INFO     | [GBPUSD] Position open — skipping.
2026-04-23 13:53:05,093 | INFO     | [USDJPY] Position open — skipping.
2026-04-23 13:53:05,094 | INFO     | — scan complete — sleeping 60s —
2026-04-23 13:54:05,095 | INFO     | [EURUSD] Position open — skipping.
2026-04-23 13:54:05,095 | INFO     | [GBPUSD] Position open — skipping.
2026-04-23 13:54:05,096 | INFO     | [USDJPY] Position open — skipping.
2026-04-23 13:54:05,096 | INFO     | — scan complete — sleeping 60s —
2026-04-23 13:55:05,097 | INFO     | [EURUSD] Position open — skipping.
2026-04-23 13:55:05,098 | INFO     | [GBPUSD] Position open — skipping.
2026-04-23 13:55:05,098 | INFO     | [USDJPY] Position open — skipping.
2026-04-23 13:55:05,099 | INFO     | — scan complete — sleeping 60s —
2026-04-23 13:56:05,100 | INFO     | [EURUSD] Position open — skipping.
2026-04-23 13:56:05,100 | INFO     | [GBPUSD] Position open — skipping.
2026-04-23 13:56:05,101 | INFO     | [USDJPY] Position open — skipping.
2026-04-23 13:56:05,101 | INFO     | — scan complete — sleeping 60s —
2026-04-23 13:57:05,102 | INFO     | [EURUSD] Position open — skipping.
2026-04-23 13:57:05,103 | INFO     | [GBPUSD] Position open — skipping.
2026-04-23 13:57:05,103 | INFO     | [USDJPY] Position open — skipping.
2026-04-23 13:57:05,104 | INFO     | — scan complete — sleeping 60s —
2026-04-23 13:58:05,105 | INFO     | [EURUSD] Position open — skipping.
2026-04-23 13:58:05,105 | INFO     | [GBPUSD] Position open — skipping.
2026-04-23 13:58:05,106 | INFO     | [USDJPY] Position open — skipping.
2026-04-23 13:58:05,106 | INFO     | — scan complete — sleeping 60s —
2026-04-23 13:59:05,107 | INFO     | [EURUSD] Position open — skipping.
2026-04-23 13:59:05,133 | INFO     | [GBPUSD] Position open — skipping.
2026-04-23 13:59:05,134 | INFO     | [USDJPY] Position open — skipping.
2026-04-23 13:59:05,135 | INFO     | — scan complete — sleeping 60s —
2026-04-23 14:00:05,135 | INFO     | [EURUSD] Position open — skipping.
2026-04-23 14:00:05,136 | INFO     | [GBPUSD] Position open — skipping.
2026-04-23 14:00:05,136 | INFO     | [USDJPY] Position open — skipping.
2026-04-23 14:00:05,138 | INFO     | — scan complete — sleeping 60s —
2026-04-23 14:01:05,139 | INFO     | [EURUSD] Position open — skipping.
2026-04-23 14:01:05,140 | INFO     | [GBPUSD] Position open — skipping.
2026-04-23 14:01:05,141 | INFO     | [USDJPY] Position open — skipping.
2026-04-23 14:01:05,141 | INFO     | — scan complete — sleeping 60s —
2026-04-23 14:02:05,142 | INFO     | [EURUSD] Position open — skipping.
2026-04-23 14:02:05,143 | INFO     | [GBPUSD] Position open — skipping.
2026-04-23 14:02:05,144 | INFO     | [USDJPY] Position open — skipping.
2026-04-23 14:02:05,144 | INFO     | — scan complete — sleeping 60s —
2026-04-23 14:03:05,145 | INFO     | [EURUSD] Position open — skipping.
2026-04-23 14:03:05,145 | INFO     | [GBPUSD] Position open — skipping.
2026-04-23 14:03:05,145 | INFO     | [USDJPY] Position open — skipping.
2026-04-23 14:03:05,145 | INFO     | — scan complete — sleeping 60s —
2026-04-23 14:04:05,146 | INFO     | [EURUSD] Position open — skipping.
2026-04-23 14:04:05,146 | INFO     | [GBPUSD] Position open — skipping.
2026-04-23 14:04:05,146 | INFO     | [USDJPY] Position open — skipping.
2026-04-23 14:04:05,146 | INFO     | — scan complete — sleeping 60s —
2026-04-23 14:05:05,147 | INFO     | [EURUSD] Position open — skipping.
2026-04-23 14:05:05,220 | INFO     | [GBPUSD] Position open — skipping.
2026-04-23 14:05:05,299 | INFO     | [USDJPY] Position open — skipping.
2026-04-23 14:05:05,308 | INFO     | — scan complete — sleeping 60s —
2026-04-23 14:06:05,442 | INFO     | [EURUSD] Position open — skipping.
2026-04-23 14:06:05,449 | INFO     | [GBPUSD] Position open — skipping.
2026-04-23 14:06:05,472 | INFO     | [USDJPY] Position open — skipping.
2026-04-23 14:06:05,476 | INFO     | — scan complete — sleeping 60s —
2026-04-23 14:07:05,479 | INFO     | [EURUSD] Position open — skipping.
2026-04-23 14:07:05,480 | INFO     | [GBPUSD] Position open — skipping.
2026-04-23 14:07:05,480 | INFO     | [USDJPY] Position open — skipping.
2026-04-23 14:07:05,480 | INFO     | — scan complete — sleeping 60s —
2026-04-23 14:08:05,480 | INFO     | [EURUSD] Position open — skipping.
2026-04-23 14:08:05,481 | INFO     | [GBPUSD] Position open — skipping.
2026-04-23 14:08:05,481 | INFO     | [USDJPY] Position open — skipping.
2026-04-23 14:08:05,481 | INFO     | — scan complete — sleeping 60s —
2026-04-23 14:09:05,482 | INFO     | [EURUSD] Position open — skipping.
2026-04-23 14:09:05,482 | INFO     | [GBPUSD] Position open — skipping.
2026-04-23 14:09:05,482 | INFO     | [USDJPY] Position open — skipping.
2026-04-23 14:09:05,482 | INFO     | — scan complete — sleeping 60s —
2026-04-23 14:10:05,483 | INFO     | [EURUSD] Position open — skipping.
2026-04-23 14:10:05,483 | INFO     | [GBPUSD] Position open — skipping.
2026-04-23 14:10:05,484 | INFO     | [USDJPY] Position open — skipping.
2026-04-23 14:10:05,484 | INFO     | — scan complete — sleeping 60s —
2026-04-23 14:11:05,485 | INFO     | [EURUSD] Position open — skipping.
2026-04-23 14:11:05,485 | INFO     | [GBPUSD] Position open — skipping.
2026-04-23 14:11:05,486 | INFO     | [USDJPY] Position open — skipping.
2026-04-23 14:11:05,486 | INFO     | — scan complete — sleeping 60s —
2026-04-23 14:12:05,486 | INFO     | [EURUSD] Position open — skipping.
2026-04-23 14:12:05,487 | INFO     | [GBPUSD] Position open — skipping.
2026-04-23 14:12:05,487 | INFO     | [USDJPY] Position open — skipping.
2026-04-23 14:12:05,487 | INFO     | — scan complete — sleeping 60s —
2026-04-23 14:13:05,488 | INFO     | [EURUSD] Position open — skipping.
2026-04-23 14:13:05,488 | INFO     | [GBPUSD] Position open — skipping.
2026-04-23 14:13:05,488 | INFO     | [USDJPY] Position open — skipping.
2026-04-23 14:13:05,488 | INFO     | — scan complete — sleeping 60s —
2026-04-23 14:14:05,489 | INFO     | [EURUSD] Position open — skipping.
2026-04-23 14:14:05,490 | INFO     | [GBPUSD] Position open — skipping.
2026-04-23 14:14:05,490 | INFO     | [USDJPY] Position open — skipping.
2026-04-23 14:14:05,491 | INFO     | — scan complete — sleeping 60s —
2026-04-23 14:15:05,492 | INFO     | [EURUSD] Position open — skipping.
2026-04-23 14:15:05,492 | INFO     | [GBPUSD] Position open — skipping.
2026-04-23 14:15:05,492 | INFO     | [USDJPY] Position open — skipping.
2026-04-23 14:15:05,492 | INFO     | — scan complete — sleeping 60s —
2026-04-23 14:16:05,493 | INFO     | [EURUSD] Position open — skipping.
2026-04-23 14:16:05,494 | INFO     | [GBPUSD] Position open — skipping.
2026-04-23 14:16:05,494 | INFO     | [USDJPY] Position open — skipping.
2026-04-23 14:16:05,494 | INFO     | — scan complete — sleeping 60s —
2026-04-23 14:17:05,495 | INFO     | [EURUSD] Position open — skipping.
2026-04-23 14:17:05,495 | INFO     | [GBPUSD] Position open — skipping.
2026-04-23 14:17:05,495 | INFO     | [USDJPY] Position open — skipping.
2026-04-23 14:17:05,495 | INFO     | — scan complete — sleeping 60s —
2026-04-23 14:18:05,496 | INFO     | [EURUSD] Position open — skipping.
2026-04-23 14:18:05,496 | INFO     | [GBPUSD] Position open — skipping.
2026-04-23 14:18:05,496 | INFO     | [USDJPY] Position open — skipping.
2026-04-23 14:18:05,497 | INFO     | — scan complete — sleeping 60s —
2026-04-23 14:19:05,497 | INFO     | [EURUSD] Position open — skipping.
2026-04-23 14:19:05,498 | INFO     | [GBPUSD] Position open — skipping.
2026-04-23 14:19:05,498 | INFO     | [USDJPY] Position open — skipping.
2026-04-23 14:19:05,498 | INFO     | — scan complete — sleeping 60s —
2026-04-23 14:20:05,498 | INFO     | [EURUSD] Position open — skipping.
2026-04-23 14:20:05,499 | INFO     | [GBPUSD] Position open — skipping.
2026-04-23 14:20:05,499 | INFO     | [USDJPY] Position open — skipping.
2026-04-23 14:20:05,499 | INFO     | — scan complete — sleeping 60s —
2026-04-23 14:21:05,500 | INFO     | [EURUSD] Position open — skipping.
2026-04-23 14:21:05,501 | INFO     | [GBPUSD] Position open — skipping.
2026-04-23 14:21:05,501 | INFO     | [USDJPY] Position open — skipping.
2026-04-23 14:21:05,502 | INFO     | — scan complete — sleeping 60s —
2026-04-23 14:22:05,502 | INFO     | [EURUSD] Position open — skipping.
2026-04-23 14:22:05,502 | INFO     | [GBPUSD] Position open — skipping.
2026-04-23 14:22:05,502 | INFO     | [USDJPY] Position open — skipping.
2026-04-23 14:22:05,502 | INFO     | — scan complete — sleeping 60s —
2026-04-23 14:23:05,503 | INFO     | [EURUSD] Position open — skipping.
2026-04-23 14:23:05,504 | INFO     | [GBPUSD] Position open — skipping.
2026-04-23 14:23:05,504 | INFO     | [USDJPY] Position open — skipping.
2026-04-23 14:23:05,504 | INFO     | — scan complete — sleeping 60s —
2026-04-23 14:24:05,505 | INFO     | [EURUSD] Position open — skipping.
2026-04-23 14:24:05,505 | INFO     | [GBPUSD] Position open — skipping.
2026-04-23 14:24:05,505 | INFO     | [USDJPY] Position open — skipping.
2026-04-23 14:24:05,505 | INFO     | — scan complete — sleeping 60s —
2026-04-23 14:25:05,506 | INFO     | [EURUSD] Position open — skipping.
2026-04-23 14:25:05,506 | INFO     | [GBPUSD] Position open — skipping.
2026-04-23 14:25:05,506 | INFO     | [USDJPY] Position open — skipping.
2026-04-23 14:25:05,506 | INFO     | — scan complete — sleeping 60s —
2026-04-23 14:26:05,506 | INFO     | [EURUSD] Position open — skipping.
2026-04-23 14:26:05,507 | INFO     | [GBPUSD] Position open — skipping.
2026-04-23 14:26:05,507 | INFO     | [USDJPY] Position open — skipping.
2026-04-23 14:26:05,507 | INFO     | — scan complete — sleeping 60s —
2026-04-23 14:27:05,508 | INFO     | [EURUSD] Position open — skipping.
2026-04-23 14:27:05,508 | INFO     | [GBPUSD] Position open — skipping.
2026-04-23 14:27:05,508 | INFO     | [USDJPY] Position open — skipping.
2026-04-23 14:27:05,508 | INFO     | — scan complete — sleeping 60s —
2026-04-23 14:28:05,509 | INFO     | [EURUSD] Position open — skipping.
2026-04-23 14:28:05,510 | INFO     | [GBPUSD] Position open — skipping.
2026-04-23 14:28:05,510 | INFO     | [USDJPY] Position open — skipping.
2026-04-23 14:28:05,510 | INFO     | — scan complete — sleeping 60s —
2026-04-23 14:29:05,511 | INFO     | [EURUSD] Position open — skipping.
2026-04-23 14:29:05,513 | INFO     | [GBPUSD] Position open — skipping.
2026-04-23 14:29:05,514 | INFO     | [USDJPY] Position open — skipping.
2026-04-23 14:29:05,514 | INFO     | — scan complete — sleeping 60s —
2026-04-23 14:30:05,514 | INFO     | [EURUSD] Position open — skipping.
2026-04-23 14:30:05,514 | INFO     | [GBPUSD] Position open — skipping.
2026-04-23 14:30:05,515 | INFO     | [USDJPY] Position open — skipping.
2026-04-23 14:30:05,515 | INFO     | — scan complete — sleeping 60s —
2026-04-23 14:31:05,584 | INFO     | [EURUSD] Position open — skipping.
2026-04-23 14:31:05,603 | INFO     | [GBPUSD] Position open — skipping.
2026-04-23 14:31:05,611 | INFO     | [USDJPY] Position open — skipping.
2026-04-23 14:31:05,614 | INFO     | — scan complete — sleeping 60s —
2026-04-23 14:32:05,615 | INFO     | [EURUSD] Position open — skipping.
2026-04-23 14:32:05,615 | INFO     | [GBPUSD] Position open — skipping.
2026-04-23 14:32:05,616 | INFO     | [USDJPY] Position open — skipping.
2026-04-23 14:32:05,616 | INFO     | — scan complete — sleeping 60s —
2026-04-23 14:33:05,616 | INFO     | [EURUSD] Position open — skipping.
2026-04-23 14:33:05,617 | INFO     | [GBPUSD] Position open — skipping.
2026-04-23 14:33:05,617 | INFO     | [USDJPY] Position open — skipping.
2026-04-23 14:33:05,617 | INFO     | — scan complete — sleeping 60s —
2026-04-23 14:34:05,618 | INFO     | [EURUSD] Position open — skipping.
2026-04-23 14:34:05,618 | INFO     | [GBPUSD] Position open — skipping.
2026-04-23 14:34:05,618 | INFO     | [USDJPY] Position open — skipping.
2026-04-23 14:34:05,618 | INFO     | — scan complete — sleeping 60s —
2026-04-23 14:35:05,619 | INFO     | [EURUSD] Position open — skipping.
2026-04-23 14:35:05,619 | INFO     | [GBPUSD] Position open — skipping.
2026-04-23 14:35:05,619 | INFO     | [USDJPY] Position open — skipping.
2026-04-23 14:35:05,619 | INFO     | — scan complete — sleeping 60s —
2026-04-23 14:36:05,620 | INFO     | [EURUSD] Position open — skipping.
2026-04-23 14:36:05,620 | INFO     | [GBPUSD] Position open — skipping.
2026-04-23 14:36:05,620 | INFO     | [USDJPY] Position open — skipping.
2026-04-23 14:36:05,620 | INFO     | — scan complete — sleeping 60s —
2026-04-23 14:37:05,627 | INFO     | [EURUSD] Position open — skipping.
2026-04-23 14:37:05,632 | INFO     | [GBPUSD] Position open — skipping.
2026-04-23 14:37:05,632 | INFO     | [USDJPY] Position open — skipping.
2026-04-23 14:37:05,639 | INFO     | — scan complete — sleeping 60s —
2026-04-23 14:38:05,645 | INFO     | [EURUSD] Position open — skipping.
2026-04-23 14:38:05,647 | INFO     | [GBPUSD] Position open — skipping.
2026-04-23 14:38:05,647 | INFO     | [USDJPY] Position open — skipping.
2026-04-23 14:38:05,647 | INFO     | — scan complete — sleeping 60s —
2026-04-23 14:39:05,648 | INFO     | [EURUSD] Position open — skipping.
2026-04-23 14:39:05,648 | INFO     | [GBPUSD] Position open — skipping.
2026-04-23 14:39:05,648 | INFO     | [USDJPY] Position open — skipping.
2026-04-23 14:39:05,648 | INFO     | — scan complete — sleeping 60s —
2026-04-23 14:40:05,650 | INFO     | [EURUSD] Position open — skipping.
2026-04-23 14:40:05,650 | INFO     | [GBPUSD] Position open — skipping.
2026-04-23 14:40:05,650 | INFO     | [USDJPY] Position open — skipping.
2026-04-23 14:40:05,650 | INFO     | — scan complete — sleeping 60s —
2026-04-23 14:41:05,651 | INFO     | [EURUSD] Position open — skipping.
2026-04-23 14:41:05,651 | INFO     | [GBPUSD] Position open — skipping.
2026-04-23 14:41:05,652 | INFO     | [USDJPY] Position open — skipping.
2026-04-23 14:41:05,652 | INFO     | — scan complete — sleeping 60s —
2026-04-23 14:42:05,652 | INFO     | [EURUSD] Position open — skipping.
2026-04-23 14:42:05,652 | INFO     | [GBPUSD] Position open — skipping.
2026-04-23 14:42:05,653 | INFO     | [USDJPY] Position open — skipping.
2026-04-23 14:42:05,653 | INFO     | — scan complete — sleeping 60s —
2026-04-23 14:43:05,654 | INFO     | [EURUSD] Position open — skipping.
2026-04-23 14:43:05,687 | INFO     | [GBPUSD] Position open — skipping.
2026-04-23 14:43:05,692 | INFO     | [USDJPY] Position open — skipping.
2026-04-23 14:43:05,696 | INFO     | — scan complete — sleeping 60s —
2026-04-23 14:44:05,701 | INFO     | [EURUSD] Position open — skipping.
2026-04-23 14:44:05,701 | INFO     | [GBPUSD] Position open — skipping.
2026-04-23 14:44:05,701 | INFO     | [USDJPY] Position open — skipping.
2026-04-23 14:44:05,701 | INFO     | — scan complete — sleeping 60s —
2026-04-23 14:45:05,702 | INFO     | [EURUSD] Position open — skipping.
2026-04-23 14:45:05,702 | INFO     | [GBPUSD] Position open — skipping.
2026-04-23 14:45:05,702 | INFO     | [USDJPY] Position open — skipping.
2026-04-23 14:45:05,702 | INFO     | — scan complete — sleeping 60s —
2026-04-23 14:46:05,703 | INFO     | [EURUSD] Position open — skipping.
2026-04-23 14:46:05,707 | INFO     | [GBPUSD] Position open — skipping.
2026-04-23 14:46:05,707 | INFO     | [USDJPY] Position open — skipping.
2026-04-23 14:46:05,709 | INFO     | — scan complete — sleeping 60s —
2026-04-23 14:47:05,712 | INFO     | [EURUSD] Position open — skipping.
2026-04-23 14:47:05,714 | INFO     | [GBPUSD] Position open — skipping.
2026-04-23 14:47:05,715 | INFO     | [USDJPY] Position open — skipping.
2026-04-23 14:47:05,715 | INFO     | — scan complete — sleeping 60s —
2026-04-23 14:48:05,716 | INFO     | [EURUSD] Position open — skipping.
2026-04-23 14:48:05,717 | INFO     | [GBPUSD] Position open — skipping.
2026-04-23 14:48:05,717 | INFO     | [USDJPY] Position open — skipping.
2026-04-23 14:48:05,717 | INFO     | — scan complete — sleeping 60s —
2026-04-23 14:49:05,718 | INFO     | [EURUSD] Position open — skipping.
2026-04-23 14:49:05,718 | INFO     | [GBPUSD] Position open — skipping.
2026-04-23 14:49:05,718 | INFO     | [USDJPY] Position open — skipping.
2026-04-23 14:49:05,719 | INFO     | — scan complete — sleeping 60s —
2026-04-23 14:50:05,719 | INFO     | [EURUSD] Position open — skipping.
2026-04-23 14:50:05,719 | INFO     | [GBPUSD] Position open — skipping.
2026-04-23 14:50:05,720 | INFO     | [USDJPY] Position open — skipping.
2026-04-23 14:50:05,720 | INFO     | — scan complete — sleeping 60s —
2026-04-23 14:51:05,721 | INFO     | [EURUSD] Position open — skipping.
2026-04-23 14:51:05,723 | INFO     | [GBPUSD] Position open — skipping.
2026-04-23 14:51:05,724 | INFO     | [USDJPY] Position open — skipping.
2026-04-23 14:51:05,724 | INFO     | — scan complete — sleeping 60s —
2026-04-23 14:52:05,724 | INFO     | [EURUSD] Position open — skipping.
2026-04-23 14:52:05,725 | INFO     | [GBPUSD] Position open — skipping.
2026-04-23 14:52:05,725 | INFO     | [USDJPY] Position open — skipping.
2026-04-23 14:52:05,725 | INFO     | — scan complete — sleeping 60s —
2026-04-23 14:53:05,727 | INFO     | [EURUSD] Position open — skipping.
2026-04-23 14:53:05,730 | INFO     | [GBPUSD] Position open — skipping.
2026-04-23 14:53:05,731 | INFO     | [USDJPY] Position open — skipping.
2026-04-23 14:53:05,731 | INFO     | — scan complete — sleeping 60s —
2026-04-23 14:54:05,733 | INFO     | [EURUSD] Position open — skipping.
2026-04-23 14:54:05,733 | INFO     | [GBPUSD] Position open — skipping.
2026-04-23 14:54:05,733 | INFO     | [USDJPY] Position open — skipping.
2026-04-23 14:54:05,733 | INFO     | — scan complete — sleeping 60s —
2026-04-23 14:55:05,734 | INFO     | [EURUSD] Position open — skipping.
2026-04-23 14:55:05,734 | INFO     | [GBPUSD] Position open — skipping.
2026-04-23 14:55:05,735 | INFO     | [USDJPY] Position open — skipping.
2026-04-23 14:55:05,735 | INFO     | — scan complete — sleeping 60s —
2026-04-23 14:56:05,736 | INFO     | [EURUSD] Position open — skipping.
2026-04-23 14:56:05,736 | INFO     | [GBPUSD] Position open — skipping.
2026-04-23 14:56:05,736 | INFO     | [USDJPY] Position open — skipping.
2026-04-23 14:56:05,736 | INFO     | — scan complete — sleeping 60s —
2026-04-23 14:57:05,737 | INFO     | [EURUSD] Position open — skipping.
2026-04-23 14:57:05,737 | INFO     | [GBPUSD] Position open — skipping.
2026-04-23 14:57:05,738 | INFO     | [USDJPY] Position open — skipping.
2026-04-23 14:57:05,738 | INFO     | — scan complete — sleeping 60s —
2026-04-23 14:58:05,738 | INFO     | [EURUSD] Position open — skipping.
2026-04-23 14:58:05,739 | INFO     | [GBPUSD] Position open — skipping.
2026-04-23 14:58:05,739 | INFO     | [USDJPY] Position open — skipping.
2026-04-23 14:58:05,739 | INFO     | — scan complete — sleeping 60s —
2026-04-23 14:59:05,740 | INFO     | [EURUSD] Position open — skipping.
2026-04-23 14:59:05,740 | INFO     | [GBPUSD] Position open — skipping.
2026-04-23 14:59:05,741 | INFO     | [USDJPY] Position open — skipping.
2026-04-23 14:59:05,741 | INFO     | — scan complete — sleeping 60s —
2026-04-23 15:00:05,741 | INFO     | [EURUSD] Position open — skipping.
2026-04-23 15:00:05,742 | INFO     | [GBPUSD] Position open — skipping.
2026-04-23 15:00:05,742 | INFO     | [USDJPY] Position open — skipping.
2026-04-23 15:00:05,742 | INFO     | — scan complete — sleeping 60s —
2026-04-23 15:01:05,743 | INFO     | [EURUSD] Position open — skipping.
2026-04-23 15:01:05,743 | INFO     | [GBPUSD] Position open — skipping.
2026-04-23 15:01:05,743 | INFO     | [USDJPY] Position open — skipping.
2026-04-23 15:01:05,743 | INFO     | — scan complete — sleeping 60s —
2026-04-23 15:02:05,745 | INFO     | [EURUSD] Position open — skipping.
2026-04-23 15:02:05,746 | INFO     | [GBPUSD] Position open — skipping.
2026-04-23 15:02:05,747 | INFO     | [USDJPY] Position open — skipping.
2026-04-23 15:02:05,748 | INFO     | — scan complete — sleeping 60s —
2026-04-23 15:03:05,750 | INFO     | [EURUSD] Position open — skipping.
2026-04-23 15:03:05,780 | INFO     | [GBPUSD] Position open — skipping.
2026-04-23 15:03:05,780 | INFO     | [USDJPY] Position open — skipping.
2026-04-23 15:03:05,781 | INFO     | — scan complete — sleeping 60s —
2026-04-23 15:04:05,781 | INFO     | [EURUSD] Position open — skipping.
2026-04-23 15:04:05,782 | INFO     | [GBPUSD] Position open — skipping.
2026-04-23 15:04:05,782 | INFO     | [USDJPY] Position open — skipping.
2026-04-23 15:04:05,782 | INFO     | — scan complete — sleeping 60s —
2026-04-23 15:05:05,782 | INFO     | [EURUSD] Position open — skipping.
2026-04-23 15:05:05,783 | INFO     | [GBPUSD] Position open — skipping.
2026-04-23 15:05:05,783 | INFO     | [USDJPY] Position open — skipping.
2026-04-23 15:05:05,783 | INFO     | — scan complete — sleeping 60s —
2026-04-23 15:06:05,784 | INFO     | [EURUSD] Position open — skipping.
2026-04-23 15:06:05,784 | INFO     | [GBPUSD] Position open — skipping.
2026-04-23 15:06:05,784 | INFO     | [USDJPY] Position open — skipping.
2026-04-23 15:06:05,785 | INFO     | — scan complete — sleeping 60s —
2026-04-23 15:07:05,785 | INFO     | [EURUSD] Position open — skipping.
2026-04-23 15:07:05,785 | INFO     | [GBPUSD] Position open — skipping.
2026-04-23 15:07:05,786 | INFO     | [USDJPY] Position open — skipping.
2026-04-23 15:07:05,786 | INFO     | — scan complete — sleeping 60s —
2026-04-23 15:08:05,788 | INFO     | [EURUSD] Position open — skipping.
2026-04-23 15:08:05,877 | INFO     | [GBPUSD] Position open — skipping.
2026-04-23 15:08:05,877 | INFO     | [USDJPY] Position open — skipping.
2026-04-23 15:08:05,878 | INFO     | — scan complete — sleeping 60s —
2026-04-23 15:09:05,879 | INFO     | [EURUSD] Position open — skipping.
2026-04-23 15:09:05,879 | INFO     | [GBPUSD] Position open — skipping.
2026-04-23 15:09:05,880 | INFO     | [USDJPY] Position open — skipping.
2026-04-23 15:09:05,880 | INFO     | — scan complete — sleeping 60s —
2026-04-23 15:10:05,881 | INFO     | [EURUSD] Position open — skipping.
2026-04-23 15:10:05,881 | INFO     | [GBPUSD] Position open — skipping.
2026-04-23 15:10:05,882 | INFO     | [USDJPY] Position open — skipping.
2026-04-23 15:10:05,882 | INFO     | — scan complete — sleeping 60s —
2026-04-23 15:11:05,883 | INFO     | [EURUSD] Position open — skipping.
2026-04-23 15:11:05,883 | INFO     | [GBPUSD] Position open — skipping.
2026-04-23 15:11:05,884 | INFO     | [USDJPY] Position open — skipping.
2026-04-23 15:11:05,884 | INFO     | — scan complete — sleeping 60s —
2026-04-23 15:12:05,885 | INFO     | [EURUSD] Position open — skipping.
2026-04-23 15:12:05,885 | INFO     | [GBPUSD] Position open — skipping.
2026-04-23 15:12:05,886 | INFO     | [USDJPY] Position open — skipping.
2026-04-23 15:12:05,886 | INFO     | — scan complete — sleeping 60s —
2026-04-23 15:13:05,887 | INFO     | [EURUSD] Position open — skipping.
2026-04-23 15:13:05,887 | INFO     | [GBPUSD] Position open — skipping.
2026-04-23 15:13:05,887 | INFO     | [USDJPY] Position open — skipping.
2026-04-23 15:13:05,887 | INFO     | — scan complete — sleeping 60s —
2026-04-23 15:14:05,890 | INFO     | [EURUSD] Position open — skipping.
2026-04-23 15:14:05,891 | INFO     | [GBPUSD] Position open — skipping.
2026-04-23 15:14:05,891 | INFO     | [USDJPY] Position open — skipping.
2026-04-23 15:14:05,891 | INFO     | — scan complete — sleeping 60s —
2026-04-23 15:15:05,893 | INFO     | [EURUSD] Position open — skipping.
2026-04-23 15:15:05,976 | INFO     | [GBPUSD] Position open — skipping.
2026-04-23 15:15:05,983 | INFO     | [USDJPY] Position open — skipping.
2026-04-23 15:15:05,983 | INFO     | — scan complete — sleeping 60s —
2026-04-23 15:16:06,004 | INFO     | [EURUSD] Position open — skipping.
2026-04-23 15:16:06,005 | INFO     | [GBPUSD] Position open — skipping.
2026-04-23 15:16:06,005 | INFO     | [USDJPY] Position open — skipping.
2026-04-23 15:16:06,005 | INFO     | — scan complete — sleeping 60s —
2026-04-23 15:17:06,006 | INFO     | [EURUSD] Position open — skipping.
2026-04-23 15:17:06,006 | INFO     | [GBPUSD] Position open — skipping.
2026-04-23 15:17:06,007 | INFO     | [USDJPY] Position open — skipping.
2026-04-23 15:17:06,007 | INFO     | — scan complete — sleeping 60s —
2026-04-23 15:18:06,008 | INFO     | [EURUSD] Position open — skipping.
2026-04-23 15:18:06,008 | INFO     | [GBPUSD] Position open — skipping.
2026-04-23 15:18:06,008 | INFO     | [USDJPY] Position open — skipping.
2026-04-23 15:18:06,008 | INFO     | — scan complete — sleeping 60s —
2026-04-23 15:19:06,009 | INFO     | [EURUSD] Position open — skipping.
2026-04-23 15:19:06,009 | INFO     | [GBPUSD] Position open — skipping.
2026-04-23 15:19:06,010 | INFO     | [USDJPY] Position open — skipping.
2026-04-23 15:19:06,010 | INFO     | — scan complete — sleeping 60s —
2026-04-23 15:20:06,010 | INFO     | [EURUSD] Position open — skipping.
2026-04-23 15:20:06,011 | INFO     | [GBPUSD] Position open — skipping.
2026-04-23 15:20:06,011 | INFO     | [USDJPY] Position open — skipping.
2026-04-23 15:20:06,011 | INFO     | — scan complete — sleeping 60s —
2026-04-23 15:21:06,012 | INFO     | [EURUSD] Position open — skipping.
2026-04-23 15:21:06,033 | INFO     | [GBPUSD] Position open — skipping.
2026-04-23 15:21:06,041 | INFO     | [USDJPY] Position open — skipping.
2026-04-23 15:21:06,041 | INFO     | — scan complete — sleeping 60s —
2026-04-23 15:22:06,046 | INFO     | [EURUSD] Position open — skipping.
2026-04-23 15:22:06,059 | INFO     | [GBPUSD] Position open — skipping.
2026-04-23 15:22:06,060 | INFO     | [USDJPY] Position open — skipping.
2026-04-23 15:22:06,067 | INFO     | — scan complete — sleeping 60s —
2026-04-23 15:23:06,070 | INFO     | [EURUSD] Position open — skipping.
2026-04-23 15:23:06,070 | INFO     | [GBPUSD] Position open — skipping.
2026-04-23 15:23:06,070 | INFO     | [USDJPY] Position open — skipping.
2026-04-23 15:23:06,070 | INFO     | — scan complete — sleeping 60s —
2026-04-23 15:24:06,071 | INFO     | [EURUSD] Position open — skipping.
2026-04-23 15:24:06,071 | INFO     | [GBPUSD] Position open — skipping.
2026-04-23 15:24:06,071 | INFO     | [USDJPY] Position open — skipping.
2026-04-23 15:24:06,072 | INFO     | — scan complete — sleeping 60s —
2026-04-23 15:25:06,087 | INFO     | [EURUSD] Position open — skipping.
2026-04-23 15:25:06,100 | INFO     | [GBPUSD] Position open — skipping.
2026-04-23 15:25:06,119 | INFO     | [USDJPY] Position open — skipping.
2026-04-23 15:25:06,123 | INFO     | — scan complete — sleeping 60s —
2026-04-23 15:26:06,124 | INFO     | [EURUSD] Position open — skipping.
2026-04-23 15:26:06,124 | INFO     | [GBPUSD] Position open — skipping.
2026-04-23 15:26:06,125 | INFO     | [USDJPY] Position open — skipping.
2026-04-23 15:26:06,125 | INFO     | — scan complete — sleeping 60s —
2026-04-23 15:27:06,125 | INFO     | [EURUSD] Position open — skipping.
2026-04-23 15:27:06,126 | INFO     | [GBPUSD] Position open — skipping.
2026-04-23 15:27:06,126 | INFO     | [USDJPY] Position open — skipping.
2026-04-23 15:27:06,126 | INFO     | — scan complete — sleeping 60s —
2026-04-23 15:28:06,129 | INFO     | [EURUSD] Position open — skipping.
2026-04-23 15:28:06,135 | INFO     | [GBPUSD] Position open — skipping.
2026-04-23 15:28:06,136 | INFO     | [USDJPY] Position open — skipping.
2026-04-23 15:28:06,136 | INFO     | — scan complete — sleeping 60s —
2026-04-23 15:29:06,137 | INFO     | [EURUSD] Position open — skipping.
2026-04-23 15:29:06,137 | INFO     | [GBPUSD] Position open — skipping.
2026-04-23 15:29:06,137 | INFO     | [USDJPY] Position open — skipping.
2026-04-23 15:29:06,137 | INFO     | — scan complete — sleeping 60s —
2026-04-23 15:30:06,138 | INFO     | [EURUSD] Position open — skipping.
2026-04-23 15:30:06,138 | INFO     | [GBPUSD] Position open — skipping.
2026-04-23 15:30:06,139 | INFO     | [USDJPY] Position open — skipping.
2026-04-23 15:30:06,139 | INFO     | — scan complete — sleeping 60s —
2026-04-23 15:31:06,139 | INFO     | [EURUSD] Position open — skipping.
2026-04-23 15:31:06,182 | INFO     | [GBPUSD] Position open — skipping.
2026-04-23 15:31:06,188 | INFO     | [USDJPY] Position open — skipping.
2026-04-23 15:31:06,191 | INFO     | — scan complete — sleeping 60s —
2026-04-23 15:32:06,202 | INFO     | [EURUSD] Position open — skipping.
2026-04-23 15:32:06,203 | INFO     | [GBPUSD] Position open — skipping.
2026-04-23 15:32:06,203 | INFO     | [USDJPY] Position open — skipping.
2026-04-23 15:32:06,203 | INFO     | — scan complete — sleeping 60s —
2026-04-23 15:33:06,204 | INFO     | [EURUSD] Position open — skipping.
2026-04-23 15:33:06,272 | INFO     | [GBPUSD] Position open — skipping.
2026-04-23 15:33:06,285 | INFO     | [USDJPY] Position open — skipping.
2026-04-23 15:33:06,299 | INFO     | — scan complete — sleeping 60s —
2026-04-23 15:34:06,300 | INFO     | [EURUSD] Position open — skipping.
2026-04-23 15:34:06,300 | INFO     | [GBPUSD] Position open — skipping.
2026-04-23 15:34:06,301 | INFO     | [USDJPY] Position open — skipping.
2026-04-23 15:34:06,301 | INFO     | — scan complete — sleeping 60s —
2026-04-23 15:35:06,302 | INFO     | [EURUSD] Position open — skipping.
2026-04-23 15:35:06,302 | INFO     | [GBPUSD] Position open — skipping.
2026-04-23 15:35:06,303 | INFO     | [USDJPY] Position open — skipping.
2026-04-23 15:35:06,303 | INFO     | — scan complete — sleeping 60s —
2026-04-23 15:36:06,304 | INFO     | [EURUSD] Position open — skipping.
2026-04-23 15:36:06,304 | INFO     | [GBPUSD] Position open — skipping.
2026-04-23 15:36:06,304 | INFO     | [USDJPY] Position open — skipping.
2026-04-23 15:36:06,304 | INFO     | — scan complete — sleeping 60s —
2026-04-23 15:36:45,540 | INFO     | ============================================================
2026-04-23 15:36:45,541 | INFO     |   FOREX BOT STARTING
2026-04-23 15:36:45,541 | INFO     |   Symbols      : ['EURUSD', 'GBPUSD', 'USDJPY']
2026-04-23 15:36:45,541 | INFO     |   Entry TF     : M15
2026-04-23 15:36:45,541 | INFO     |   Trend Filter : H1 (ENABLED)
2026-04-23 15:36:45,541 | INFO     |   Risk/trade   : 1.0%  |  Max DD: 10.0%
2026-04-23 15:36:45,541 | INFO     | ============================================================
2026-04-23 15:36:45,577 | INFO     | Mapped symbol EURUSD -> EURUSDm
2026-04-23 15:36:45,577 | INFO     | Mapped symbol GBPUSD -> GBPUSDm
2026-04-23 15:36:45,577 | INFO     | Mapped symbol USDJPY -> USDJPYm
2026-04-23 15:36:45,577 | INFO     | Connected | Account #413646889 | Balance: 96.90 | Equity: 98.35
2026-04-23 15:36:45,578 | INFO     | Training ML models (this may take a moment)...
2026-04-23 15:36:47,811 | INFO     | [EURUSD] ML trained | val accuracy: 68.4%
2026-04-23 15:36:50,024 | INFO     | [GBPUSD] ML trained | val accuracy: 67.9%
2026-04-23 15:36:52,274 | INFO     | [USDJPY] ML trained | val accuracy: 66.3%
2026-04-23 15:36:52,283 | INFO     | ML models ready.
2026-04-23 15:36:52,283 | INFO     | [EURUSD] Position open — skipping.
2026-04-23 15:36:52,284 | INFO     | [GBPUSD] Position open — skipping.
2026-04-23 15:36:52,284 | INFO     | [USDJPY] Position open — skipping.
2026-04-23 15:36:52,284 | INFO     | — scan complete — sleeping 60s —
2026-04-23 15:37:06,305 | INFO     | [EURUSD] Position open — skipping.
2026-04-23 15:37:06,305 | INFO     | [GBPUSD] Position open — skipping.
2026-04-23 15:37:06,305 | INFO     | [USDJPY] Position open — skipping.
2026-04-23 15:37:06,305 | INFO     | — scan complete — sleeping 60s —
2026-04-23 15:37:38,123 | INFO     | Bot stopped by user (Ctrl+C).
2026-04-23 15:37:38,124 | INFO     | MT5 disconnected. Goodbye.
2026-04-23 15:38:06,305 | INFO     | [EURUSD] Position open — skipping.
2026-04-23 15:38:06,308 | INFO     | [GBPUSD] Position open — skipping.
2026-04-23 15:38:06,309 | INFO     | [USDJPY] Position open — skipping.
2026-04-23 15:38:06,309 | INFO     | — scan complete — sleeping 60s —
2026-04-23 15:39:06,309 | INFO     | [EURUSD] Position open — skipping.
2026-04-23 15:39:06,310 | INFO     | [GBPUSD] Position open — skipping.
2026-04-23 15:39:06,310 | INFO     | [USDJPY] Position open — skipping.
2026-04-23 15:39:06,310 | INFO     | — scan complete — sleeping 60s —
2026-04-23 15:39:56,684 | INFO     | ============================================================
2026-04-23 15:39:56,684 | INFO     |   FOREX BOT STARTING
2026-04-23 15:39:56,684 | INFO     |   Symbols      : ['EURUSD', 'GBPUSD', 'USDJPY']
2026-04-23 15:39:56,684 | INFO     |   Entry TF     : H1
2026-04-23 15:39:56,684 | INFO     |   Trend Filter : DISABLED
2026-04-23 15:39:56,685 | INFO     |   Risk/trade   : 1.0%  |  Max DD: 10.0%
2026-04-23 15:39:56,685 | INFO     | ============================================================
2026-04-23 15:39:56,703 | INFO     | Mapped symbol EURUSD -> EURUSDm
2026-04-23 15:39:56,703 | INFO     | Mapped symbol GBPUSD -> GBPUSDm
2026-04-23 15:39:56,703 | INFO     | Mapped symbol USDJPY -> USDJPYm
2026-04-23 15:39:56,703 | INFO     | Connected | Account #413646889 | Balance: 96.90 | Equity: 99.14
2026-04-23 15:39:56,704 | INFO     | Training ML models (this may take a moment)...
2026-04-23 15:39:58,790 | INFO     | [EURUSD] ML trained | val accuracy: 37.2%
2026-04-23 15:40:00,876 | INFO     | [GBPUSD] ML trained | val accuracy: 32.7%
2026-04-23 15:40:02,959 | INFO     | [USDJPY] ML trained | val accuracy: 40.3%
2026-04-23 15:40:02,968 | INFO     | ML models ready.
2026-04-23 15:40:02,969 | INFO     | [EURUSD] Position open — skipping.
2026-04-23 15:40:02,969 | INFO     | [GBPUSD] Position open — skipping.
2026-04-23 15:40:02,969 | INFO     | [USDJPY] Position open — skipping.
2026-04-23 15:40:02,969 | INFO     | — scan complete — sleeping 60s —
2026-04-23 15:40:06,310 | INFO     | [EURUSD] Position open — skipping.
2026-04-23 15:40:06,311 | INFO     | [GBPUSD] Position open — skipping.
2026-04-23 15:40:06,311 | INFO     | [USDJPY] Position open — skipping.
2026-04-23 15:40:06,311 | INFO     | — scan complete — sleeping 60s —
2026-04-23 15:40:20,434 | INFO     | Bot stopped by user (Ctrl+C).
2026-04-23 15:40:20,434 | INFO     | MT5 disconnected. Goodbye.
2026-04-23 15:41:06,311 | INFO     | [EURUSD] Position open — skipping.
2026-04-23 15:41:06,312 | INFO     | [GBPUSD] Position open — skipping.
2026-04-23 15:41:06,312 | INFO     | [USDJPY] Position open — skipping.
2026-04-23 15:41:06,312 | INFO     | — scan complete — sleeping 60s —
2026-04-23 15:42:06,313 | INFO     | [EURUSD] Position open — skipping.
2026-04-23 15:42:06,313 | INFO     | [GBPUSD] Position open — skipping.
2026-04-23 15:42:06,314 | INFO     | [USDJPY] Position open — skipping.
2026-04-23 15:42:06,314 | INFO     | — scan complete — sleeping 60s —
2026-04-23 15:42:11,370 | INFO     | ============================================================
2026-04-23 15:42:11,370 | INFO     |   FOREX BOT STARTING
2026-04-23 15:42:11,370 | INFO     |   Symbols      : ['EURUSD', 'GBPUSD', 'USDJPY']
2026-04-23 15:42:11,370 | INFO     |   Entry TF     : H1
2026-04-23 15:42:11,370 | INFO     |   Trend Filter : DISABLED
2026-04-23 15:42:11,370 | INFO     |   Risk/trade   : 1.0%  |  Max DD: 10.0%
2026-04-23 15:42:11,371 | INFO     | ============================================================
2026-04-23 15:42:11,387 | INFO     | Mapped symbol EURUSD -> EURUSDm
2026-04-23 15:42:11,387 | INFO     | Mapped symbol GBPUSD -> GBPUSDm
2026-04-23 15:42:11,387 | INFO     | Mapped symbol USDJPY -> USDJPYm
2026-04-23 15:42:11,387 | INFO     | Connected | Account #413646889 | Balance: 96.90 | Equity: 99.33
2026-04-23 15:42:11,387 | INFO     | Training ML models (this may take a moment)...
2026-04-23 15:42:13,632 | INFO     | [EURUSD] ML trained (H1) | val accuracy: 86.2%
2026-04-23 15:42:15,858 | INFO     | [GBPUSD] ML trained (H1) | val accuracy: 80.6%
2026-04-23 15:42:18,129 | INFO     | [USDJPY] ML trained (H1) | val accuracy: 88.3%
2026-04-23 15:42:18,143 | INFO     | ML models ready.
2026-04-23 15:42:18,143 | INFO     | [EURUSD] Position open — skipping.
2026-04-23 15:42:18,143 | INFO     | [GBPUSD] Position open — skipping.
2026-04-23 15:42:18,143 | INFO     | [USDJPY] Position open — skipping.
2026-04-23 15:42:18,143 | INFO     | — scan complete — sleeping 60s —
2026-04-23 15:43:06,315 | INFO     | [EURUSD] Position open — skipping.
2026-04-23 15:43:06,315 | INFO     | [GBPUSD] Position open — skipping.
2026-04-23 15:43:06,316 | INFO     | [USDJPY] Position open — skipping.
2026-04-23 15:43:06,316 | INFO     | — scan complete — sleeping 60s —
2026-04-23 15:43:40,438 | INFO     | ============================================================
2026-04-23 15:43:40,438 | INFO     |   FOREX BOT STARTING
2026-04-23 15:43:40,438 | INFO     |   Symbols      : ['EURUSD', 'GBPUSD', 'USDJPY']
2026-04-23 15:43:40,439 | INFO     |   Entry TF     : H1
2026-04-23 15:43:40,439 | INFO     |   Trend Filter : DISABLED
2026-04-23 15:43:40,439 | INFO     |   Risk/trade   : 1.0%  |  Max DD: 10.0%
2026-04-23 15:43:40,439 | INFO     | ============================================================
2026-04-23 15:43:40,455 | INFO     | Mapped symbol EURUSD -> EURUSDm
2026-04-23 15:43:40,456 | INFO     | Mapped symbol GBPUSD -> GBPUSDm
2026-04-23 15:43:40,456 | INFO     | Mapped symbol USDJPY -> USDJPYm
2026-04-23 15:43:40,456 | INFO     | Connected | Account #413646889 | Balance: 96.90 | Equity: 99.51
2026-04-23 15:43:40,456 | INFO     | Training ML models (this may take a moment)...
2026-04-23 15:43:42,580 | INFO     | [EURUSD] ML trained (H1) | val accuracy: 86.2%
2026-04-23 15:43:44,685 | INFO     | [GBPUSD] ML trained (H1) | val accuracy: 80.6%
2026-04-23 15:43:46,744 | INFO     | [USDJPY] ML trained (H1) | val accuracy: 88.3%
2026-04-23 15:43:46,753 | INFO     | ML models ready.
2026-04-23 15:43:46,753 | INFO     | [EURUSD] Position open — skipping.
2026-04-23 15:43:46,754 | INFO     | [GBPUSD] Position open — skipping.
2026-04-23 15:43:46,754 | INFO     | [USDJPY] Position open — skipping.
2026-04-23 15:43:46,754 | INFO     | — scan complete — sleeping 60s —
2026-04-23 15:44:06,318 | INFO     | [EURUSD] Position open — skipping.
2026-04-23 15:44:06,360 | INFO     | [GBPUSD] Position open — skipping.
2026-04-23 15:44:06,360 | INFO     | [USDJPY] Position open — skipping.
2026-04-23 15:44:06,360 | INFO     | — scan complete — sleeping 60s —
2026-04-23 15:44:46,754 | INFO     | [EURUSD] Position open — skipping.
2026-04-23 15:44:46,755 | INFO     | [GBPUSD] Position open — skipping.
2026-04-23 15:44:46,755 | INFO     | [USDJPY] Position open — skipping.
2026-04-23 15:44:46,756 | INFO     | — scan complete — sleeping 60s —
2026-04-23 15:45:06,361 | INFO     | [EURUSD] Position open — skipping.
2026-04-23 15:45:06,361 | INFO     | [GBPUSD] Position open — skipping.
2026-04-23 15:45:06,361 | INFO     | [USDJPY] Position open — skipping.
2026-04-23 15:45:06,362 | INFO     | — scan complete — sleeping 60s —
2026-04-23 15:45:46,756 | ERROR    | Lost MT5 connection.
2026-04-23 15:45:46,756 | INFO     | MT5 disconnected. Goodbye.
2026-04-23 15:46:06,363 | ERROR    | Lost MT5 connection.
2026-04-23 15:46:06,363 | INFO     | MT5 disconnected. Goodbye.
